#
# A fatal error has been detected by the Java Runtime Environment:
#
#  SIGSEGV (0xb) at pc=0x0000770bd39b8d03, pid=16546, tid=16579
#
# JRE version: OpenJDK Runtime Environment (21.0.11+10) (build 21.0.11+10-1-24.04.2-Ubuntu)
# Java VM: OpenJDK 64-Bit Server VM (21.0.11+10-1-24.04.2-Ubuntu, mixed mode, sharing, tiered, compressed oops, compressed class ptrs, g1 gc, linux-amd64)
# Problematic frame:
# V  [libjvm.so+0x9b8d03]  jni_invoke_nonstatic(JNIEnv_*, JavaValue*, _jobject*, JNICallType, _jmethodID*, JNI_ArgumentPusher*, JavaThread*) [clone .constprop.1]+0x43
#
# Core dump will be written. Default location: Core dumps may be processed with "/usr/share/apport/apport -p%p -s%s -c%c -d%d -P%P -u%u -g%g -F%F -- %E" (or dumping to /home/bloch/Documents/P/cmp/core.16546)
#
# If you would like to submit a bug report, please visit:
#   https://bugs.launchpad.net/ubuntu/+source/openjdk-21
#

---------------  S U M M A R Y ------------

Command Line: -Djdk.gtk.version=3 --add-modules=javafx.controls,javafx.fxml,javafx.media --module-path=/home/bloch/.gradle/caches/modules-2/files-2.1/org.openjfx/javafx-fxml/21/b750203c47c36fec228b9573782f960464d01ca8/javafx-fxml-21-linux.jar:/home/bloch/.gradle/caches/modules-2/files-2.1/org.openjfx/javafx-controls/21/db6e8350bc0dbf96d19adb38e93d6126b4e2f052/javafx-controls-21-linux.jar:/home/bloch/.gradle/caches/modules-2/files-2.1/org.openjfx/javafx-media/21/315b8fbe3a887e0a615320c123a7d39995557d0a/javafx-media-21-linux.jar:/home/bloch/.gradle/caches/modules-2/files-2.1/org.openjfx/javafx-graphics/21/a734e04a70edc6b76f3628e88ca097513560ab17/javafx-graphics-21-linux.jar:/home/bloch/.gradle/caches/modules-2/files-2.1/org.openjfx/javafx-base/21/c1ad0fb1259de26d47a7184ebf40bc6bb88e753f/javafx-base-21-linux.jar --add-modules=javafx.controls,javafx.fxml,javafx.media -Dfile.encoding=UTF-8 -Duser.country=FR -Duser.language=fr -Duser.variant com.luciferc137.cmp.MainApp

Host: 11th Gen Intel(R) Core(TM) i5-1135G7 @ 2.40GHz, 8 cores, 15G, Ubuntu 24.04.4 LTS
Time: Sun Aug 16 17:55:52 2026 CEST elapsed time: 11.494368 seconds (0d 0h 0m 11s)

---------------  T H R E A D  ---------------

Current thread (0x0000770bcc3d2230):  JavaThread "JavaFX Application Thread"        [_thread_in_vm, id=16579, stack(0x0000770afe5ff000,0x0000770afe6ff000) (1024K)]

Stack: [0x0000770afe5ff000,0x0000770afe6ff000],  sp=0x0000770afe6faae0,  free space=1006k
Native frames: (J=compiled Java code, j=interpreted, Vv=VM code, C=native code)
V  [libjvm.so+0x9b8d03]  jni_invoke_nonstatic(JNIEnv_*, JavaValue*, _jobject*, JNICallType, _jmethodID*, JNI_ArgumentPusher*, JavaThread*) [clone .constprop.1]+0x43
V  [libjvm.so+0x9cc0c1]  jni_CallVoidMethodV+0x1d1
C  [libglassgtk3.so+0x16ec1]  JNIEnv_::CallVoidMethod(_jobject*, _jmethodID*, ...)+0x81
C  [libglassgtk3.so+0x22ce5]  WindowContextBase::process_key(_GdkEventKey*)+0x195
C  [libglassgtk3.so+0x25118]  WindowContextBase::im_filter_keypress(_GdkEventKey*)+0x1e8
C  [libglassgtk3.so+0x17590]
C  [libgdk-3.so.0+0x3a407]
C  [libgdk-3.so.0+0x93e2e]
C  [libglib-2.0.so.0+0x5d585]
C  [libglib-2.0.so.0+0xbc977]
C  [libglib-2.0.so.0+0x5df47]  g_main_loop_run+0x127
C  [libgtk-3.so.0+0x1febc5]  gtk_main+0x85
j  com.sun.glass.ui.gtk.GtkApplication.enterNestedEventLoopImpl()V+0 javafx.graphics@21
j  com.sun.glass.ui.gtk.GtkApplication._enterNestedEventLoop()Ljava/lang/Object;+15 javafx.graphics@21
j  com.sun.glass.ui.Application.enterNestedEventLoop()Ljava/lang/Object;+14 javafx.graphics@21
j  com.sun.glass.ui.EventLoop.enter()Ljava/lang/Object;+42 javafx.graphics@21
j  com.sun.javafx.tk.quantum.QuantumToolkit.enterNestedEventLoop(Ljava/lang/Object;)Ljava/lang/Object;+98 javafx.graphics@21
j  javafx.stage.Stage.showAndWait()V+93 javafx.graphics@21
j  javafx.scene.control.HeavyweightDialog.showAndWait()V+22 javafx.controls@21
j  javafx.scene.control.Dialog.showAndWait()Ljava/util/Optional;+86 javafx.controls@21
j  com.luciferc137.cmp.ui.settings.SettingsController.showCreateTagDialog(Ljava/lang/Runnable;)V+34
j  com.luciferc137.cmp.ui.settings.SettingsController.onCreateTag(Ljavafx/event/ActionEvent;)V+6
j  java.lang.invoke.DirectMethodHandle$Holder.invokeVirtual(Ljava/lang/Object;Ljava/lang/Object;Ljava/lang/Object;)V+11 java.base@21.0.11
j  java.lang.invoke.LambdaForm$MH+0x0000770b5417c800.invoke(Ljava/lang/Object;Ljava/lang/Object;Ljava/lang/Object;)Ljava/lang/Object;+52 java.base@21.0.11
J 5963 c2 jdk.internal.reflect.DirectMethodHandleAccessor.invoke(Ljava/lang/Object;[Ljava/lang/Object;)Ljava/lang/Object; java.base@21.0.11 (92 bytes) @ 0x0000770bbc600278 [0x0000770bbc6001a0+0x00000000000000d8]
J 5866 c1 com.sun.javafx.reflect.MethodUtil.invoke(Ljava/lang/reflect/Method;Ljava/lang/Object;[Ljava/lang/Object;)Ljava/lang/Object; javafx.base@21 (111 bytes) @ 0x0000770bb53f7fcc [0x0000770bb53f5f60+0x000000000000206c]
J 5865 c1 com.sun.javafx.fxml.MethodHelper.invoke(Ljava/lang/reflect/Method;Ljava/lang/Object;[Ljava/lang/Object;)Ljava/lang/Object; javafx.fxml@21 (146 bytes) @ 0x0000770bb53f367c [0x0000770bb53f2e40+0x000000000000083c]
j  javafx.fxml.FXMLLoader$MethodHandler.invoke([Ljava/lang/Object;)V+19 javafx.fxml@21
j  javafx.fxml.FXMLLoader$ControllerMethodEventHandler.handle(Ljavafx/event/Event;)V+12 javafx.fxml@21
J 6369 c1 com.sun.javafx.event.CompositeEventHandler.dispatchBubblingEvent(Ljavafx/event/Event;)V javafx.base@21 (57 bytes) @ 0x0000770bb55706cc [0x0000770bb5570300+0x00000000000003cc]
J 6497 c2 com.sun.javafx.event.EventHandlerManager.dispatchBubblingEvent(Ljavafx/event/EventType;Ljavafx/event/Event;)Ljavafx/event/Event; javafx.base@21 (41 bytes) @ 0x0000770bbc67affc [0x0000770bbc67ae60+0x000000000000019c]
J 5560 c1 com.sun.javafx.event.EventHandlerManager.dispatchBubblingEvent(Ljavafx/event/Event;)Ljavafx/event/Event; javafx.base@21 (23 bytes) @ 0x0000770bb53450c4 [0x0000770bb5344f60+0x0000000000000164]
J 5559 c1 com.sun.javafx.event.CompositeEventDispatcher.dispatchBubblingEvent(Ljavafx/event/Event;)Ljavafx/event/Event; javafx.base@21 (35 bytes) @ 0x0000770bb5345734 [0x0000770bb5345560+0x00000000000001d4]
J 5520 c1 com.sun.javafx.event.BasicEventDispatcher.dispatchEvent(Ljavafx/event/Event;Ljavafx/event/EventDispatchChain;)Ljavafx/event/Event; javafx.base@21 (44 bytes) @ 0x0000770bb5315744 [0x0000770bb5315400+0x0000000000000344]
J 5510 c1 com.sun.javafx.event.EventDispatchChainImpl.dispatchEvent(Ljavafx/event/Event;)Ljavafx/event/Event; javafx.base@21 (101 bytes) @ 0x0000770bb5312e74 [0x0000770bb5312cc0+0x00000000000001b4]
J 5520 c1 com.sun.javafx.event.BasicEventDispatcher.dispatchEvent(Ljavafx/event/Event;Ljavafx/event/EventDispatchChain;)Ljavafx/event/Event; javafx.base@21 (44 bytes) @ 0x0000770bb531565c [0x0000770bb5315400+0x000000000000025c]
J 5510 c1 com.sun.javafx.event.EventDispatchChainImpl.dispatchEvent(Ljavafx/event/Event;)Ljavafx/event/Event; javafx.base@21 (101 bytes) @ 0x0000770bb5312e74 [0x0000770bb5312cc0+0x00000000000001b4]
J 5520 c1 com.sun.javafx.event.BasicEventDispatcher.dispatchEvent(Ljavafx/event/Event;Ljavafx/event/EventDispatchChain;)Ljavafx/event/Event; javafx.base@21 (44 bytes) @ 0x0000770bb531565c [0x0000770bb5315400+0x000000000000025c]
J 5510 c1 com.sun.javafx.event.EventDispatchChainImpl.dispatchEvent(Ljavafx/event/Event;)Ljavafx/event/Event; javafx.base@21 (101 bytes) @ 0x0000770bb5312e74 [0x0000770bb5312cc0+0x00000000000001b4]
J 5825 c1 com.sun.javafx.event.EventUtil.fireEvent(Ljavafx/event/EventTarget;Ljavafx/event/Event;)Ljavafx/event/Event; javafx.base@21 (81 bytes) @ 0x0000770bb53ddff4 [0x0000770bb53dd340+0x0000000000000cb4]
J 5824 c1 javafx.event.Event.fireEvent(Ljavafx/event/EventTarget;Ljavafx/event/Event;)V javafx.base@21 (35 bytes) @ 0x0000770bb53dcc9c [0x0000770bb53dcbe0+0x00000000000000bc]
j  javafx.scene.Node.fireEvent(Ljavafx/event/Event;)V+86 javafx.graphics@21
j  javafx.scene.control.Button.fire()V+15 javafx.controls@21
j  com.sun.javafx.scene.control.behavior.ButtonBehavior.mouseReleased(Ljavafx/scene/input/MouseEvent;)V+27 javafx.controls@21
j  com.sun.javafx.scene.control.behavior.ButtonBehavior$$Lambda+0x0000770b5432b330.handle(Ljavafx/event/Event;)V+8 javafx.controls@21
j  com.sun.javafx.scene.control.inputmap.InputMap.handle(Ljavafx/event/Event;)V+61 javafx.controls@21
j  com.sun.javafx.scene.control.inputmap.InputMap$$Lambda+0x0000770b5432a630.handle(Ljavafx/event/Event;)V+5 javafx.controls@21
J 6357 c1 com.sun.javafx.event.CompositeEventHandler$NormalEventHandlerRecord.handleBubblingEvent(Ljavafx/event/Event;)V javafx.base@21 (11 bytes) @ 0x0000770bb55667d4 [0x0000770bb55666c0+0x0000000000000114]
J 6369 c1 com.sun.javafx.event.CompositeEventHandler.dispatchBubblingEvent(Ljavafx/event/Event;)V javafx.base@21 (57 bytes) @ 0x0000770bb557055c [0x0000770bb5570300+0x000000000000025c]
J 6497 c2 com.sun.javafx.event.EventHandlerManager.dispatchBubblingEvent(Ljavafx/event/EventType;Ljavafx/event/Event;)Ljavafx/event/Event; javafx.base@21 (41 bytes) @ 0x0000770bbc67affc [0x0000770bbc67ae60+0x000000000000019c]
J 5560 c1 com.sun.javafx.event.EventHandlerManager.dispatchBubblingEvent(Ljavafx/event/Event;)Ljavafx/event/Event; javafx.base@21 (23 bytes) @ 0x0000770bb53450c4 [0x0000770bb5344f60+0x0000000000000164]
J 5559 c1 com.sun.javafx.event.CompositeEventDispatcher.dispatchBubblingEvent(Ljavafx/event/Event;)Ljavafx/event/Event; javafx.base@21 (35 bytes) @ 0x0000770bb5345734 [0x0000770bb5345560+0x00000000000001d4]
J 5520 c1 com.sun.javafx.event.BasicEventDispatcher.dispatchEvent(Ljavafx/event/Event;Ljavafx/event/EventDispatchChain;)Ljavafx/event/Event; javafx.base@21 (44 bytes) @ 0x0000770bb5315744 [0x0000770bb5315400+0x0000000000000344]
J 5510 c1 com.sun.javafx.event.EventDispatchChainImpl.dispatchEvent(Ljavafx/event/Event;)Ljavafx/event/Event; javafx.base@21 (101 bytes) @ 0x0000770bb5312e74 [0x0000770bb5312cc0+0x00000000000001b4]
J 5520 c1 com.sun.javafx.event.BasicEventDispatcher.dispatchEvent(Ljavafx/event/Event;Ljavafx/event/EventDispatchChain;)Ljavafx/event/Event; javafx.base@21 (44 bytes) @ 0x0000770bb531565c [0x0000770bb5315400+0x000000000000025c]
J 5510 c1 com.sun.javafx.event.EventDispatchChainImpl.dispatchEvent(Ljavafx/event/Event;)Ljavafx/event/Event; javafx.base@21 (101 bytes) @ 0x0000770bb5312e74 [0x0000770bb5312cc0+0x00000000000001b4]
J 5520 c1 com.sun.javafx.event.BasicEventDispatcher.dispatchEvent(Ljavafx/event/Event;Ljavafx/event/EventDispatchChain;)Ljavafx/event/Event; javafx.base@21 (44 bytes) @ 0x0000770bb531565c [0x0000770bb5315400+0x000000000000025c]
J 5510 c1 com.sun.javafx.event.EventDispatchChainImpl.dispatchEvent(Ljavafx/event/Event;)Ljavafx/event/Event; javafx.base@21 (101 bytes) @ 0x0000770bb5312e74 [0x0000770bb5312cc0+0x00000000000001b4]
J 5825 c1 com.sun.javafx.event.EventUtil.fireEvent(Ljavafx/event/EventTarget;Ljavafx/event/Event;)Ljavafx/event/Event; javafx.base@21 (81 bytes) @ 0x0000770bb53ddc2c [0x0000770bb53dd340+0x00000000000008ec]
J 6397 c1 javafx.scene.Scene$MouseHandler.process(Ljavafx/scene/input/MouseEvent;Z)V javafx.graphics@21 (793 bytes) @ 0x0000770bb558349c [0x0000770bb5581640+0x0000000000001e5c]
j  javafx.scene.Scene.processMouseEvent(Ljavafx/scene/input/MouseEvent;)V+6 javafx.graphics@21
j  javafx.scene.Scene$ScenePeerListener.mouseEvent(Ljavafx/event/EventType;DDDDLjavafx/scene/input/MouseButton;ZZZZZZZZZZZ)V+50 javafx.graphics@21
j  com.sun.javafx.tk.quantum.GlassViewEventHandler$MouseEventNotification.run()Ljava/lang/Void;+650 javafx.graphics@21
j  com.sun.javafx.tk.quantum.GlassViewEventHandler$MouseEventNotification.run()Ljava/lang/Object;+1 javafx.graphics@21
J 5598 c1 java.security.AccessController.doPrivileged(Ljava/security/PrivilegedAction;Ljava/security/AccessControlContext;)Ljava/lang/Object; java.base@21.0.11 (17 bytes) @ 0x0000770bb5352f6c [0x0000770bb5352d80+0x00000000000001ec]
j  com.sun.javafx.tk.quantum.GlassViewEventHandler.lambda$handleMouseEvent$2()Ljava/lang/Void;+11 javafx.graphics@21
j  com.sun.javafx.tk.quantum.GlassViewEventHandler$$Lambda+0x0000770b543e3320.get()Ljava/lang/Object;+4 javafx.graphics@21
J 6330 c1 com.sun.javafx.tk.quantum.QuantumToolkit.runWithoutRenderLock(Ljava/util/function/Supplier;)Ljava/lang/Object; javafx.graphics@21 (49 bytes) @ 0x0000770bb555345c [0x0000770bb5552f80+0x00000000000004dc]
j  com.sun.javafx.tk.quantum.GlassViewEventHandler.handleMouseEvent(Lcom/sun/glass/ui/View;JIIIIIIIZZ)V+103 javafx.graphics@21
j  com.sun.glass.ui.View.handleMouseEvent(JIIIIIIIZZ)V+30 javafx.graphics@21
J 6483 c1 com.sun.glass.ui.View.notifyMouse(IIIIIIIZZ)V javafx.graphics@21 (221 bytes) @ 0x0000770bb55c256c [0x0000770bb55c18a0+0x0000000000000ccc]
v  ~StubRoutines::call_stub 0x0000770bbbd37cc6
V  [libjvm.so+0x91456a]  JavaCalls::call_helper(JavaValue*, methodHandle const&, JavaCallArguments*, JavaThread*)+0x2da
V  [libjvm.so+0x9b8eca]  jni_invoke_nonstatic(JNIEnv_*, JavaValue*, _jobject*, JNICallType, _jmethodID*, JNI_ArgumentPusher*, JavaThread*) [clone .constprop.1]+0x20a
V  [libjvm.so+0x9cc0c1]  jni_CallVoidMethodV+0x1d1
C  [libglassgtk3.so+0x16ec1]  JNIEnv_::CallVoidMethod(_jobject*, _jmethodID*, ...)+0x81
C  [libglassgtk3.so+0x2265d]  WindowContextBase::process_mouse_button(_GdkEventButton*)+0x11d
C  [libglassgtk3.so+0x176e7]
C  [libgdk-3.so.0+0x3a407]
C  [libgdk-3.so.0+0x93e2e]
C  [libglib-2.0.so.0+0x5d585]
C  [libglib-2.0.so.0+0xbc977]
C  [libglib-2.0.so.0+0x5df47]  g_main_loop_run+0x127
C  [libgtk-3.so.0+0x1febc5]  gtk_main+0x85
C  [libglassgtk3.so+0x172e2]  Java_com_sun_glass_ui_gtk_GtkApplication__1runLoop+0x52
j  com.sun.glass.ui.gtk.GtkApplication._runLoop(Ljava/lang/Runnable;Z)V+0 javafx.graphics@21
j  com.sun.glass.ui.gtk.GtkApplication.lambda$runLoop$10(Ljava/lang/Runnable;Z)V+7 javafx.graphics@21
j  com.sun.glass.ui.gtk.GtkApplication$$Lambda+0x0000770b54037c88.run()V+12 javafx.graphics@21
j  java.lang.Thread.runWith(Ljava/lang/Object;Ljava/lang/Runnable;)V+5 java.base@21.0.11
j  java.lang.Thread.run()V+19 java.base@21.0.11
v  ~StubRoutines::call_stub 0x0000770bbbd37cc6
V  [libjvm.so+0x91456a]  JavaCalls::call_helper(JavaValue*, methodHandle const&, JavaCallArguments*, JavaThread*)+0x2da
V  [libjvm.so+0x915d52]  JavaCalls::call_virtual(JavaValue*, Handle, Klass*, Symbol*, Symbol*, JavaThread*)+0x1a2
V  [libjvm.so+0x9f1073]  thread_entry(JavaThread*, JavaThread*)+0x93
V  [libjvm.so+0x92c516]  JavaThread::thread_main_inner()+0x1e6
V  [libjvm.so+0xf90cb7]  Thread::call_run()+0xa7
V  [libjvm.so+0xd06fd5]  thread_native_entry(Thread*)+0xd5
C  [libc.so.6+0x9cb84]
Java frames: (J=compiled Java code, j=interpreted, Vv=VM code)
j  com.sun.glass.ui.gtk.GtkApplication.enterNestedEventLoopImpl()V+0 javafx.graphics@21
j  com.sun.glass.ui.gtk.GtkApplication._enterNestedEventLoop()Ljava/lang/Object;+15 javafx.graphics@21
j  com.sun.glass.ui.Application.enterNestedEventLoop()Ljava/lang/Object;+14 javafx.graphics@21
j  com.sun.glass.ui.EventLoop.enter()Ljava/lang/Object;+42 javafx.graphics@21
j  com.sun.javafx.tk.quantum.QuantumToolkit.enterNestedEventLoop(Ljava/lang/Object;)Ljava/lang/Object;+98 javafx.graphics@21
j  javafx.stage.Stage.showAndWait()V+93 javafx.graphics@21
j  javafx.scene.control.HeavyweightDialog.showAndWait()V+22 javafx.controls@21
j  javafx.scene.control.Dialog.showAndWait()Ljava/util/Optional;+86 javafx.controls@21
j  com.luciferc137.cmp.ui.settings.SettingsController.showCreateTagDialog(Ljava/lang/Runnable;)V+34
j  com.luciferc137.cmp.ui.settings.SettingsController.onCreateTag(Ljavafx/event/ActionEvent;)V+6
j  java.lang.invoke.DirectMethodHandle$Holder.invokeVirtual(Ljava/lang/Object;Ljava/lang/Object;Ljava/lang/Object;)V+11 java.base@21.0.11
j  java.lang.invoke.LambdaForm$MH+0x0000770b5417c800.invoke(Ljava/lang/Object;Ljava/lang/Object;Ljava/lang/Object;)Ljava/lang/Object;+52 java.base@21.0.11
J 5963 c2 jdk.internal.reflect.DirectMethodHandleAccessor.invoke(Ljava/lang/Object;[Ljava/lang/Object;)Ljava/lang/Object; java.base@21.0.11 (92 bytes) @ 0x0000770bbc600278 [0x0000770bbc6001a0+0x00000000000000d8]
J 5866 c1 com.sun.javafx.reflect.MethodUtil.invoke(Ljava/lang/reflect/Method;Ljava/lang/Object;[Ljava/lang/Object;)Ljava/lang/Object; javafx.base@21 (111 bytes) @ 0x0000770bb53f7fcc [0x0000770bb53f5f60+0x000000000000206c]
J 5865 c1 com.sun.javafx.fxml.MethodHelper.invoke(Ljava/lang/reflect/Method;Ljava/lang/Object;[Ljava/lang/Object;)Ljava/lang/Object; javafx.fxml@21 (146 bytes) @ 0x0000770bb53f367c [0x0000770bb53f2e40+0x000000000000083c]
j  javafx.fxml.FXMLLoader$MethodHandler.invoke([Ljava/lang/Object;)V+19 javafx.fxml@21
j  javafx.fxml.FXMLLoader$ControllerMethodEventHandler.handle(Ljavafx/event/Event;)V+12 javafx.fxml@21
J 6369 c1 com.sun.javafx.event.CompositeEventHandler.dispatchBubblingEvent(Ljavafx/event/Event;)V javafx.base@21 (57 bytes) @ 0x0000770bb55706cc [0x0000770bb5570300+0x00000000000003cc]
J 6497 c2 com.sun.javafx.event.EventHandlerManager.dispatchBubblingEvent(Ljavafx/event/EventType;Ljavafx/event/Event;)Ljavafx/event/Event; javafx.base@21 (41 bytes) @ 0x0000770bbc67affc [0x0000770bbc67ae60+0x000000000000019c]
J 5560 c1 com.sun.javafx.event.EventHandlerManager.dispatchBubblingEvent(Ljavafx/event/Event;)Ljavafx/event/Event; javafx.base@21 (23 bytes) @ 0x0000770bb53450c4 [0x0000770bb5344f60+0x0000000000000164]
J 5559 c1 com.sun.javafx.event.CompositeEventDispatcher.dispatchBubblingEvent(Ljavafx/event/Event;)Ljavafx/event/Event; javafx.base@21 (35 bytes) @ 0x0000770bb5345734 [0x0000770bb5345560+0x00000000000001d4]
J 5520 c1 com.sun.javafx.event.BasicEventDispatcher.dispatchEvent(Ljavafx/event/Event;Ljavafx/event/EventDispatchChain;)Ljavafx/event/Event; javafx.base@21 (44 bytes) @ 0x0000770bb5315744 [0x0000770bb5315400+0x0000000000000344]
J 5510 c1 com.sun.javafx.event.EventDispatchChainImpl.dispatchEvent(Ljavafx/event/Event;)Ljavafx/event/Event; javafx.base@21 (101 bytes) @ 0x0000770bb5312e74 [0x0000770bb5312cc0+0x00000000000001b4]
J 5520 c1 com.sun.javafx.event.BasicEventDispatcher.dispatchEvent(Ljavafx/event/Event;Ljavafx/event/EventDispatchChain;)Ljavafx/event/Event; javafx.base@21 (44 bytes) @ 0x0000770bb531565c [0x0000770bb5315400+0x000000000000025c]
J 5510 c1 com.sun.javafx.event.EventDispatchChainImpl.dispatchEvent(Ljavafx/event/Event;)Ljavafx/event/Event; javafx.base@21 (101 bytes) @ 0x0000770bb5312e74 [0x0000770bb5312cc0+0x00000000000001b4]
J 5520 c1 com.sun.javafx.event.BasicEventDispatcher.dispatchEvent(Ljavafx/event/Event;Ljavafx/event/EventDispatchChain;)Ljavafx/event/Event; javafx.base@21 (44 bytes) @ 0x0000770bb531565c [0x0000770bb5315400+0x000000000000025c]
J 5510 c1 com.sun.javafx.event.EventDispatchChainImpl.dispatchEvent(Ljavafx/event/Event;)Ljavafx/event/Event; javafx.base@21 (101 bytes) @ 0x0000770bb5312e74 [0x0000770bb5312cc0+0x00000000000001b4]
J 5825 c1 com.sun.javafx.event.EventUtil.fireEvent(Ljavafx/event/EventTarget;Ljavafx/event/Event;)Ljavafx/event/Event; javafx.base@21 (81 bytes) @ 0x0000770bb53ddff4 [0x0000770bb53dd340+0x0000000000000cb4]
J 5824 c1 javafx.event.Event.fireEvent(Ljavafx/event/EventTarget;Ljavafx/event/Event;)V javafx.base@21 (35 bytes) @ 0x0000770bb53dcc9c [0x0000770bb53dcbe0+0x00000000000000bc]
j  javafx.scene.Node.fireEvent(Ljavafx/event/Event;)V+86 javafx.graphics@21
j  javafx.scene.control.Button.fire()V+15 javafx.controls@21
j  com.sun.javafx.scene.control.behavior.ButtonBehavior.mouseReleased(Ljavafx/scene/input/MouseEvent;)V+27 javafx.controls@21
j  com.sun.javafx.scene.control.behavior.ButtonBehavior$$Lambda+0x0000770b5432b330.handle(Ljavafx/event/Event;)V+8 javafx.controls@21
j  com.sun.javafx.scene.control.inputmap.InputMap.handle(Ljavafx/event/Event;)V+61 javafx.controls@21
j  com.sun.javafx.scene.control.inputmap.InputMap$$Lambda+0x0000770b5432a630.handle(Ljavafx/event/Event;)V+5 javafx.controls@21
J 6357 c1 com.sun.javafx.event.CompositeEventHandler$NormalEventHandlerRecord.handleBubblingEvent(Ljavafx/event/Event;)V javafx.base@21 (11 bytes) @ 0x0000770bb55667d4 [0x0000770bb55666c0+0x0000000000000114]
J 6369 c1 com.sun.javafx.event.CompositeEventHandler.dispatchBubblingEvent(Ljavafx/event/Event;)V javafx.base@21 (57 bytes) @ 0x0000770bb557055c [0x0000770bb5570300+0x000000000000025c]
J 6497 c2 com.sun.javafx.event.EventHandlerManager.dispatchBubblingEvent(Ljavafx/event/EventType;Ljavafx/event/Event;)Ljavafx/event/Event; javafx.base@21 (41 bytes) @ 0x0000770bbc67affc [0x0000770bbc67ae60+0x000000000000019c]
J 5560 c1 com.sun.javafx.event.EventHandlerManager.dispatchBubblingEvent(Ljavafx/event/Event;)Ljavafx/event/Event; javafx.base@21 (23 bytes) @ 0x0000770bb53450c4 [0x0000770bb5344f60+0x0000000000000164]
J 5559 c1 com.sun.javafx.event.CompositeEventDispatcher.dispatchBubblingEvent(Ljavafx/event/Event;)Ljavafx/event/Event; javafx.base@21 (35 bytes) @ 0x0000770bb5345734 [0x0000770bb5345560+0x00000000000001d4]
J 5520 c1 com.sun.javafx.event.BasicEventDispatcher.dispatchEvent(Ljavafx/event/Event;Ljavafx/event/EventDispatchChain;)Ljavafx/event/Event; javafx.base@21 (44 bytes) @ 0x0000770bb5315744 [0x0000770bb5315400+0x0000000000000344]
J 5510 c1 com.sun.javafx.event.EventDispatchChainImpl.dispatchEvent(Ljavafx/event/Event;)Ljavafx/event/Event; javafx.base@21 (101 bytes) @ 0x0000770bb5312e74 [0x0000770bb5312cc0+0x00000000000001b4]
J 5520 c1 com.sun.javafx.event.BasicEventDispatcher.dispatchEvent(Ljavafx/event/Event;Ljavafx/event/EventDispatchChain;)Ljavafx/event/Event; javafx.base@21 (44 bytes) @ 0x0000770bb531565c [0x0000770bb5315400+0x000000000000025c]
J 5510 c1 com.sun.javafx.event.EventDispatchChainImpl.dispatchEvent(Ljavafx/event/Event;)Ljavafx/event/Event; javafx.base@21 (101 bytes) @ 0x0000770bb5312e74 [0x0000770bb5312cc0+0x00000000000001b4]
J 5520 c1 com.sun.javafx.event.BasicEventDispatcher.dispatchEvent(Ljavafx/event/Event;Ljavafx/event/EventDispatchChain;)Ljavafx/event/Event; javafx.base@21 (44 bytes) @ 0x0000770bb531565c [0x0000770bb5315400+0x000000000000025c]
J 5510 c1 com.sun.javafx.event.EventDispatchChainImpl.dispatchEvent(Ljavafx/event/Event;)Ljavafx/event/Event; javafx.base@21 (101 bytes) @ 0x0000770bb5312e74 [0x0000770bb5312cc0+0x00000000000001b4]
J 5825 c1 com.sun.javafx.event.EventUtil.fireEvent(Ljavafx/event/EventTarget;Ljavafx/event/Event;)Ljavafx/event/Event; javafx.base@21 (81 bytes) @ 0x0000770bb53ddc2c [0x0000770bb53dd340+0x00000000000008ec]
J 6397 c1 javafx.scene.Scene$MouseHandler.process(Ljavafx/scene/input/MouseEvent;Z)V javafx.graphics@21 (793 bytes) @ 0x0000770bb558349c [0x0000770bb5581640+0x0000000000001e5c]
j  javafx.scene.Scene.processMouseEvent(Ljavafx/scene/input/MouseEvent;)V+6 javafx.graphics@21
j  javafx.scene.Scene$ScenePeerListener.mouseEvent(Ljavafx/event/EventType;DDDDLjavafx/scene/input/MouseButton;ZZZZZZZZZZZ)V+50 javafx.graphics@21
j  com.sun.javafx.tk.quantum.GlassViewEventHandler$MouseEventNotification.run()Ljava/lang/Void;+650 javafx.graphics@21
j  com.sun.javafx.tk.quantum.GlassViewEventHandler$MouseEventNotification.run()Ljava/lang/Object;+1 javafx.graphics@21
J 5598 c1 java.security.AccessController.doPrivileged(Ljava/security/PrivilegedAction;Ljava/security/AccessControlContext;)Ljava/lang/Object; java.base@21.0.11 (17 bytes) @ 0x0000770bb5352f6c [0x0000770bb5352d80+0x00000000000001ec]
j  com.sun.javafx.tk.quantum.GlassViewEventHandler.lambda$handleMouseEvent$2()Ljava/lang/Void;+11 javafx.graphics@21
j  com.sun.javafx.tk.quantum.GlassViewEventHandler$$Lambda+0x0000770b543e3320.get()Ljava/lang/Object;+4 javafx.graphics@21
J 6330 c1 com.sun.javafx.tk.quantum.QuantumToolkit.runWithoutRenderLock(Ljava/util/function/Supplier;)Ljava/lang/Object; javafx.graphics@21 (49 bytes) @ 0x0000770bb555345c [0x0000770bb5552f80+0x00000000000004dc]
j  com.sun.javafx.tk.quantum.GlassViewEventHandler.handleMouseEvent(Lcom/sun/glass/ui/View;JIIIIIIIZZ)V+103 javafx.graphics@21
j  com.sun.glass.ui.View.handleMouseEvent(JIIIIIIIZZ)V+30 javafx.graphics@21
J 6483 c1 com.sun.glass.ui.View.notifyMouse(IIIIIIIZZ)V javafx.graphics@21 (221 bytes) @ 0x0000770bb55c256c [0x0000770bb55c18a0+0x0000000000000ccc]
v  ~StubRoutines::call_stub 0x0000770bbbd37cc6
j  com.sun.glass.ui.gtk.GtkApplication._runLoop(Ljava/lang/Runnable;Z)V+0 javafx.graphics@21
j  com.sun.glass.ui.gtk.GtkApplication.lambda$runLoop$10(Ljava/lang/Runnable;Z)V+7 javafx.graphics@21
j  com.sun.glass.ui.gtk.GtkApplication$$Lambda+0x0000770b54037c88.run()V+12 javafx.graphics@21
j  java.lang.Thread.runWith(Ljava/lang/Object;Ljava/lang/Runnable;)V+5 java.base@21.0.11
j  java.lang.Thread.run()V+19 java.base@21.0.11
v  ~StubRoutines::call_stub 0x0000770bbbd37cc6

siginfo: si_signo: 11 (SIGSEGV), si_code: 128 (SI_KERNEL), si_addr: 0x0000000000000000

Registers:
RAX=0x0000000000000003, RBX=0x0000770bcc3d2230, RCX=0x0000770afe6fac70, RDX=0x0000770bcc2fa878
RSP=0x0000770afe6faae0, RBP=0x0000770afe6fac10, RSI=0x6d2f736568636163, RDI=0x0000770afe6fac30
R8 =0x0000770bcc3d2230, R9 =0x0000770b4f518578, R10=0x0000770bd454b560, R11=0x0000770bbc5d15c0
R12=0x0000770afe6fac70, R13=0x0000770afe6fac30, R14=0x0000770bcc2fa878, R15=0x0000770afe6fac70
RIP=0x0000770bd39b8d03, EFLAGS=0x0000000000010202, CSGSFS=0x002b000000000033, ERR=0x0000000000000000
  TRAPNO=0x000000000000000d

XMM[0]=0x0000000000000000 0x0000770bcc3d2230
XMM[1]=0x0000770bcc3d2230 0x0000770b4f518578
XMM[2]=0x0000770afe6fae10 0x0000003000000018
XMM[3]=0x0000000000000000 0x0000770bbbd3ea90
XMM[4]=0x0000770afe6fa008 0x0000770000000000
XMM[5]=0x0000000000000000 0x0000770bcc3d2230
XMM[6]=0x0000000000000000 0x0000770bcc3d2230
XMM[7]=0x3064353162393437 0x3564393236323034
XMM[8]=0x6262323038313637 0x3830306237323938
XMM[9]=0xd52aabb6d52aabb6 0xd52aabb67348a980
XMM[10]=0x0000000000000000 0x000000009e1dfdca
XMM[11]=0x8b95c3f28b95c3f2 0x8b95c3f2fede6d72
XMM[12]=0x0000000000000000 0x000000007348a980
XMM[13]=0x0000000000000000 0x4008000000000000
XMM[14]=0x0000000000000000 0xc018000000000000
XMM[15]=0x0000000000000000 0x3eded891f74a0000
  MXCSR=0x00001faf


Register to memory mapping:

RAX=0x0000000000000003 is an unknown value
RBX=0x0000770bcc3d2230 is a thread
RCX=0x0000770afe6fac70 is pointing into the stack for thread: 0x0000770bcc3d2230
RDX=0x0000770bcc2fa878 points into unknown readable memory: 0x0000770b4f518578 | 78 85 51 4f 0b 77 00 00
RSP=0x0000770afe6faae0 is pointing into the stack for thread: 0x0000770bcc3d2230
RBP=0x0000770afe6fac10 is pointing into the stack for thread: 0x0000770bcc3d2230
RSI=0x6d2f736568636163 is an unknown value
RDI=0x0000770afe6fac30 is pointing into the stack for thread: 0x0000770bcc3d2230
R8 =0x0000770bcc3d2230 is a thread
R9 ={method} {0x0000770b4f518578} 'notifyKey' '(II[CI)V' in 'com/sun/glass/ui/View'
R10=0x0000770bd454b560: <offset 0x000000000154b560> in /usr/lib/jvm/java-21-openjdk-amd64/lib/server/libjvm.so at 0x0000770bd3000000
R11=0x0000770bbc5d15c0 is at entry_point+32 in (nmethod*)0x0000770bbc5d1410
Compiled method (c1) 11500 5675       1       com.sun.javafx.tk.quantum.WindowStage::setInAllowedEventHandler (6 bytes)
 total in heap  [0x0000770bbc5d1410,0x0000770bbc5d16a0] = 656
 relocation     [0x0000770bbc5d1568,0x0000770bbc5d1590] = 40
 main code      [0x0000770bbc5d15a0,0x0000770bbc5d1638] = 152
 stub code      [0x0000770bbc5d1638,0x0000770bbc5d1668] = 48
 oops           [0x0000770bbc5d1668,0x0000770bbc5d1670] = 8
 scopes data    [0x0000770bbc5d1670,0x0000770bbc5d1678] = 8
 scopes pcs     [0x0000770bbc5d1678,0x0000770bbc5d1698] = 32
 dependencies   [0x0000770bbc5d1698,0x0000770bbc5d16a0] = 8
0x0000770bbc5d15c0:   89 84 24 00 c0 fe ff 55 48 83 ec 20 41 81 7f 20
0x0000770bbc5d15d0:   03 00 00 00 74 05 
R12=0x0000770afe6fac70 is pointing into the stack for thread: 0x0000770bcc3d2230
R13=0x0000770afe6fac30 is pointing into the stack for thread: 0x0000770bcc3d2230
R14=0x0000770bcc2fa878 points into unknown readable memory: 0x0000770b4f518578 | 78 85 51 4f 0b 77 00 00
R15=0x0000770afe6fac70 is pointing into the stack for thread: 0x0000770bcc3d2230

Top of Stack: (sp=0x0000770afe6faae0)
0x0000770afe6faae0:   0000770afe6fad48 00000000fffffff8   H.o..w..........
0x0000770afe6faaf0:   0000770b3406f100 0000770b3406f178   ...4.w..x..4.w..
0x0000770afe6fab00:   0000770b3406f178 0000770afe6fab60   x..4.w..`.o..w..
0x0000770afe6fab10:   0000770b3406f4e8 0000770b3406f100   ...4.w.....4.w..
0x0000770afe6fab20:   0000770b4f518578 0000770bcc3d2230   x.QO.w..0"=..w..
0x0000770afe6fab30:   0000770bcc485c50 0000770b3406f100   P\H..w.....4.w..
0x0000770afe6fab40:   0000770b3406f178 0000770b3406f4e8   x..4.w.....4.w..
0x0000770afe6fab50:   00000000000003d8 00000000000000d8   ................
0x0000770afe6fab60:   0000770afe6fd1b0 000000071267b770   ..o..w..p.g.....
0x0000770afe6fab70:   0000770b0000006f 0000770a0000000a   o....w.......w..
0x0000770afe6fab80:   0000000712492750 0000000700000000   P'I.............
0x0000770afe6fab90:   0000770afe6fb100 0000770bbbd43a91   ..o..w...:...w..
0x0000770afe6faba0:   0000770afe6fb150 0000000100000140   P.o..w..@.......
0x0000770afe6fabb0:   0000770afe6fd1b0 0000770afe6fab68   ..o..w..h.o..w..
0x0000770afe6fabc0:   0000770afe6faba9 0000000800000005   ..o..w..........
0x0000770afe6fabd0:   0000770bcc485c00 0000000000000000   .\H..w..........
0x0000770afe6fabe0:   0000770afe6fad20 0000770bcc3d2230    .o..w..0"=..w..
0x0000770afe6fabf0:   0000770bcc2fa878 6d2f736568636163   x./..w..caches/m
0x0000770afe6fac00:   0000770afe6fad38 0000770afe6fac70   8.o..w..p.o..w..
0x0000770afe6fac10:   0000770afe6fad20 0000770bd39cc0c1    .o..w.......w..
0x0000770afe6fac20:   0000770b3406f4e8 0000770b3406f100   ...4.w.....4.w..
0x0000770afe6fac30:   0000770b0000000e 0000770b00000000   .....w.......w..
0x0000770afe6fac40:   0000770b4f518578 0000770bcc3d2230   x.QO.w..0"=..w..
0x0000770afe6fac50:   0000770bcc3d2230 0000000000000000   0"=..w..........
0x0000770afe6fac60:   0000770bcc30dbf0 e4fd1f369a780900   ..0..w....x.6...
0x0000770afe6fac70:   0000770bd4404a88 0000770b5348e758   .J@..w..X.HS.w..
0x0000770afe6fac80:   0000770a0000000e 000000000015b55c   .....w..\.......
0x0000770afe6fac90:   0000000000000000 0000003000000018   ............0...
0x0000770afe6faca0:   0000770afe6fae10 0000770afe6fad50   ..o..w..P.o..w..
0x0000770afe6facb0:   0000770b5348e758 0000770b0000000e   X.HS.w.......w..
0x0000770afe6facc0:   000000000015b55c 0000000000000008   \...............
0x0000770afe6facd0:   0000770b3406f100 0000770b3406f178   ...4.w..x..4.w..

Instructions: (pc=0x0000770bd39b8d03)
0x0000770bd39b8c03:   83 7d b8 00 74 09 48 8d 7d b0 e8 fe 93 3a 00 4c
0x0000770bd39b8c13:   8b a3 98 01 00 00 49 8b 44 24 10 48 83 38 00 74
0x0000770bd39b8c23:   0d 4c 89 e7 e8 c4 77 ee ff 49 8b 44 24 10 49 8b
0x0000770bd39b8c33:   54 24 08 48 8d bb a0 03 00 00 48 89 42 10 49 8b
0x0000770bd39b8c43:   44 24 08 49 8b 54 24 18 48 89 50 18 49 8b 44 24
0x0000770bd39b8c53:   08 49 8b 54 24 20 48 89 50 20 e8 5e 4d de ff c7
0x0000770bd39b8c63:   83 4c 04 00 00 04 00 00 00 48 83 c4 28 4c 89 e8
0x0000770bd39b8c73:   5b 41 5c 41 5d 41 5e 41 5f 5d c3 66 90 31 d2 be
0x0000770bd39b8c83:   01 00 00 00 48 89 df e8 41 4f 40 00 8b 83 48 04
0x0000770bd39b8c93:   00 00 a8 0c 0f 84 27 ff ff ff 48 89 df e8 ab 42
0x0000770bd39b8ca3:   f7 ff e9 1a ff ff ff 66 0f 1f 44 00 00 48 89 df
0x0000770bd39b8cb3:   e8 e8 32 f7 ff e9 cf fe ff ff 0f 1f 00 55 48 89
0x0000770bd39b8cc3:   e5 41 57 41 56 41 55 41 54 53 4c 89 c3 48 81 ec
0x0000770bd39b8cd3:   08 01 00 00 48 85 f6 0f 84 7e 02 00 00 48 89 f0
0x0000770bd39b8ce3:   49 89 fd 49 89 d6 49 89 cc 83 e0 03 48 83 f8 01
0x0000770bd39b8cf3:   0f 84 4f 02 00 00 48 83 f8 02 0f 84 9d 03 00 00
0x0000770bd39b8d03:   48 8b 0e 48 85 c9 0f 84 4f 02 00 00 48 8b bb 28
0x0000770bd39b8d13:   03 00 00 4c 8b 47 18 48 8b 47 20 4c 29 c0 48 83
0x0000770bd39b8d23:   f8 07 0f 86 d5 02 00 00 49 8d 40 08 48 89 47 18
0x0000770bd39b8d33:   49 89 08 4d 8b 36 49 8b 46 08 41 8b 76 2c 44 0f
0x0000770bd39b8d43:   b7 78 2e 48 8b 40 08 48 8b 40 18 83 fe f7 0f 8c
0x0000770bd39b8d53:   41 02 00 00 83 fe fe 74 39 48 8d 05 a5 59 b1 00
0x0000770bd39b8d63:   80 38 00 0f 84 f4 03 00 00 48 8d 05 2d 41 b1 00
0x0000770bd39b8d73:   8b 79 08 8b 48 08 48 d3 e7 48 03 38 4c 89 85 08
0x0000770bd39b8d83:   ff ff ff e8 15 5e 19 00 4c 8b 85 08 ff ff ff 49
0x0000770bd39b8d93:   89 c6 41 f6 46 29 04 0f 85 18 03 00 00 48 8b bb
0x0000770bd39b8da3:   30 03 00 00 4c 89 b5 10 ff ff ff 48 89 9d 18 ff
0x0000770bd39b8db3:   ff ff 48 63 07 3b 47 04 0f 84 af 03 00 00 8d 48
0x0000770bd39b8dc3:   01 41 0f b7 d7 89 0f 48 8b 4f 08 4c 89 34 c1 4c
0x0000770bd39b8dd3:   8b b3 20 03 00 00 f3 41 0f 6f 56 10 49 8b 46 20
0x0000770bd39b8de3:   66 49 0f 6e c6 4d 8b 7e 28 48 c7 45 c8 00 00 00
0x0000770bd39b8df3:   00 48 89 85 00 ff ff ff 0f 12 ea 66 0f d6 95 08


Stack slot to memory mapping:

stack at sp + 0 slots: 0x0000770afe6fad48 is pointing into the stack for thread: 0x0000770bcc3d2230
stack at sp + 1 slots: 0x00000000fffffff8 is an unknown value
stack at sp + 2 slots: 0x0000770b3406f100 points into unknown readable memory: 0x0000000000000000 | 00 00 00 00 00 00 00 00
stack at sp + 3 slots: 0x0000770b3406f178 points into unknown readable memory: 0x2e6e75732e6d6f63 | 63 6f 6d 2e 73 75 6e 2e
stack at sp + 4 slots: 0x0000770b3406f178 points into unknown readable memory: 0x2e6e75732e6d6f63 | 63 6f 6d 2e 73 75 6e 2e
stack at sp + 5 slots: 0x0000770afe6fab60 is pointing into the stack for thread: 0x0000770bcc3d2230
stack at sp + 6 slots: 0x0000770b3406f4e8 points into unknown readable memory: 0x0000000000000035 | 35 00 00 00 00 00 00 00
stack at sp + 7 slots: 0x0000770b3406f100 points into unknown readable memory: 0x0000000000000000 | 00 00 00 00 00 00 00 00


Compiled method (c2) 11505 5963   !   4       jdk.internal.reflect.DirectMethodHandleAccessor::invoke (92 bytes)
 total in heap  [0x0000770bbc5fff10,0x0000770bbc601190] = 4736
 relocation     [0x0000770bbc600068,0x0000770bbc600190] = 296
 main code      [0x0000770bbc6001a0,0x0000770bbc600908] = 1896
 stub code      [0x0000770bbc600908,0x0000770bbc600988] = 128
 oops           [0x0000770bbc600988,0x0000770bbc6009b8] = 48
 metadata       [0x0000770bbc6009b8,0x0000770bbc600a20] = 104
 scopes data    [0x0000770bbc600a20,0x0000770bbc600d50] = 816
 scopes pcs     [0x0000770bbc600d50,0x0000770bbc601000] = 688
 dependencies   [0x0000770bbc601000,0x0000770bbc601008] = 8
 handler table  [0x0000770bbc601008,0x0000770bbc601138] = 304
 nul chk table  [0x0000770bbc601138,0x0000770bbc601190] = 88

[Constant Pool (empty)]

[MachCode]
[Entry Point]
  # {method} {0x0000770b531a1f10} 'invoke' '(Ljava/lang/Object;[Ljava/lang/Object;)Ljava/lang/Object;' in 'jdk/internal/reflect/DirectMethodHandleAccessor'
  # this:     rsi:rsi   = 'jdk/internal/reflect/DirectMethodHandleAccessor'
  # parm0:    rdx:rdx   = 'java/lang/Object'
  # parm1:    rcx:rcx   = '[Ljava/lang/Object;'
  #           [sp+0x50]  (sp of caller)
  0x0000770bbc6001a0: 448b 5608 | 49bb 0000 | 0053 0b77 | 0000 4d03 | d349 3bc2 

  0x0000770bbc6001b4: ;   {runtime_call ic_miss_stub}
  0x0000770bbc6001b4: 0f85 c650 | 78ff 6690 | 0f1f 4000 
[Verified Entry Point]
  0x0000770bbc6001c0: 8984 2400 | c0fe ff55 | 4883 ec40 | 4181 7f20 | 0300 0000 | 0f85 2307 | 0000 4c8b | d148 8954 
  0x0000770bbc6001e0: 2408 4889 | 3424 41b8 | 0002 0000 | 4485 4610 | 0f84 b900 | 0000 4d85 | d20f 84c6 | 0100 0045 
  0x0000770bbc600200: 8b5a 0c4c | 8b04 2445 | 8b40 0c45 | 3bd8 0f85 | 2803 0000 | 4c8b 1c24 | 458b 5b18 | 4183 f801 
  0x0000770bbc600220: 0f85 0e01 | 0000 458b | 420c 4585 | c00f 86e5 | 0200 0047 | 8b4c dc10 | 458b 5210 

  0x0000770bbc60023c: ;   {oop(a 'java/lang/invoke/MethodType'{0x00000007ffc01d68} = (Ljava/lang/Object;Ljava/lang/Object;)Ljava/lang/Object;)}
  0x0000770bbc60023c: 4181 f9ad | 03f8 ff0f | 851f 0300 | 0047 8b44 | dc14 4585 | c00f 84a8 | 0200 004b | 8d2c dc47 
  0x0000770bbc60025c: 3b64 c41c | 7431 498b | ca48 c1e1 | 0348 8bf5 | 488b 5424 

  0x0000770bbc600270: ;   {optimized virtual_call}
  0x0000770bbc600270: 0866 90e8 

  0x0000770bbc600274: ; ImmutableOopMap {[0]=Oop }
                      ;*invokevirtual invokeBasic {reexecute=0 rethrow=0 return_oop=1}
                      ; - java.lang.invoke.Invokers$Holder::invokeExact_MT@20
                      ; - jdk.internal.reflect.DirectMethodHandleAccessor::invokeImpl@55 (line 154)
                      ; - jdk.internal.reflect.DirectMethodHandleAccessor::invoke@23 (line 103)
  0x0000770bbc600274: 8810 cdff 

  0x0000770bbc600278: ;   {other}
  0x0000770bbc600278: 0f1f 8400 | 6803 0000 | 4883 c440 

  0x0000770bbc600284: ;   {poll_return}
  0x0000770bbc600284: 5d49 3ba7 | 5004 0000 | 0f87 5506 | 0000 c344 | 8954 2410 

  0x0000770bbc600298: ;   {static_call}
  0x0000770bbc600298: 488b f5e8 

  0x0000770bbc60029c: ; ImmutableOopMap {rbp=Oop [0]=Oop [8]=Oop [16]=NarrowOop }
                      ;*invokestatic maybeCustomize {reexecute=0 rethrow=0 return_oop=0}
                      ; - java.lang.invoke.Invokers::checkCustomized@19 (line 627)
                      ; - java.lang.invoke.Invokers$Holder::invokeExact_MT@14
                      ; - jdk.internal.reflect.DirectMethodHandleAccessor::invokeImpl@55 (line 154)
                      ; - jdk.internal.reflect.DirectMethodHandleAccessor::invoke@23 (line 103)
  0x0000770bbc60029c: a08e 3df8 

  0x0000770bbc6002a0: ;   {other}
  0x0000770bbc6002a0: 0f1f 8400 | 9003 0001 | 448b 5424 | 10eb b344 | 8b42 088b | 4e14 48be | 0000 0053 | 0b77 0000 
  0x0000770bbc6002c0: 4903 f04c | 8b5e 7049 | 8b2b 498b | 44cc 1044 | 8b40 144d | 63d8 4e8b | 1c1e 493b | c30f 8413 
  0x0000770bbc6002e0: ffff ff41 | 83f8 2075 | 2948 3bf0 | 0f84 04ff | ffff 488b | 7e28 8b0f | 4883 c708 | 4885 c0f2 
  0x0000770bbc600300: 48af 0f85 | 0400 0000 | 4889 4620 | 0f84 e4fe | ffff be45 | ffff ff48 | 8b2c 2448 | 8914 244c 
  0x0000770bbc600320: 8954 2408 

  0x0000770bbc600324: ;   {runtime_call UncommonTrapBlob}
  0x0000770bbc600324: 6666 90e8 

  0x0000770bbc600328: ; ImmutableOopMap {rbp=Oop [0]=Oop [8]=Oop }
                      ;*ifne {reexecute=1 rethrow=0 return_oop=0}
                      ; - (reexecute) jdk.internal.reflect.DirectMethodHandleAccessor::checkReceiver@11 (line 196)
                      ; - jdk.internal.reflect.DirectMethodHandleAccessor::invoke@9 (line 99)
  0x0000770bbc600328: 54e2 78ff 

  0x0000770bbc60032c: ;   {other}
  0x0000770bbc60032c: 0f1f 8400 | 1c04 0002 | 4183 f801 | 0f86 b500 | 0000 4183 | f803 0f84 | f900 0000 | 418d 48fe 
  0x0000770bbc60034c: 83f9 010f | 873f 0200 | 0045 8b42 | 0c41 83f8 | 010f 8669 | 0200 0047 | 8b44 dc10 | 418b 4a14 
  0x0000770bbc60036c: 418b 6a10 

  0x0000770bbc600370: ;   {oop(a 'java/lang/invoke/MethodType'{0x00000007ffc04328} = (Ljava/lang/Object;Ljava/lang/Object;Ljava/lang/Object;)Ljava/lang/Object;)}
  0x0000770bbc600370: 4181 f865 | 08f8 ff0f | 856f 0200 | 0047 8b44 | dc14 4585 | c00f 8429 | 0200 004f | 8d14 dc47 
  0x0000770bbc600390: 3b64 c41c | 7437 4c8b | c149 c1e0 | 0348 8bcd | 48c1 e103 | 498b f248 | 8b54 2408 | 488b 2c24 
  0x0000770bbc6003b0: ;   {optimized virtual_call}
  0x0000770bbc6003b0: 6666 90e8 

  0x0000770bbc6003b4: ; ImmutableOopMap {rbp=Oop [0]=Oop }
                      ;*invokevirtual invokeBasic {reexecute=0 rethrow=0 return_oop=1}
                      ; - java.lang.invoke.LambdaForm$MH/0x0000770b54205000::invokeExact_MT@22
                      ; - jdk.internal.reflect.DirectMethodHandleAccessor::invokeImpl@72 (line 155)
                      ; - jdk.internal.reflect.DirectMethodHandleAccessor::invoke@23 (line 103)
  0x0000770bbc6003b4: c853 78ff 

  0x0000770bbc6003b8: ;   {other}
  0x0000770bbc6003b8: 0f1f 8400 | a804 0003 | e9bb feff | ff45 33db | e936 feff | ff4c 8954 | 2418 894c | 2410 498b 
  0x0000770bbc6003d8: ;   {static_call}
  0x0000770bbc6003d8: f266 90e8 

  0x0000770bbc6003dc: ; ImmutableOopMap {rbp=NarrowOop [0]=Oop [8]=Oop [16]=NarrowOop [24]=Oop }
                      ;*invokestatic maybeCustomize {reexecute=0 rethrow=0 return_oop=0}
                      ; - java.lang.invoke.Invokers::checkCustomized@19 (line 627)
                      ; - java.lang.invoke.LambdaForm$MH/0x0000770b54205000::invokeExact_MT@15
                      ; - jdk.internal.reflect.DirectMethodHandleAccessor::invokeImpl@72 (line 155)
                      ; - jdk.internal.reflect.DirectMethodHandleAccessor::invoke@23 (line 103)
  0x0000770bbc6003dc: a05d 78ff 

  0x0000770bbc6003e0: ;   {other}
  0x0000770bbc6003e0: 0f1f 8400 | d004 0004 | 8b4c 2410 | 4c8b 5424 | 18eb a343 | 8b6c dc10 

  0x0000770bbc6003f8: ;   {oop(a 'java/lang/invoke/MethodType'{0x00000007ffc02238} = (Ljava/lang/Object;)Ljava/lang/Object;)}
  0x0000770bbc6003f8: 81fd 4704 | f8ff 0f85 | 5802 0000 | 478b 54dc | 1445 85d2 | 0f84 fa01 | 0000 4b8d | 2cdc 473b 
  0x0000770bbc600418: 64d4 1c0f | 8498 0000 | 0048 8bf5 | 488b 5424 | 0848 8b2c 

  0x0000770bbc60042c: ;   {optimized virtual_call}
  0x0000770bbc60042c: 2466 90e8 

  0x0000770bbc600430: ; ImmutableOopMap {rbp=Oop [0]=Oop }
                      ;*invokevirtual invokeBasic {reexecute=0 rethrow=0 return_oop=1}
                      ; - java.lang.invoke.Invokers$Holder::invokeExact_MT@19
                      ; - jdk.internal.reflect.DirectMethodHandleAccessor::invokeImpl@41 (line 153)
                      ; - jdk.internal.reflect.DirectMethodHandleAccessor::invoke@23 (line 103)
  0x0000770bbc600430: 4c53 78ff 

  0x0000770bbc600434: ;   {other}
  0x0000770bbc600434: 0f1f 8400 | 2405 0005 | e93f feff | ff45 8b42 | 0c41 83f8 | 020f 86ed | 0100 0047 | 8b44 dc10 
  0x0000770bbc600454: 418b 4a18 | 418b 5a10 | 418b 6a14 

  0x0000770bbc600460: ;   {oop(a 'java/lang/invoke/MethodType'{0x00000007ffc028f0} = (Ljava/lang/Object;Ljava/lang/Object;Ljava/lang/Object;Ljava/lang/Object;)Ljava/lang/Object;)}
  0x0000770bbc600460: 4181 f81e | 05f8 ff0f | 8507 0200 | 0047 8b44 | dc14 4585 | c00f 84a9 | 0100 004f | 8d14 dc47 
  0x0000770bbc600480: 3b64 c41c | 744b 4c8b | c949 c1e1 | 0348 8bcb | 48c1 e103 | 4c8b c549 | c1e0 0349 | 8bf2 488b 
  0x0000770bbc6004a0: 5424 0848 

  0x0000770bbc6004a4: ;   {optimized virtual_call}
  0x0000770bbc6004a4: 8b2c 24e8 

  0x0000770bbc6004a8: ; ImmutableOopMap {rbp=Oop [0]=Oop }
                      ;*invokevirtual invokeBasic {reexecute=0 rethrow=0 return_oop=1}
                      ; - java.lang.invoke.LambdaForm$MH/0x0000770b54004c00::invokeExact_MT@24
                      ; - jdk.internal.reflect.DirectMethodHandleAccessor::invokeImpl@92 (line 156)
                      ; - jdk.internal.reflect.DirectMethodHandleAccessor::invoke@23 (line 103)
  0x0000770bbc6004a8: d452 78ff 

  0x0000770bbc6004ac: ;   {other}
  0x0000770bbc6004ac: 0f1f 8400 | 9c05 0006 | e9c7 fdff | ff48 8bf5 

  0x0000770bbc6004bc: ;   {static_call}
  0x0000770bbc6004bc: 6666 90e8 

  0x0000770bbc6004c0: ; ImmutableOopMap {rbp=Oop [0]=Oop [8]=Oop }
                      ;*invokestatic maybeCustomize {reexecute=0 rethrow=0 return_oop=0}
                      ; - java.lang.invoke.Invokers::checkCustomized@19 (line 627)
                      ; - java.lang.invoke.Invokers$Holder::invokeExact_MT@14
                      ; - jdk.internal.reflect.DirectMethodHandleAccessor::invokeImpl@41 (line 153)
                      ; - jdk.internal.reflect.DirectMethodHandleAccessor::invoke@23 (line 103)
  0x0000770bbc6004c0: bc5c 78ff 

  0x0000770bbc6004c4: ;   {other}
  0x0000770bbc6004c4: 0f1f 8400 | b405 0007 | e950 ffff | ff4c 8954 | 2418 895c | 2414 894c | 2410 498b 

  0x0000770bbc6004e0: ;   {static_call}
  0x0000770bbc6004e0: f266 90e8 

  0x0000770bbc6004e4: ; ImmutableOopMap {rbp=NarrowOop [0]=Oop [8]=Oop [16]=NarrowOop [20]=NarrowOop [24]=Oop }
                      ;*invokestatic maybeCustomize {reexecute=0 rethrow=0 return_oop=0}
                      ; - java.lang.invoke.Invokers::checkCustomized@19 (line 627)
                      ; - java.lang.invoke.LambdaForm$MH/0x0000770b54004c00::invokeExact_MT@15
                      ; - jdk.internal.reflect.DirectMethodHandleAccessor::invokeImpl@92 (line 156)
                      ; - jdk.internal.reflect.DirectMethodHandleAccessor::invoke@23 (line 103)
  0x0000770bbc6004e4: 985c 78ff 

  0x0000770bbc6004e8: ;   {other}
  0x0000770bbc6004e8: 0f1f 8400 | d805 0008 | 8b4c 2410 | 8b5c 2414 | 4c8b 5424 | 18eb 87be | f6ff ffff | 488b 2c24 
  0x0000770bbc600508: ;   {runtime_call UncommonTrapBlob}
  0x0000770bbc600508: 6666 90e8 

  0x0000770bbc60050c: ; ImmutableOopMap {rbp=Oop }
                      ;*getfield customized {reexecute=1 rethrow=0 return_oop=0}
                      ; - (reexecute) java.lang.invoke.Invokers::checkCustomized@12 (line 626)
                      ; - java.lang.invoke.Invokers$Holder::invokeExact_MT@14
                      ; - jdk.internal.reflect.DirectMethodHandleAccessor::invokeImpl@55 (line 154)
                      ; - jdk.internal.reflect.DirectMethodHandleAccessor::invoke@23 (line 103)
  0x0000770bbc60050c: 70e0 78ff 

  0x0000770bbc600510: ;   {other}
  0x0000770bbc600510: 0f1f 8400 | 0006 0009 | bee4 ffff | ff48 8b2c | 2448 8914 | 244c 8954 | 2408 4489 

  0x0000770bbc60052c: ;   {runtime_call UncommonTrapBlob}
  0x0000770bbc60052c: 5c24 10e8 

  0x0000770bbc600530: ; ImmutableOopMap {rbp=Oop [0]=Oop [8]=Oop [16]=NarrowOop }
                      ;*aaload {reexecute=0 rethrow=0 return_oop=0}
                      ; - jdk.internal.reflect.DirectMethodHandleAccessor::invokeImpl@54 (line 154)
                      ; - jdk.internal.reflect.DirectMethodHandleAccessor::invoke@23 (line 103)
  0x0000770bbc600530: 4ce0 78ff 

  0x0000770bbc600534: ;   {other}
  0x0000770bbc600534: 0f1f 8400 | 2406 000a | be45 ffff | ff48 8b2c | 2448 8914 | 244c 8954 | 2408 4489 | 5c24 1844 
  0x0000770bbc600554: 8944 241c 

  0x0000770bbc600558: ;   {runtime_call UncommonTrapBlob}
  0x0000770bbc600558: 6666 90e8 

  0x0000770bbc60055c: ; ImmutableOopMap {rbp=Oop [0]=Oop [8]=Oop }
                      ;*if_icmpeq {reexecute=1 rethrow=0 return_oop=0}
                      ; - (reexecute) jdk.internal.reflect.DirectMethodHandleAccessor::checkArgumentCount@13 (line 328)
                      ; - jdk.internal.reflect.DirectMethodHandleAccessor::invoke@17 (line 101)
  0x0000770bbc60055c: 20e0 78ff 

  0x0000770bbc600560: ;   {other}
  0x0000770bbc600560: 0f1f 8400 | 5006 000b | be45 ffff | ff48 8b2c | 2448 8914 | 2444 895c | 2408 4489 | 4c24 1044 
  0x0000770bbc600580: 8954 2414 

  0x0000770bbc600584: ;   {runtime_call UncommonTrapBlob}
  0x0000770bbc600584: 6666 90e8 

  0x0000770bbc600588: ; ImmutableOopMap {rbp=Oop [0]=Oop [8]=NarrowOop [16]=NarrowOop [20]=NarrowOop }
                      ;*if_acmpeq {reexecute=1 rethrow=0 return_oop=0}
                      ; - (reexecute) java.lang.invoke.Invokers::checkExactType@7 (line 530)
                      ; - java.lang.invoke.Invokers$Holder::invokeExact_MT@10
                      ; - jdk.internal.reflect.DirectMethodHandleAccessor::invokeImpl@55 (line 154)
                      ; - jdk.internal.reflect.DirectMethodHandleAccessor::invoke@23 (line 103)
  0x0000770bbc600588: f4df 78ff 

  0x0000770bbc60058c: ;   {other}
  0x0000770bbc60058c: 0f1f 8400 | 7c06 000c | be45 ffff | ff48 8b2c | 244c 8954 | 2410 4489 

  0x0000770bbc6005a4: ;   {runtime_call UncommonTrapBlob}
  0x0000770bbc6005a4: 4424 18e8 

  0x0000770bbc6005a8: ; ImmutableOopMap {rbp=Oop [8]=Oop [16]=Oop }
                      ;*tableswitch {reexecute=1 rethrow=0 return_oop=0}
                      ; - (reexecute) jdk.internal.reflect.DirectMethodHandleAccessor::invokeImpl@4 (line 152)
                      ; - jdk.internal.reflect.DirectMethodHandleAccessor::invoke@23 (line 103)
  0x0000770bbc6005a8: d4df 78ff 

  0x0000770bbc6005ac: ;   {other}
  0x0000770bbc6005ac: 0f1f 8400 | 9c06 000d | bef6 ffff | ff48 8b2c 

  0x0000770bbc6005bc: ;   {runtime_call UncommonTrapBlob}
  0x0000770bbc6005bc: 2466 90e8 

  0x0000770bbc6005c0: ; ImmutableOopMap {rbp=Oop }
                      ;*getfield customized {reexecute=1 rethrow=0 return_oop=0}
                      ; - (reexecute) java.lang.invoke.Invokers::checkCustomized@12 (line 626)
                      ; - java.lang.invoke.LambdaForm$MH/0x0000770b54205000::invokeExact_MT@15
                      ; - jdk.internal.reflect.DirectMethodHandleAccessor::invokeImpl@72 (line 155)
                      ; - jdk.internal.reflect.DirectMethodHandleAccessor::invoke@23 (line 103)
  0x0000770bbc6005c0: bcdf 78ff 

  0x0000770bbc6005c4: ;   {other}
  0x0000770bbc6005c4: 0f1f 8400 | b406 000e | bee4 ffff | ff48 8b2c | 244c 8954 | 2410 4489 

  0x0000770bbc6005dc: ;   {runtime_call UncommonTrapBlob}
  0x0000770bbc6005dc: 5c24 18e8 

  0x0000770bbc6005e0: ; ImmutableOopMap {rbp=Oop [8]=Oop [16]=Oop [24]=NarrowOop }
                      ;*aaload {reexecute=0 rethrow=0 return_oop=0}
                      ; - jdk.internal.reflect.DirectMethodHandleAccessor::invokeImpl@68 (line 155)
                      ; - jdk.internal.reflect.DirectMethodHandleAccessor::invoke@23 (line 103)
  0x0000770bbc6005e0: 9cdf 78ff 

  0x0000770bbc6005e4: ;   {other}
  0x0000770bbc6005e4: 0f1f 8400 | d406 000f | be45 ffff | ff44 895c | 2410 894c | 2414 4489 

  0x0000770bbc6005fc: ;   {runtime_call UncommonTrapBlob}
  0x0000770bbc6005fc: 4424 1ce8 

  0x0000770bbc600600: ; ImmutableOopMap {rbp=NarrowOop [0]=Oop [8]=Oop [16]=NarrowOop [20]=NarrowOop [28]=NarrowOop }
                      ;*if_acmpeq {reexecute=1 rethrow=0 return_oop=0}
                      ; - (reexecute) java.lang.invoke.Invokers::checkExactType@7 (line 530)
                      ; - java.lang.invoke.LambdaForm$MH/0x0000770b54205000::invokeExact_MT@11
                      ; - jdk.internal.reflect.DirectMethodHandleAccessor::invokeImpl@72 (line 155)
                      ; - jdk.internal.reflect.DirectMethodHandleAccessor::invoke@23 (line 103)
  0x0000770bbc600600: 7cdf 78ff 

  0x0000770bbc600604: ;   {other}
  0x0000770bbc600604: 0f1f 8400 | f406 0010 | bef6 ffff | ff48 8b2c 

  0x0000770bbc600614: ;   {runtime_call UncommonTrapBlob}
  0x0000770bbc600614: 2466 90e8 

  0x0000770bbc600618: ; ImmutableOopMap {rbp=Oop }
                      ;*getfield customized {reexecute=1 rethrow=0 return_oop=0}
                      ; - (reexecute) java.lang.invoke.Invokers::checkCustomized@12 (line 626)
                      ; - java.lang.invoke.Invokers$Holder::invokeExact_MT@14
                      ; - jdk.internal.reflect.DirectMethodHandleAccessor::invokeImpl@41 (line 153)
                      ; - jdk.internal.reflect.DirectMethodHandleAccessor::invoke@23 (line 103)
  0x0000770bbc600618: 64df 78ff 

  0x0000770bbc60061c: ;   {other}
  0x0000770bbc60061c: 0f1f 8400 | 0c07 0011 | bef6 ffff | ff48 8b2c 

  0x0000770bbc60062c: ;   {runtime_call UncommonTrapBlob}
  0x0000770bbc60062c: 2466 90e8 

  0x0000770bbc600630: ; ImmutableOopMap {rbp=Oop }
                      ;*getfield customized {reexecute=1 rethrow=0 return_oop=0}
                      ; - (reexecute) java.lang.invoke.Invokers::checkCustomized@12 (line 626)
                      ; - java.lang.invoke.LambdaForm$MH/0x0000770b54004c00::invokeExact_MT@15
                      ; - jdk.internal.reflect.DirectMethodHandleAccessor::invokeImpl@92 (line 156)
                      ; - jdk.internal.reflect.DirectMethodHandleAccessor::invoke@23 (line 103)
  0x0000770bbc600630: 4cdf 78ff 

  0x0000770bbc600634: ;   {other}
  0x0000770bbc600634: 0f1f 8400 | 2407 0012 | bee4 ffff | ff48 8b2c | 244c 8954 | 2410 4489 

  0x0000770bbc60064c: ;   {runtime_call UncommonTrapBlob}
  0x0000770bbc60064c: 5c24 18e8 

  0x0000770bbc600650: ; ImmutableOopMap {rbp=Oop [8]=Oop [16]=Oop [24]=NarrowOop }
                      ;*aaload {reexecute=0 rethrow=0 return_oop=0}
                      ; - jdk.internal.reflect.DirectMethodHandleAccessor::invokeImpl@85 (line 156)
                      ; - jdk.internal.reflect.DirectMethodHandleAccessor::invoke@23 (line 103)
  0x0000770bbc600650: 2cdf 78ff 

  0x0000770bbc600654: ;   {other}
  0x0000770bbc600654: 0f1f 8400 | 4407 0013 | be45 ffff | ff44 895c 

  0x0000770bbc600664: ;   {runtime_call UncommonTrapBlob}
  0x0000770bbc600664: 2410 90e8 

  0x0000770bbc600668: ; ImmutableOopMap {rbp=NarrowOop [0]=Oop [8]=Oop [16]=NarrowOop }
                      ;*if_acmpeq {reexecute=1 rethrow=0 return_oop=0}
                      ; - (reexecute) java.lang.invoke.Invokers::checkExactType@7 (line 530)
                      ; - java.lang.invoke.Invokers$Holder::invokeExact_MT@10
                      ; - jdk.internal.reflect.DirectMethodHandleAccessor::invokeImpl@41 (line 153)
                      ; - jdk.internal.reflect.DirectMethodHandleAccessor::invoke@23 (line 103)
  0x0000770bbc600668: 14df 78ff 

  0x0000770bbc60066c: ;   {other}
  0x0000770bbc60066c: 0f1f 8400 | 5c07 0014 | be45 ffff | ff44 895c | 2410 895c | 2414 894c | 2418 4489 

  0x0000770bbc600688: ;   {runtime_call UncommonTrapBlob}
  0x0000770bbc600688: 4424 20e8 

  0x0000770bbc60068c: ; ImmutableOopMap {rbp=NarrowOop [0]=Oop [8]=Oop [16]=NarrowOop [20]=NarrowOop [24]=NarrowOop [32]=NarrowOop }
                      ;*if_acmpeq {reexecute=1 rethrow=0 return_oop=0}
                      ; - (reexecute) java.lang.invoke.Invokers::checkExactType@7 (line 530)
                      ; - java.lang.invoke.LambdaForm$MH/0x0000770b54004c00::invokeExact_MT@11
                      ; - jdk.internal.reflect.DirectMethodHandleAccessor::invokeImpl@92 (line 156)
                      ; - jdk.internal.reflect.DirectMethodHandleAccessor::invoke@23 (line 103)
  0x0000770bbc60068c: f0de 78ff 

  0x0000770bbc600690: ;   {other}
  0x0000770bbc600690: 0f1f 8400 | 8007 0015 | bef6 ffff | ff48 8b2c 

  0x0000770bbc6006a0: ;   {runtime_call UncommonTrapBlob}
  0x0000770bbc6006a0: 2466 90e8 

  0x0000770bbc6006a4: ; ImmutableOopMap {rbp=Oop }
                      ;*aaload {reexecute=0 rethrow=0 return_oop=0}
                      ; - jdk.internal.reflect.DirectMethodHandleAccessor::invokeImpl@54 (line 154)
                      ; - jdk.internal.reflect.DirectMethodHandleAccessor::invoke@23 (line 103)
  0x0000770bbc6006a4: d8de 78ff 

  0x0000770bbc6006a8: ;   {other}
  0x0000770bbc6006a8: 0f1f 8400 | 9807 0016 | be5e ffff | ff48 8b2c 

  0x0000770bbc6006b8: ;   {runtime_call UncommonTrapBlob}
  0x0000770bbc6006b8: 2466 90e8 

  0x0000770bbc6006bc: ; ImmutableOopMap {rbp=Oop }
                      ;*invokevirtual type {reexecute=0 rethrow=0 return_oop=0}
                      ; - java.lang.invoke.Invokers::checkExactType@1 (line 529)
                      ; - java.lang.invoke.Invokers$Holder::invokeExact_MT@10
                      ; - jdk.internal.reflect.DirectMethodHandleAccessor::invokeImpl@55 (line 154)
                      ; - jdk.internal.reflect.DirectMethodHandleAccessor::invoke@23 (line 103)
  0x0000770bbc6006bc: c0de 78ff 

  0x0000770bbc6006c0: ;   {other}
  0x0000770bbc6006c0: 0f1f 8400 | b007 0017 | bef6 ffff | ff48 8b2c | 2448 8914 | 2448 894c 

  0x0000770bbc6006d8: ;   {runtime_call UncommonTrapBlob}
  0x0000770bbc6006d8: 2408 90e8 

  0x0000770bbc6006dc: ; ImmutableOopMap {rbp=Oop [0]=Oop [8]=Oop }
                      ;*invokevirtual getClass {reexecute=0 rethrow=0 return_oop=0}
                      ; - jdk.internal.reflect.DirectMethodHandleAccessor::checkReceiver@5 (line 196)
                      ; - jdk.internal.reflect.DirectMethodHandleAccessor::invoke@9 (line 99)
  0x0000770bbc6006dc: a0de 78ff 

  0x0000770bbc6006e0: ;   {other}
  0x0000770bbc6006e0: 0f1f 8400 | d007 0018 | bef6 ffff | ff4c 8954 

  0x0000770bbc6006f0: ;   {runtime_call UncommonTrapBlob}
  0x0000770bbc6006f0: 2410 90e8 

  0x0000770bbc6006f4: ; ImmutableOopMap {rbp=Oop [0]=Oop [8]=Oop [16]=Oop }
                      ;*invokevirtual isAssignableFrom {reexecute=0 rethrow=0 return_oop=0}
                      ; - jdk.internal.reflect.DirectMethodHandleAccessor::checkReceiver@8 (line 196)
                      ; - jdk.internal.reflect.DirectMethodHandleAccessor::invoke@9 (line 99)
  0x0000770bbc6006f4: 88de 78ff 

  0x0000770bbc6006f8: ;   {other}
  0x0000770bbc6006f8: 0f1f 8400 | e807 0019 | bef4 ffff | ff4c 8954 | 2410 894c 

  0x0000770bbc60070c: ;   {runtime_call UncommonTrapBlob}
  0x0000770bbc60070c: 2418 90e8 

  0x0000770bbc600710: ; ImmutableOopMap {rbp=Oop [0]=Oop [8]=Oop [16]=Oop [24]=NarrowOop }
                      ;*invokevirtual isAssignableFrom {reexecute=0 rethrow=0 return_oop=0}
                      ; - jdk.internal.reflect.DirectMethodHandleAccessor::checkReceiver@8 (line 196)
                      ; - jdk.internal.reflect.DirectMethodHandleAccessor::invoke@9 (line 99)
  0x0000770bbc600710: 6cde 78ff 

  0x0000770bbc600714: ;   {other}
  0x0000770bbc600714: 0f1f 8400 | 0408 001a | bef6 ffff | ff48 8b2c 

  0x0000770bbc600724: ;   {runtime_call UncommonTrapBlob}
  0x0000770bbc600724: 2466 90e8 

  0x0000770bbc600728: ; ImmutableOopMap {rbp=Oop }
                      ;*aaload {reexecute=0 rethrow=0 return_oop=0}
                      ; - jdk.internal.reflect.DirectMethodHandleAccessor::invokeImpl@68 (line 155)
                      ; - jdk.internal.reflect.DirectMethodHandleAccessor::invoke@23 (line 103)
  0x0000770bbc600728: 54de 78ff 

  0x0000770bbc60072c: ;   {other}
  0x0000770bbc60072c: 0f1f 8400 | 1c08 001b | bef6 ffff | ff48 8b2c 

  0x0000770bbc60073c: ;   {runtime_call UncommonTrapBlob}
  0x0000770bbc60073c: 2466 90e8 

  0x0000770bbc600740: ; ImmutableOopMap {rbp=Oop }
                      ;*invokevirtual type {reexecute=0 rethrow=0 return_oop=0}
                      ; - java.lang.invoke.Invokers::checkExactType@1 (line 529)
                      ; - java.lang.invoke.LambdaForm$MH/0x0000770b54205000::invokeExact_MT@11
                      ; - jdk.internal.reflect.DirectMethodHandleAccessor::invokeImpl@72 (line 155)
                      ; - jdk.internal.reflect.DirectMethodHandleAccessor::invoke@23 (line 103)
  0x0000770bbc600740: 3cde 78ff 

  0x0000770bbc600744: ;   {other}
  0x0000770bbc600744: 0f1f 8400 | 3408 001c | eb02 eb16 | 448b 5008 | 49bb 0000 | 0053 0b77 | 0000 4d03 | da48 8bf0 
  0x0000770bbc600764: eb44 448b | 5008 49bb | 0000 0053 | 0b77 0000 | 4d03 da48 | 8bf0 eb2e | eb00 448b | 4008 49bb 
  0x0000770bbc600784: 0000 0053 | 0b77 0000 | 4d03 d848 | 8bf0 eb16 | eb00 448b | 5008 49bb | 0000 0053 | 0b77 0000 
  0x0000770bbc6007a4: 4d03 da48 | 8bf0 4d8b 

  0x0000770bbc6007ac: ;   {metadata('java/lang/ClassCastException')}
  0x0000770bbc6007ac: 5350 49bb | c09c 0653 | 0b77 0000 | 4d3b d375 | 2f48 8bee | 488b 3424 

  0x0000770bbc6007c4: ;   {optimized virtual_call}
  0x0000770bbc6007c4: 488b d5e8 

  0x0000770bbc6007c8: ; ImmutableOopMap {rbp=Oop }
                      ;*invokevirtual isIllegalArgument {reexecute=0 rethrow=0 return_oop=0}
                      ; - jdk.internal.reflect.DirectMethodHandleAccessor::invoke@30 (line 105)
  0x0000770bbc6007c8: b44f 78ff 

  0x0000770bbc6007cc: ;   {other}
  0x0000770bbc6007cc: 0f1f 8400 | bc08 001d | 85c0 7528 | be6a 0000 

  0x0000770bbc6007dc: ;   {runtime_call UncommonTrapBlob}
  0x0000770bbc6007dc: 0066 90e8 

  0x0000770bbc6007e0: ; ImmutableOopMap {rbp=Oop }
                      ;*new {reexecute=0 rethrow=0 return_oop=0}
                      ; - jdk.internal.reflect.DirectMethodHandleAccessor::invoke@46 (line 109)
  0x0000770bbc6007e0: 9cdd 78ff 

  0x0000770bbc6007e4: ;   {other}
  0x0000770bbc6007e4: 0f1f 8400 | d408 001e | 488b 2c24 

  0x0000770bbc6007f0: ;   {runtime_call _rethrow_Java}
  0x0000770bbc6007f0: 6666 90e8 

  0x0000770bbc6007f4: ; ImmutableOopMap {rbp=Oop [0]=Oop }
                      ;*invokevirtual invokeImpl {reexecute=0 rethrow=0 return_oop=1}
                      ; - jdk.internal.reflect.DirectMethodHandleAccessor::invoke@23 (line 103)
  0x0000770bbc6007f4: 88a6 86ff 

  0x0000770bbc6007f8: ;   {other}
  0x0000770bbc6007f8: 0f1f 8400 | e808 001f | be63 0000 

  0x0000770bbc600804: ;   {runtime_call UncommonTrapBlob}
  0x0000770bbc600804: 0066 90e8 

  0x0000770bbc600808: ; ImmutableOopMap {}
                      ;*new {reexecute=0 rethrow=0 return_oop=0}
                      ; - jdk.internal.reflect.DirectMethodHandleAccessor::invoke@36 (line 107)
  0x0000770bbc600808: 74dd 78ff 

  0x0000770bbc60080c: ;   {other}
  0x0000770bbc60080c: 0f1f 8400 | fc08 0020 | be5e ffff | ff48 8b2c 

  0x0000770bbc60081c: ;   {runtime_call UncommonTrapBlob}
  0x0000770bbc60081c: 2466 90e8 

  0x0000770bbc600820: ; ImmutableOopMap {rbp=Oop }
                      ;*invokevirtual type {reexecute=0 rethrow=0 return_oop=0}
                      ; - java.lang.invoke.Invokers::checkExactType@1 (line 529)
                      ; - java.lang.invoke.Invokers$Holder::invokeExact_MT@10
                      ; - jdk.internal.reflect.DirectMethodHandleAccessor::invokeImpl@41 (line 153)
                      ; - jdk.internal.reflect.DirectMethodHandleAccessor::invoke@23 (line 103)
  0x0000770bbc600820: 5cdd 78ff 

  0x0000770bbc600824: ;   {other}
  0x0000770bbc600824: 0f1f 8400 | 1409 0021 | bef6 ffff | ff48 8b2c 

  0x0000770bbc600834: ;   {runtime_call UncommonTrapBlob}
  0x0000770bbc600834: 2466 90e8 

  0x0000770bbc600838: ; ImmutableOopMap {rbp=Oop }
                      ;*aaload {reexecute=0 rethrow=0 return_oop=0}
                      ; - jdk.internal.reflect.DirectMethodHandleAccessor::invokeImpl@85 (line 156)
                      ; - jdk.internal.reflect.DirectMethodHandleAccessor::invoke@23 (line 103)
  0x0000770bbc600838: 44dd 78ff 

  0x0000770bbc60083c: ;   {other}
  0x0000770bbc60083c: 0f1f 8400 | 2c09 0022 | bef6 ffff | ff48 8b2c 

  0x0000770bbc60084c: ;   {runtime_call UncommonTrapBlob}
  0x0000770bbc60084c: 2466 90e8 

  0x0000770bbc600850: ; ImmutableOopMap {rbp=Oop }
                      ;*invokevirtual type {reexecute=0 rethrow=0 return_oop=0}
                      ; - java.lang.invoke.Invokers::checkExactType@1 (line 529)
                      ; - java.lang.invoke.LambdaForm$MH/0x0000770b54004c00::invokeExact_MT@11
                      ; - jdk.internal.reflect.DirectMethodHandleAccessor::invokeImpl@92 (line 156)
                      ; - jdk.internal.reflect.DirectMethodHandleAccessor::invoke@23 (line 103)
  0x0000770bbc600850: 2cdd 78ff 

  0x0000770bbc600854: ;   {other}
  0x0000770bbc600854: 0f1f 8400 | 4409 0023 | 488b e848 | 8b34 2448 

  0x0000770bbc600864: ;   {optimized virtual_call}
  0x0000770bbc600864: 8bd0 90e8 

  0x0000770bbc600868: ; ImmutableOopMap {rbp=Oop }
                      ;*invokevirtual isIllegalArgument {reexecute=0 rethrow=0 return_oop=0}
                      ; - jdk.internal.reflect.DirectMethodHandleAccessor::invoke@58 (line 112)
  0x0000770bbc600868: 144f 78ff 

  0x0000770bbc60086c: ;   {other}
  0x0000770bbc60086c: 0f1f 8400 | 5c09 0024 | 85c0 7514 | be6a 0000 

  0x0000770bbc60087c: ;   {runtime_call UncommonTrapBlob}
  0x0000770bbc60087c: 0066 90e8 

  0x0000770bbc600880: ; ImmutableOopMap {rbp=Oop }
                      ;*new {reexecute=0 rethrow=0 return_oop=0}
                      ; - jdk.internal.reflect.DirectMethodHandleAccessor::invoke@73 (line 115)
  0x0000770bbc600880: fcdc 78ff 

  0x0000770bbc600884: ;   {other}
  0x0000770bbc600884: 0f1f 8400 | 7409 0025 | be63 0000 

  0x0000770bbc600890: ;   {runtime_call UncommonTrapBlob}
  0x0000770bbc600890: 0066 90e8 

  0x0000770bbc600894: ; ImmutableOopMap {rbp=Oop }
                      ;*new {reexecute=0 rethrow=0 return_oop=0}
                      ; - jdk.internal.reflect.DirectMethodHandleAccessor::invoke@64 (line 113)
  0x0000770bbc600894: e8dc 78ff 

  0x0000770bbc600898: ;   {other}
  0x0000770bbc600898: 0f1f 8400 | 8809 0026 | beb5 ffff | ff48 8904 

  0x0000770bbc6008a8: ;   {runtime_call UncommonTrapBlob}
  0x0000770bbc6008a8: 2466 90e8 

  0x0000770bbc6008ac: ; ImmutableOopMap {rbp=Oop [0]=Oop }
                      ;*astore_3 {reexecute=0 rethrow=0 return_oop=0}
                      ; - jdk.internal.reflect.DirectMethodHandleAccessor::invoke@27 (line 104)
  0x0000770bbc6008ac: d0dc 78ff 

  0x0000770bbc6008b0: ;   {other}
  0x0000770bbc6008b0: 0f1f 8400 | a009 0027 | be6a 0000 | 0048 8be8 

  0x0000770bbc6008c0: ;   {runtime_call UncommonTrapBlob}
  0x0000770bbc6008c0: 6666 90e8 

  0x0000770bbc6008c4: ; ImmutableOopMap {rbp=Oop }
                      ;*new {reexecute=0 rethrow=0 return_oop=0}
                      ; - jdk.internal.reflect.DirectMethodHandleAccessor::invoke@83 (line 118)
  0x0000770bbc6008c4: b8dc 78ff 

  0x0000770bbc6008c8: ;   {other}
  0x0000770bbc6008c8: 0f1f 8400 | b809 0028 | 488b f0eb | 0848 8bf0 | eb03 488b | f048 83c4 

  0x0000770bbc6008e0: ;   {runtime_call _rethrow_Java}
  0x0000770bbc6008e0: 405d e999 

  0x0000770bbc6008e4: ;   {internal_word}
  0x0000770bbc6008e4: a586 ff49 | ba85 0260 | bc0b 7700 | 004d 8997 | 6804 0000 

  0x0000770bbc6008f8: ;   {runtime_call SafepointBlob}
  0x0000770bbc6008f8: e903 cb78 

  0x0000770bbc6008fc: ;   {runtime_call StubRoutines (final stubs)}
  0x0000770bbc6008fc: ffe8 1ec9 | 76ff e9d3 | f8ff fff4 
[Stub Code]
  0x0000770bbc600908: ;   {no_reloc}
  0x0000770bbc600908: 48bb 0000 | 0000 0000 

  0x0000770bbc600910: ;   {runtime_call nmethod}
  0x0000770bbc600910: 0000 e9fb 

  0x0000770bbc600914: ;   {static_stub}
  0x0000770bbc600914: ffff ff48 | bb00 0000 | 0000 0000 

  0x0000770bbc600920: ;   {runtime_call nmethod}
  0x0000770bbc600920: 00e9 fbff 

  0x0000770bbc600924: ;   {static_stub}
  0x0000770bbc600924: ffff 48bb | 0000 0000 | 0000 0000 

  0x0000770bbc600930: ;   {runtime_call nmethod}
  0x0000770bbc600930: e9fb ffff 

  0x0000770bbc600934: ;   {static_stub}
  0x0000770bbc600934: ff48 bb00 | 0000 0000 

  0x0000770bbc60093c: ;   {runtime_call nmethod}
  0x0000770bbc60093c: 0000 00e9 | fbff ffff 

  0x0000770bbc600944: ;   {static_stub}
  0x0000770bbc600944: 48bb 0000 | 0000 0000 

  0x0000770bbc60094c: ;   {runtime_call nmethod}
  0x0000770bbc60094c: 0000 e9fb 

  0x0000770bbc600950: ;   {static_stub}
  0x0000770bbc600950: ffff ff48 | bb00 0000 | 0000 0000 

  0x0000770bbc60095c: ;   {runtime_call nmethod}
  0x0000770bbc60095c: 00e9 fbff 

  0x0000770bbc600960: ;   {runtime_call ExceptionBlob}
  0x0000770bbc600960: ffff e999 | ee85 ffe8 | 0000 0000 | 4883 2c24 

  0x0000770bbc600970: ;   {runtime_call DeoptimizationBlob}
  0x0000770bbc600970: 05e9 2adf | 78ff e800 | 0000 0048 | 832c 2405 

  0x0000770bbc600980: ;   {runtime_call DeoptimizationBlob}
  0x0000770bbc600980: e91b df78 | fff4 f4f4 
[/MachCode]


Compiled method (c1) 11524 5866   !   3       com.sun.javafx.reflect.MethodUtil::invoke (111 bytes)
 total in heap  [0x0000770bb53f5810,0x0000770bb53fc3f8] = 27624
 relocation     [0x0000770bb53f5968,0x0000770bb53f5f48] = 1504
 main code      [0x0000770bb53f5f60,0x0000770bb53f9fe8] = 16520
 stub code      [0x0000770bb53f9fe8,0x0000770bb53fa1d0] = 488
 oops           [0x0000770bb53fa1d0,0x0000770bb53fa250] = 128
 metadata       [0x0000770bb53fa250,0x0000770bb53fa328] = 216
 scopes data    [0x0000770bb53fa328,0x0000770bb53faac8] = 1952
 scopes pcs     [0x0000770bb53faac8,0x0000770bb53fb348] = 2176
 dependencies   [0x0000770bb53fb348,0x0000770bb53fb358] = 16
 handler table  [0x0000770bb53fb358,0x0000770bb53fc360] = 4104
 nul chk table  [0x0000770bb53fc360,0x0000770bb53fc3f8] = 152

[Constant Pool (empty)]

[MachCode]
[Verified Entry Point]
  # {method} {0x0000770b4f9d5d78} 'invoke' '(Ljava/lang/reflect/Method;Ljava/lang/Object;[Ljava/lang/Object;)Ljava/lang/Object;' in 'com/sun/javafx/reflect/MethodUtil'
  # parm0:    rsi:rsi   = 'java/lang/reflect/Method'
  # parm1:    rdx:rdx   = 'java/lang/Object'
  # parm2:    rcx:rcx   = '[Ljava/lang/Object;'
  #           [sp+0x290]  (sp of caller)
  0x0000770bb53f5f60: 8984 2400 | c0fe ff55 | 4881 ec80 | 0200 0090 | 4181 7f20 | 0300 0000 

  0x0000770bb53f5f78: ;   {runtime_call StubRoutines (final stubs)}
  0x0000770bb53f5f78: 7405 e8a1 | 7297 064c | 8bc6 4c8b | ca4c 8bd9 

  0x0000770bb53f5f88: ;   {metadata(method data for {method} {0x0000770b4f9d5d78} 'invoke' '(Ljava/lang/reflect/Method;Ljava/lang/Object;[Ljava/lang/Object;)Ljava/lang/Object;' in 'com/sun/javafx/reflect/MethodUtil')}
  0x0000770bb53f5f88: 48bb 4023 | 8050 0b77 | 0000 8b93 | f400 0000 | 83c2 0289 | 93f4 0000 | 0081 e2fe | 0700 0085 
  0x0000770bb53f5fa8: d20f 843a | 3800 00bb | 0300 0000 

  0x0000770bb53f5fb4: ;   {metadata('java/lang/Object'[])}
  0x0000770bb53f5fb4: 48ba 7012 | 0053 0b77 | 0000 4863 | db48 8bfb | 4881 fbff | ffff 000f | 8739 3800 | 0048 c7c6 
  0x0000770bb53f5fd4: 1700 0000 | 488d 349e | 4883 e6f8 | 498b 87b8 | 0100 0048 | 8d34 3049 | 3bb7 c801 | 0000 0f87 
  0x0000770bb53f5ff4: 1238 0000 | 4989 b7b8 | 0100 0048 | 2bf0 48c7 | 0001 0000 | 0048 8bca | 49ba 0000 | 0053 0b77 
  0x0000770bb53f6014: 0000 492b | ca89 4808 | 8958 0c48 | 83ee 1048 | 85f6 0f84 | 1100 0000 | 4833 db48 | c1ee 0348 
  0x0000770bb53f6034: 895c f008 | 48ff ce75 | f648 8984 | 2498 0100 | 004d 85c0 

  0x0000770bb53f6048: ;   {metadata(method data for {method} {0x0000770b4f9d5d78} 'invoke' '(Ljava/lang/reflect/Method;Ljava/lang/Object;[Ljava/lang/Object;)Ljava/lang/Object;' in 'com/sun/javafx/reflect/MethodUtil')}
  0x0000770bb53f6048: 7516 48bf | 4023 8050 | 0b77 0000 | 808f 3101 | 0000 01e9 | fa00 0000 

  0x0000770bb53f6060: ; implicit exception: dispatches to 0x0000770bb53f9814
  0x0000770bb53f6060: 8b70 0849 | ba00 0000 | 530b 7700 | 0049 03f2 | 418b 7808 | 49ba 0000 | 0053 0b77 | 0000 4903 
  0x0000770bb53f6080: fa48 8bb6 | e000 0000 | 483b fe0f | 8427 0000 | 008b 5e14 | 483b 341f | 0f84 1a00 | 0000 83fb 
  0x0000770bb53f60a0: 200f 859c | 0000 0057 

  0x0000770bb53f60a8: ;   {runtime_call slow_subtype_check Runtime1 stub}
  0x0000770bb53f60a8: 56e8 d218 | a606 5f5e | 85f6 0f84 | 8b00 0000 

  0x0000770bb53f60b8: ;   {metadata(method data for {method} {0x0000770b4f9d5d78} 'invoke' '(Ljava/lang/reflect/Method;Ljava/lang/Object;[Ljava/lang/Object;)Ljava/lang/Object;' in 'com/sun/javafx/reflect/MethodUtil')}
  0x0000770bb53f60b8: 48bf 4023 | 8050 0b77 | 0000 418b | 7008 49ba | 0000 0053 | 0b77 0000 | 4903 f248 | 3bb7 4801 
  0x0000770bb53f60d8: 0000 750d | 4883 8750 | 0100 0001 | e971 0000 | 0048 3bb7 | 5801 0000 | 750d 4883 | 8760 0100 
  0x0000770bb53f60f8: 0001 e95b | 0000 0048 | 83bf 4801 | 0000 0075 | 1748 89b7 | 4801 0000 | 48c7 8750 | 0100 0001 
  0x0000770bb53f6118: 0000 00e9 | 3a00 0000 | 4883 bf58 | 0100 0000 | 7517 4889 | b758 0100 | 0048 c787 | 6001 0000 
  0x0000770bb53f6138: 0100 0000 | e919 0000 

  0x0000770bb53f6140: ;   {metadata(method data for {method} {0x0000770b4f9d5d78} 'invoke' '(Ljava/lang/reflect/Method;Ljava/lang/Object;[Ljava/lang/Object;)Ljava/lang/Object;' in 'com/sun/javafx/reflect/MethodUtil')}
  0x0000770bb53f6140: 00eb 1748 | bf40 2380 | 500b 7700 | 0048 83af | 3801 0000 | 01e9 bf36 | 0000 488d | 7010 410f 
  0x0000770bb53f6160: be7f 4085 | ff0f 85b7 | 3600 004d | 8bd0 49c1 | ea03 4489 | 1648 8bfe | 4933 f848 | c1ef 1548 
  0x0000770bb53f6180: 83ff 000f | 85b7 3600 | 004d 85c9 

  0x0000770bb53f618c: ;   {metadata(method data for {method} {0x0000770b4f9d5d78} 'invoke' '(Ljava/lang/reflect/Method;Ljava/lang/Object;[Ljava/lang/Object;)Ljava/lang/Object;' in 'com/sun/javafx/reflect/MethodUtil')}
  0x0000770bb53f618c: 7516 48bf | 4023 8050 | 0b77 0000 | 808f 6901 | 0000 01e9 | fa00 0000 

  0x0000770bb53f61a4: ; implicit exception: dispatches to 0x0000770bb53f9858
  0x0000770bb53f61a4: 8b70 0849 | ba00 0000 | 530b 7700 | 0049 03f2 | 418b 7908 | 49ba 0000 | 0053 0b77 | 0000 4903 
  0x0000770bb53f61c4: fa48 8bb6 | e000 0000 | 483b fe0f | 8427 0000 | 008b 5e14 | 483b 341f | 0f84 1a00 | 0000 83fb 
  0x0000770bb53f61e4: 200f 859c | 0000 0057 

  0x0000770bb53f61ec: ;   {runtime_call slow_subtype_check Runtime1 stub}
  0x0000770bb53f61ec: 56e8 8e17 | a606 5f5e | 85f6 0f84 | 8b00 0000 

  0x0000770bb53f61fc: ;   {metadata(method data for {method} {0x0000770b4f9d5d78} 'invoke' '(Ljava/lang/reflect/Method;Ljava/lang/Object;[Ljava/lang/Object;)Ljava/lang/Object;' in 'com/sun/javafx/reflect/MethodUtil')}
  0x0000770bb53f61fc: 48bf 4023 | 8050 0b77 | 0000 418b | 7108 49ba | 0000 0053 | 0b77 0000 | 4903 f248 | 3bb7 8001 
  0x0000770bb53f621c: 0000 750d | 4883 8788 | 0100 0001 | e971 0000 | 0048 3bb7 | 9001 0000 | 750d 4883 | 8798 0100 
  0x0000770bb53f623c: 0001 e95b | 0000 0048 | 83bf 8001 | 0000 0075 | 1748 89b7 | 8001 0000 | 48c7 8788 | 0100 0001 
  0x0000770bb53f625c: 0000 00e9 | 3a00 0000 | 4883 bf90 | 0100 0000 | 7517 4889 | b790 0100 | 0048 c787 | 9801 0000 
  0x0000770bb53f627c: 0100 0000 | e919 0000 

  0x0000770bb53f6284: ;   {metadata(method data for {method} {0x0000770b4f9d5d78} 'invoke' '(Ljava/lang/reflect/Method;Ljava/lang/Object;[Ljava/lang/Object;)Ljava/lang/Object;' in 'com/sun/javafx/reflect/MethodUtil')}
  0x0000770bb53f6284: 00eb 1748 | bf40 2380 | 500b 7700 | 0048 83af | 7001 0000 | 01e9 bf35 | 0000 488d | 7014 410f 
  0x0000770bb53f62a4: be7f 4085 | ff0f 85b7 | 3500 004d | 8bd1 49c1 | ea03 4489 | 1648 8bfe | 4933 f948 | c1ef 1548 
  0x0000770bb53f62c4: 83ff 000f | 85b7 3500 | 004d 85db 

  0x0000770bb53f62d0: ;   {metadata(method data for {method} {0x0000770b4f9d5d78} 'invoke' '(Ljava/lang/reflect/Method;Ljava/lang/Object;[Ljava/lang/Object;)Ljava/lang/Object;' in 'com/sun/javafx/reflect/MethodUtil')}
  0x0000770bb53f62d0: 7516 48bf | 4023 8050 | 0b77 0000 | 808f a101 | 0000 01e9 | fa00 0000 

  0x0000770bb53f62e8: ; implicit exception: dispatches to 0x0000770bb53f989c
  0x0000770bb53f62e8: 8b70 0849 | ba00 0000 | 530b 7700 | 0049 03f2 | 418b 7b08 | 49ba 0000 | 0053 0b77 | 0000 4903 
  0x0000770bb53f6308: fa48 8bb6 | e000 0000 | 483b fe0f | 8427 0000 | 008b 5e14 | 483b 341f | 0f84 1a00 | 0000 83fb 
  0x0000770bb53f6328: 200f 859c | 0000 0057 

  0x0000770bb53f6330: ;   {runtime_call slow_subtype_check Runtime1 stub}
  0x0000770bb53f6330: 56e8 4a16 | a606 5f5e | 85f6 0f84 | 8b00 0000 

  0x0000770bb53f6340: ;   {metadata(method data for {method} {0x0000770b4f9d5d78} 'invoke' '(Ljava/lang/reflect/Method;Ljava/lang/Object;[Ljava/lang/Object;)Ljava/lang/Object;' in 'com/sun/javafx/reflect/MethodUtil')}
  0x0000770bb53f6340: 48bf 4023 | 8050 0b77 | 0000 418b | 7308 49ba | 0000 0053 | 0b77 0000 | 4903 f248 | 3bb7 b801 
  0x0000770bb53f6360: 0000 750d | 4883 87c0 | 0100 0001 | e971 0000 | 0048 3bb7 | c801 0000 | 750d 4883 | 87d0 0100 
  0x0000770bb53f6380: 0001 e95b | 0000 0048 | 83bf b801 | 0000 0075 | 1748 89b7 | b801 0000 | 48c7 87c0 | 0100 0001 
  0x0000770bb53f63a0: 0000 00e9 | 3a00 0000 | 4883 bfc8 | 0100 0000 | 7517 4889 | b7c8 0100 | 0048 c787 | d001 0000 
  0x0000770bb53f63c0: 0100 0000 | e919 0000 

  0x0000770bb53f63c8: ;   {metadata(method data for {method} {0x0000770b4f9d5d78} 'invoke' '(Ljava/lang/reflect/Method;Ljava/lang/Object;[Ljava/lang/Object;)Ljava/lang/Object;' in 'com/sun/javafx/reflect/MethodUtil')}
  0x0000770bb53f63c8: 00eb 1748 | bf40 2380 | 500b 7700 | 0048 83af | a801 0000 | 01e9 bf34 | 0000 488d | 7018 410f 
  0x0000770bb53f63e8: be7f 4085 | ff0f 85b7 | 3400 004d | 8bd3 49c1 | ea03 4489 | 1648 8bfe | 4933 fb48 | c1ef 1548 
  0x0000770bb53f6408: 83ff 000f | 85b7 3400 

  0x0000770bb53f6410: ;   {oop(a 'java/lang/reflect/Method'{0x00000007105555a8})}
  0x0000770bb53f6410: 0048 bfa8 | 5555 1007 | 0000 0048 

  0x0000770bb53f641c: ;   {metadata(method data for {method} {0x0000770b4f9d5d78} 'invoke' '(Ljava/lang/reflect/Method;Ljava/lang/Object;[Ljava/lang/Object;)Ljava/lang/Object;' in 'com/sun/javafx/reflect/MethodUtil')}
  0x0000770bb53f641c: 8bf7 48bb | 4023 8050 | 0b77 0000 | 4883 83e0 | 0100 0001 

  0x0000770bb53f6430: ;   {metadata(method data for {method} {0x0000770b53045680} 'invoke' '(Ljava/lang/Object;[Ljava/lang/Object;)Ljava/lang/Object;' in 'java/lang/reflect/Method')}
  0x0000770bb53f6430: 48be 6093 | b94f 0b77 | 0000 8b9e | f400 0000 | 83c3 0289 | 9ef4 0000 | 0081 e3fe | ff1f 0085 
  0x0000770bb53f6450: db0f 8489 | 3400 0048 

  0x0000770bb53f6458: ;   {metadata(method data for {method} {0x0000770b53045680} 'invoke' '(Ljava/lang/Object;[Ljava/lang/Object;)Ljava/lang/Object;' in 'java/lang/reflect/Method')}
  0x0000770bb53f6458: 8bf7 48bb | 6093 b94f | 0b77 0000 | 4883 8338 | 0100 0001 | 488b f748 | 89bc 2490 

  0x0000770bb53f6474: ;   {optimized virtual_call}
  0x0000770bb53f6474: 0100 00e8 

  0x0000770bb53f6478: ; ImmutableOopMap {[400]=Oop [408]=Oop }
                      ;*invokevirtual isCallerSensitive {reexecute=0 rethrow=0 return_oop=0}
                      ; - java.lang.reflect.Method::invoke@1 (line 561)
                      ; - com.sun.javafx.reflect.MethodUtil::invoke@20 (line 270)
  0x0000770bb53f6478: 04f3 9806 

  0x0000770bb53f647c: ;   {other}
  0x0000770bb53f647c: 0f1f 8400 | 6c0c 0000 | 488b bc24 | 9001 0000 | 0fbe 770c 

  0x0000770bb53f6490: ;   {metadata(method data for {method} {0x0000770b53045680} 'invoke' '(Ljava/lang/Object;[Ljava/lang/Object;)Ljava/lang/Object;' in 'java/lang/reflect/Method')}
  0x0000770bb53f6490: 85f6 48be | 6093 b94f | 0b77 0000 | 48c7 c770 | 0100 0074 | 0748 c7c7 | 8001 0000 | 488b 1c3e 
  0x0000770bb53f64b0: 488d 5b01 | 4889 1c3e | 0f84 4400 | 0000 85c0 

  0x0000770bb53f64c0: ;   {metadata(method data for {method} {0x0000770b53045680} 'invoke' '(Ljava/lang/Object;[Ljava/lang/Object;)Ljava/lang/Object;' in 'java/lang/reflect/Method')}
  0x0000770bb53f64c0: 48be 6093 | b94f 0b77 | 0000 48c7 | c7a0 0100 | 0075 0748 | c7c7 9001 | 0000 488b | 1c3e 488d 
  0x0000770bb53f64e0: 5b01 4889 | 1c3e 0f85 | 1600 0000 

  0x0000770bb53f64ec: ;   {oop(nullptr)}
  0x0000770bb53f64ec: 48bf 0000 | 0000 0000 | 0000 8984 | 24a0 0100 | 00e9 2d00 | 0000 8984 | 24a0 0100 

  0x0000770bb53f6508: ;   {metadata(method data for {method} {0x0000770b53045680} 'invoke' '(Ljava/lang/Object;[Ljava/lang/Object;)Ljava/lang/Object;' in 'java/lang/reflect/Method')}
  0x0000770bb53f6508: 0048 be60 | 93b9 4f0b | 7700 0048 | 8386 b001 | 0000 010f 

  0x0000770bb53f651c: ;   {static_call}
  0x0000770bb53f651c: 1f40 00e8 

  0x0000770bb53f6520: ; ImmutableOopMap {[408]=Oop }
                      ;*invokestatic getCallerClass {reexecute=0 rethrow=0 return_oop=0}
                      ; - java.lang.reflect.Method::invoke@19 (line 564)
                      ; - com.sun.javafx.reflect.MethodUtil::invoke@20 (line 270)
  0x0000770bb53f6520: 5cfc 9806 

  0x0000770bb53f6524: ;   {other}
  0x0000770bb53f6524: 0f1f 8400 | 140d 0001 

  0x0000770bb53f652c: ;   {oop(a 'java/lang/reflect/Method'{0x00000007105555a8})}
  0x0000770bb53f652c: 488b f848 | baa8 5555 | 1007 0000 | 000f be52 

  0x0000770bb53f653c: ;   {metadata(method data for {method} {0x0000770b53045680} 'invoke' '(Ljava/lang/Object;[Ljava/lang/Object;)Ljava/lang/Object;' in 'java/lang/reflect/Method')}
  0x0000770bb53f653c: 0c85 d248 | ba60 93b9 | 4f0b 7700 | 0048 c7c1 | d001 0000 | 7407 48c7 | c1c0 0100 | 004c 8b04 
  0x0000770bb53f655c: 0a4d 8d40 | 014c 8904 | 0a0f 840d | 0000 0048 | 89bc 24a8 | 0100 00e9 | cc00 0000 

  0x0000770bb53f6578: ;   {metadata(method data for {method} {0x0000770b53045680} 'invoke' '(Ljava/lang/Object;[Ljava/lang/Object;)Ljava/lang/Object;' in 'java/lang/reflect/Method')}
  0x0000770bb53f6578: 48ba 6093 | b94f 0b77 | 0000 4883 | 82e0 0100 

  0x0000770bb53f6588: ;   {metadata(method data for {method} {0x0000770b530eb830} 'isStatic' '(I)Z' in 'java/lang/reflect/Modifier')}
  0x0000770bb53f6588: 0001 48ba | 2095 094f | 0b77 0000 | 8b8a f400 | 0000 83c1 | 0289 8af4 | 0000 0081 | e1fe ff1f 
  0x0000770bb53f65a8: 0085 c90f | 8450 3300 

  0x0000770bb53f65b0: ;   {metadata(method data for {method} {0x0000770b530eb830} 'isStatic' '(I)Z' in 'java/lang/reflect/Modifier')}
  0x0000770bb53f65b0: 0048 ba20 | 9509 4f0b | 7700 00ff | 8248 0100 

  0x0000770bb53f65c0: ;   {metadata(method data for {method} {0x0000770b530eb830} 'isStatic' '(I)Z' in 'java/lang/reflect/Modifier')}
  0x0000770bb53f65c0: 0048 ba20 | 9509 4f0b | 7700 00ff | 8258 0100 

  0x0000770bb53f65d0: ;   {metadata(method data for {method} {0x0000770b53045680} 'invoke' '(Ljava/lang/Object;[Ljava/lang/Object;)Ljava/lang/Object;' in 'java/lang/reflect/Method')}
  0x0000770bb53f65d0: 0048 ba60 | 93b9 4f0b | 7700 00ff | 8200 0200 

  0x0000770bb53f65e0: ;   {metadata(method data for {method} {0x0000770b53045680} 'invoke' '(Ljava/lang/Object;[Ljava/lang/Object;)Ljava/lang/Object;' in 'java/lang/reflect/Method')}
  0x0000770bb53f65e0: 0048 ba60 | 93b9 4f0b | 7700 00ff | 8210 0200 

  0x0000770bb53f65f0: ;   {oop(a 'java/lang/reflect/Method'{0x00000007105555a8})}
  0x0000770bb53f65f0: 0048 bea8 | 5555 1007 | 0000 0048 

  0x0000770bb53f65fc: ;   {metadata(method data for {method} {0x0000770b53045680} 'invoke' '(Ljava/lang/Object;[Ljava/lang/Object;)Ljava/lang/Object;' in 'java/lang/reflect/Method')}
  0x0000770bb53f65fc: 8bd6 48b9 | 6093 b94f | 0b77 0000 | 4883 8160 | 0200 0001 

  0x0000770bb53f6610: ;   {oop(a 'java/lang/Class'{0x00000007ffb1cf90} = 'com/sun/javafx/reflect/Trampoline')}
  0x0000770bb53f6610: 48b9 90cf | b1ff 0700 | 0000 488b 

  0x0000770bb53f661c: ;   {oop(nullptr)}
  0x0000770bb53f661c: d749 b800 | 0000 0000 | 0000 0041 | b90a 0000 | 0048 89bc | 24a8 0100 

  0x0000770bb53f6634: ;   {optimized virtual_call}
  0x0000770bb53f6634: 0066 90e8 

  0x0000770bb53f6638: ; ImmutableOopMap {[408]=Oop [424]=Oop }
                      ;*invokevirtual checkAccess {reexecute=0 rethrow=0 return_oop=0}
                      ; - java.lang.reflect.Method::invoke@60 (line 571)
                      ; - com.sun.javafx.reflect.MethodUtil::invoke@20 (line 270)
  0x0000770bb53f6638: 44f1 9806 

  0x0000770bb53f663c: ;   {other}
  0x0000770bb53f663c: 0f1f 8400 | 2c0e 0002 

  0x0000770bb53f6644: ;   {metadata(method data for {method} {0x0000770b53045680} 'invoke' '(Ljava/lang/Object;[Ljava/lang/Object;)Ljava/lang/Object;' in 'java/lang/reflect/Method')}
  0x0000770bb53f6644: 48be 6093 | b94f 0b77 | 0000 ff86 | 9802 0000 | 8b84 24a0 | 0100 0085 

  0x0000770bb53f665c: ;   {metadata(method data for {method} {0x0000770b53045680} 'invoke' '(Ljava/lang/Object;[Ljava/lang/Object;)Ljava/lang/Object;' in 'java/lang/reflect/Method')}
  0x0000770bb53f665c: c048 be60 | 93b9 4f0b | 7700 0048 | c7c2 f002 | 0000 7407 | 48c7 c200 | 0300 0048 | 8b3c 1648 
  0x0000770bb53f667c: 8d7f 0148 | 893c 160f | 84a0 0400 

  0x0000770bb53f6688: ;   {oop(a 'jdk/internal/reflect/DirectMethodHandleAccessor'{0x00000007ffb1d1a0})}
  0x0000770bb53f6688: 0048 bea0 | d1b1 ff07 | 0000 0048 

  0x0000770bb53f6694: ;   {metadata(method data for {method} {0x0000770b53045680} 'invoke' '(Ljava/lang/Object;[Ljava/lang/Object;)Ljava/lang/Object;' in 'java/lang/reflect/Method')}
  0x0000770bb53f6694: 8bd6 48bf | 6093 b94f | 0b77 0000 

  0x0000770bb53f66a0: ;   {metadata('jdk/internal/reflect/DirectMethodHandleAccessor')}
  0x0000770bb53f66a0: 49ba d01c | 1a53 0b77 | 0000 4c89 | 9720 0300 | 0048 8387 | 2803 0000 

  0x0000770bb53f66b8: ;   {metadata(method data for {method} {0x0000770b531a1f68} 'invoke' '(Ljava/lang/Object;[Ljava/lang/Object;Ljava/lang/Class;)Ljava/lang/Object;' in 'jdk/internal/reflect/DirectMethodHandleAccessor')}
  0x0000770bb53f66b8: 0148 baa8 | 2abb 4f0b | 7700 008b | baf4 0000 | 0083 c702 | 89ba f400 | 0000 81e7 | feff 1f00 
  0x0000770bb53f66d8: 85ff 0f84 | 4232 0000 

  0x0000770bb53f66e0: ;   {metadata(method data for {method} {0x0000770b531a1f68} 'invoke' '(Ljava/lang/Object;[Ljava/lang/Object;Ljava/lang/Class;)Ljava/lang/Object;' in 'jdk/internal/reflect/DirectMethodHandleAccessor')}
  0x0000770bb53f66e0: 48ba a82a | bb4f 0b77 | 0000 4883 | 8238 0100 

  0x0000770bb53f66f0: ;   {metadata(method data for {method} {0x0000770b533c8438} 'isStatic' '()Z' in 'jdk/internal/reflect/DirectMethodHandleAccessor')}
  0x0000770bb53f66f0: 0001 48be | 48a0 b94f | 0b77 0000 | 8b96 f400 | 0000 83c2 | 0289 96f4 | 0000 0081 | e2fe ff1f 
  0x0000770bb53f6710: 0085 d20f | 842a 3200 

  0x0000770bb53f6718: ;   {metadata(method data for {method} {0x0000770b533c8438} 'isStatic' '()Z' in 'jdk/internal/reflect/DirectMethodHandleAccessor')}
  0x0000770bb53f6718: 0048 be48 | a0b9 4f0b | 7700 00ff | 8648 0100 

  0x0000770bb53f6728: ;   {metadata(method data for {method} {0x0000770b533c8438} 'isStatic' '()Z' in 'jdk/internal/reflect/DirectMethodHandleAccessor')}
  0x0000770bb53f6728: 0048 be48 | a0b9 4f0b | 7700 00ff | 8658 0100 

  0x0000770bb53f6738: ;   {metadata(method data for {method} {0x0000770b531a1f68} 'invoke' '(Ljava/lang/Object;[Ljava/lang/Object;Ljava/lang/Class;)Ljava/lang/Object;' in 'jdk/internal/reflect/DirectMethodHandleAccessor')}
  0x0000770bb53f6738: 0048 bea8 | 2abb 4f0b | 7700 00ff | 8670 0100 

  0x0000770bb53f6748: ;   {metadata(method data for {method} {0x0000770b531a1f68} 'invoke' '(Ljava/lang/Object;[Ljava/lang/Object;Ljava/lang/Class;)Ljava/lang/Object;' in 'jdk/internal/reflect/DirectMethodHandleAccessor')}
  0x0000770bb53f6748: 0048 bea8 | 2abb 4f0b | 7700 0048 | 8386 c801 | 0000 01be | 0300 0000 | 488b 9424 | 9801 0000 
  0x0000770bb53f6768: 0f1f 8000 

  0x0000770bb53f676c: ;   {static_call}
  0x0000770bb53f676c: 0000 00e8 

  0x0000770bb53f6770: ; ImmutableOopMap {[408]=Oop [424]=Oop }
                      ;*invokestatic checkArgumentCount {reexecute=0 rethrow=0 return_oop=0}
                      ; - jdk.internal.reflect.DirectMethodHandleAccessor::invoke@17 (line 128)
                      ; - java.lang.reflect.Method::invoke@90 (line 580)
                      ; - com.sun.javafx.reflect.MethodUtil::invoke@20 (line 270)
  0x0000770bb53f6770: 0cfa 9806 

  0x0000770bb53f6774: ;   {other}
  0x0000770bb53f6774: 0f1f 8400 | 640f 0003 

  0x0000770bb53f677c: ;   {oop(a 'jdk/internal/reflect/DirectMethodHandleAccessor'{0x00000007ffb1d1a0})}
  0x0000770bb53f677c: 48be a0d1 | b1ff 0700 | 0000 488b 

  0x0000770bb53f6788: ;   {metadata(method data for {method} {0x0000770b531a1f68} 'invoke' '(Ljava/lang/Object;[Ljava/lang/Object;Ljava/lang/Class;)Ljava/lang/Object;' in 'jdk/internal/reflect/DirectMethodHandleAccessor')}
  0x0000770bb53f6788: fe48 bba8 | 2abb 4f0b | 7700 0048 | 8383 d801 

  0x0000770bb53f6798: ;   {metadata(method data for {method} {0x0000770b533c8330} 'invokeImpl' '(Ljava/lang/Object;[Ljava/lang/Object;Ljava/lang/Class;)Ljava/lang/Object;' in 'jdk/internal/reflect/DirectMethodHandleAccessor')}
  0x0000770bb53f6798: 0000 0148 | bf10 2ebb | 4f0b 7700 | 008b 9ff4 | 0000 0083 | c302 899f | f400 0000 | 81e3 feff 
  0x0000770bb53f67b8: 1f00 85db | 0f84 a231 

  0x0000770bb53f67c0: ;   {metadata(method data for {method} {0x0000770b533c8330} 'invokeImpl' '(Ljava/lang/Object;[Ljava/lang/Object;Ljava/lang/Class;)Ljava/lang/Object;' in 'jdk/internal/reflect/DirectMethodHandleAccessor')}
  0x0000770bb53f67c0: 0000 48bf | 102e bb4f | 0b77 0000 | 4883 8738 | 0100 0001 

  0x0000770bb53f67d4: ;   {metadata(method data for {method} {0x0000770b533c8120} 'hasCallerParameter' '()Z' in 'jdk/internal/reflect/DirectMethodHandleAccessor')}
  0x0000770bb53f67d4: 48be 6833 | bb4f 0b77 | 0000 8bbe | f400 0000 | 83c7 0289 | bef4 0000 | 0081 e7fe | ff1f 0085 
  0x0000770bb53f67f4: ff0f 848a 

  0x0000770bb53f67f8: ;   {metadata(method data for {method} {0x0000770b533c8120} 'hasCallerParameter' '()Z' in 'jdk/internal/reflect/DirectMethodHandleAccessor')}
  0x0000770bb53f67f8: 3100 0048 | be68 33bb | 4f0b 7700 | 00ff 8638 

  0x0000770bb53f6808: ;   {metadata(method data for {method} {0x0000770b533c8330} 'invokeImpl' '(Ljava/lang/Object;[Ljava/lang/Object;Ljava/lang/Class;)Ljava/lang/Object;' in 'jdk/internal/reflect/DirectMethodHandleAccessor')}
  0x0000770bb53f6808: 0100 0048 | be10 2ebb | 4f0b 7700 | 00ff 8670 | 0100 0048 | 8bbc 24a8 

  0x0000770bb53f6820: ;   {oop(a 'java/lang/invoke/MethodHandleImpl$1'{0x00000007ffa34208})}
  0x0000770bb53f6820: 0100 0048 | be08 42a3 | ff07 0000 

  0x0000770bb53f682c: ;   {metadata(method data for {method} {0x0000770b533c8330} 'invokeImpl' '(Ljava/lang/Object;[Ljava/lang/Object;Ljava/lang/Class;)Ljava/lang/Object;' in 'jdk/internal/reflect/DirectMethodHandleAccessor')}
  0x0000770bb53f682c: 0048 bb10 | 2ebb 4f0b 

  0x0000770bb53f6834: ;   {metadata('java/lang/invoke/MethodHandleImpl$1')}
  0x0000770bb53f6834: 7700 0049 | bad0 4309 | 530b 7700 | 004c 8993 | 6804 0000 | 4883 8370 | 0400 0001 

  0x0000770bb53f6850: ;   {metadata(method data for {method} {0x0000770b53094fc8} 'reflectiveInvoker' '(Ljava/lang/Class;)Ljava/lang/invoke/MethodHandle;' in 'java/lang/invoke/MethodHandleImpl$1')}
  0x0000770bb53f6850: 48be 0035 | bb4f 0b77 | 0000 8b9e | f400 0000 | 83c3 0289 | 9ef4 0000 | 0081 e3fe | ff1f 0085 
  0x0000770bb53f6870: db0f 842f 

  0x0000770bb53f6874: ;   {metadata(method data for {method} {0x0000770b53094fc8} 'reflectiveInvoker' '(Ljava/lang/Class;)Ljava/lang/invoke/MethodHandle;' in 'java/lang/invoke/MethodHandleImpl$1')}
  0x0000770bb53f6874: 3100 0048 | be00 35bb | 4f0b 7700 | 0048 8386 | 3801 0000 

  0x0000770bb53f6888: ;   {metadata(method data for {method} {0x0000770b53056360} 'requireNonNull' '(Ljava/lang/Object;)Ljava/lang/Object;' in 'java/util/Objects')}
  0x0000770bb53f6888: 0148 be78 | 1801 4f0b | 7700 008b | 9ef4 0000 | 0083 c302 | 899e f400 | 0000 81e3 | feff 1f00 
  0x0000770bb53f68a8: 85db 0f84 | 1731 0000 

  0x0000770bb53f68b0: ;   {metadata(method data for {method} {0x0000770b53056360} 'requireNonNull' '(Ljava/lang/Object;)Ljava/lang/Object;' in 'java/util/Objects')}
  0x0000770bb53f68b0: 4885 ff48 | be78 1801 | 4f0b 7700 | 0048 c7c3 | 4801 0000 | 7407 48c7 | c338 0100 | 0048 8b04 
  0x0000770bb53f68d0: 1e48 8d40 | 0148 8904 | 1e0f 84f5 | 1d00 0048 | 8bf7 0f1f 

  0x0000770bb53f68e4: ;   {static_call}
  0x0000770bb53f68e4: 4400 00e8 

  0x0000770bb53f68e8: ; ImmutableOopMap {[408]=Oop }
                      ;*invokestatic reflectiveInvoker {reexecute=0 rethrow=0 return_oop=0}
                      ; - java.lang.invoke.MethodHandleImpl$1::reflectiveInvoker@6 (line 1656)
                      ; - jdk.internal.reflect.DirectMethodHandleAccessor::invokeImpl@121 (line 176)
                      ; - jdk.internal.reflect.DirectMethodHandleAccessor::invoke@24 (line 130)
                      ; - java.lang.reflect.Method::invoke@90 (line 580)
                      ; - com.sun.javafx.reflect.MethodUtil::invoke@20 (line 270)
  0x0000770bb53f68e8: 94f8 9806 

  0x0000770bb53f68ec: ;   {other}
  0x0000770bb53f68ec: 0f1f 8400 | dc10 0004 | 0f1f 4000 

  0x0000770bb53f68f8: ;   {no_reloc}
  0x0000770bb53f68f8: e9fa 3000 | 0090 9090 | 9090 483b 

  0x0000770bb53f6904: ;   {metadata(method data for {method} {0x0000770b533c8330} 'invokeImpl' '(Ljava/lang/Object;[Ljava/lang/Object;Ljava/lang/Class;)Ljava/lang/Object;' in 'jdk/internal/reflect/DirectMethodHandleAccessor')}
  0x0000770bb53f6904: 0048 ba10 | 2ebb 4f0b | 7700 0048 | 8d92 c804 

  0x0000770bb53f6914: ;   {oop(a 'java/lang/invoke/BoundMethodHandle$Species_LLL'{0x00000007ffb1d1c0})}
  0x0000770bb53f6914: 0000 48b9 | c0d1 b1ff | 0700 0000 | 4885 c975 | 0ef6 4208 | 0175 4df0 | 4883 4a08 

  0x0000770bb53f6930: ;   {metadata('java/lang/invoke/BoundMethodHandle$Species_LLL')}
  0x0000770bb53f6930: 01eb 4549 | b828 5723 | 530b 7700 | 004d 8bd0 | 4c33 4208 | 49f7 c0fc | ffff ff74 | 2b41 f6c0 
  0x0000770bb53f6950: 0275 2548 | f742 08fe | ffff ff74 | 174d 8bc2 | 4c33 4208 | 49f7 c0fc | ffff ff74 | 0b48 834a 
  0x0000770bb53f6970: 0802 eb04 | 4c89 4208 

  0x0000770bb53f6978: ;   {oop(nullptr)}
  0x0000770bb53f6978: 49b8 0000 | 0000 0000 | 0000 4d85 | c075 0ef6 | 4218 0175 | 54f0 4883 | 4a18 01eb | 4c45 8b40 
  0x0000770bb53f6998: 0849 ba00 | 0000 530b | 7700 004d | 03c2 4d8b | d04c 3342 | 1849 f7c0 | fcff ffff | 742b 41f6 
  0x0000770bb53f69b8: c002 7525 | 48f7 4218 | feff ffff | 7417 4d8b | c24c 3342 | 1849 f7c0 | fcff ffff | 740b 4883 
  0x0000770bb53f69d8: 4a18 02eb | 044c 8942 | 1848 8bd0 

  0x0000770bb53f69e4: ;   {metadata(method data for {method} {0x0000770b533c8330} 'invokeImpl' '(Ljava/lang/Object;[Ljava/lang/Object;Ljava/lang/Class;)Ljava/lang/Object;' in 'jdk/internal/reflect/DirectMethodHandleAccessor')}
  0x0000770bb53f69e4: 49b8 102e | bb4f 0b77 | 0000 8b52 | 0849 ba00 | 0000 530b | 7700 0049 | 03d2 493b | 90a0 0400 
  0x0000770bb53f6a04: 0075 0d49 | 8380 a804 | 0000 01e9 | 6000 0000 | 493b 90b0 | 0400 0075 | 0d49 8380 | b804 0000 
  0x0000770bb53f6a24: 01e9 4a00 | 0000 4983 | b8a0 0400 | 0000 7517 | 4989 90a0 | 0400 0049 | c780 a804 | 0000 0100 
  0x0000770bb53f6a44: 0000 e929 | 0000 0049 | 83b8 b004 | 0000 0075 | 1749 8990 | b004 0000 | 49c7 80b8 | 0400 0001 
  0x0000770bb53f6a64: 0000 00e9 | 0800 0000 | 4983 8090 | 0400 0001 

  0x0000770bb53f6a74: ;   {oop(nullptr)}
  0x0000770bb53f6a74: 488b d148 | b900 0000 | 0000 0000 | 004c 8b84 | 2498 0100 | 0048 8bf0 

  0x0000770bb53f6a8c: ;   {optimized virtual_call}
  0x0000770bb53f6a8c: 6666 90e8 

  0x0000770bb53f6a90: ; ImmutableOopMap {}
                      ;*invokevirtual invokeExact {reexecute=0 rethrow=0 return_oop=0}
                      ; - jdk.internal.reflect.DirectMethodHandleAccessor::invokeImpl@136 (line 178)
                      ; - jdk.internal.reflect.DirectMethodHandleAccessor::invoke@24 (line 130)
                      ; - java.lang.reflect.Method::invoke@90 (line 580)
                      ; - com.sun.javafx.reflect.MethodUtil::invoke@20 (line 270)
  0x0000770bb53f6a90: ecec 9806 

  0x0000770bb53f6a94: ;   {other}
  0x0000770bb53f6a94: 0f1f 8400 | 8412 0005 

  0x0000770bb53f6a9c: ;   {metadata(method data for {method} {0x0000770b533c8330} 'invokeImpl' '(Ljava/lang/Object;[Ljava/lang/Object;Ljava/lang/Class;)Ljava/lang/Object;' in 'jdk/internal/reflect/DirectMethodHandleAccessor')}
  0x0000770bb53f6a9c: 48be 102e | bb4f 0b77 | 0000 488d | b6e8 0400 | 0048 85c0 | 750c f606 | 0175 4cf0 | 4883 0e01 
  0x0000770bb53f6abc: eb45 8b50 | 0849 ba00 | 0000 530b | 7700 0049 | 03d2 4c8b | d248 3316 | 48f7 c2fc | ffff ff74 
  0x0000770bb53f6adc: 26f6 c202 | 7521 48f7 | 06fe ffff | ff74 1549 | 8bd2 4833 | 1648 f7c2 | fcff ffff | 7409 4883 
  0x0000770bb53f6afc: 0e02 eb03 

  0x0000770bb53f6b00: ;   {metadata(method data for {method} {0x0000770b53045680} 'invoke' '(Ljava/lang/Object;[Ljava/lang/Object;)Ljava/lang/Object;' in 'java/lang/reflect/Method')}
  0x0000770bb53f6b00: 4889 1648 | be60 93b9 | 4f0b 7700 | 00ff 8648 | 0300 0048 | 81c4 8002 

  0x0000770bb53f6b18: ;   {poll_return}
  0x0000770bb53f6b18: 0000 5d49 | 3ba7 5004 | 0000 0f87 | de2e 0000 

  0x0000770bb53f6b28: ;   {oop(a 'jdk/internal/reflect/DirectMethodHandleAccessor'{0x00000007ffb1d1a0})}
  0x0000770bb53f6b28: c348 bea0 | d1b1 ff07 | 0000 0048 

  0x0000770bb53f6b34: ;   {metadata(method data for {method} {0x0000770b53045680} 'invoke' '(Ljava/lang/Object;[Ljava/lang/Object;)Ljava/lang/Object;' in 'java/lang/reflect/Method')}
  0x0000770bb53f6b34: 8bd6 48bf | 6093 b94f | 0b77 0000 | 4883 8778 | 0300 0001 

  0x0000770bb53f6b48: ;   {metadata(method data for {method} {0x0000770b531a1f10} 'invoke' '(Ljava/lang/Object;[Ljava/lang/Object;)Ljava/lang/Object;' in 'jdk/internal/reflect/DirectMethodHandleAccessor')}
  0x0000770bb53f6b48: 48ba e89c | b94f 0b77 | 0000 8bba | f400 0000 | 83c7 0289 | baf4 0000 | 0081 e7fe | ff1f 0085 
  0x0000770bb53f6b68: ff0f 84ad 

  0x0000770bb53f6b6c: ;   {metadata(method data for {method} {0x0000770b531a1f10} 'invoke' '(Ljava/lang/Object;[Ljava/lang/Object;)Ljava/lang/Object;' in 'jdk/internal/reflect/DirectMethodHandleAccessor')}
  0x0000770bb53f6b6c: 2e00 0048 | bae8 9cb9 | 4f0b 7700 | 0048 8382 | 3801 0000 

  0x0000770bb53f6b80: ;   {metadata(method data for {method} {0x0000770b533c8438} 'isStatic' '()Z' in 'jdk/internal/reflect/DirectMethodHandleAccessor')}
  0x0000770bb53f6b80: 0148 be48 | a0b9 4f0b | 7700 008b | 96f4 0000 | 0083 c202 | 8996 f400 | 0000 81e2 | feff 1f00 
  0x0000770bb53f6ba0: 85d2 0f84 | 952e 0000 

  0x0000770bb53f6ba8: ;   {metadata(method data for {method} {0x0000770b533c8438} 'isStatic' '()Z' in 'jdk/internal/reflect/DirectMethodHandleAccessor')}
  0x0000770bb53f6ba8: 48be 48a0 | b94f 0b77 | 0000 ff86 | 4801 0000 

  0x0000770bb53f6bb8: ;   {metadata(method data for {method} {0x0000770b533c8438} 'isStatic' '()Z' in 'jdk/internal/reflect/DirectMethodHandleAccessor')}
  0x0000770bb53f6bb8: 48be 48a0 | b94f 0b77 | 0000 ff86 | 5801 0000 

  0x0000770bb53f6bc8: ;   {metadata(method data for {method} {0x0000770b531a1f10} 'invoke' '(Ljava/lang/Object;[Ljava/lang/Object;)Ljava/lang/Object;' in 'jdk/internal/reflect/DirectMethodHandleAccessor')}
  0x0000770bb53f6bc8: 48be e89c | b94f 0b77 | 0000 ff86 | 7001 0000 

  0x0000770bb53f6bd8: ;   {metadata(method data for {method} {0x0000770b531a1f10} 'invoke' '(Ljava/lang/Object;[Ljava/lang/Object;)Ljava/lang/Object;' in 'jdk/internal/reflect/DirectMethodHandleAccessor')}
  0x0000770bb53f6bd8: 48be e89c | b94f 0b77 | 0000 4883 | 86c8 0100 | 0001 be03 | 0000 0048 | 8b94 2498 

  0x0000770bb53f6bf4: ;   {static_call}
  0x0000770bb53f6bf4: 0100 00e8 

  0x0000770bb53f6bf8: ; ImmutableOopMap {[408]=Oop }
                      ;*invokestatic checkArgumentCount {reexecute=0 rethrow=0 return_oop=0}
                      ; - jdk.internal.reflect.DirectMethodHandleAccessor::invoke@17 (line 101)
                      ; - java.lang.reflect.Method::invoke@102 (line 580)
                      ; - com.sun.javafx.reflect.MethodUtil::invoke@20 (line 270)
  0x0000770bb53f6bf8: 84d8 1f07 

  0x0000770bb53f6bfc: ;   {other}
  0x0000770bb53f6bfc: 0f1f 8400 | ec13 0006 

  0x0000770bb53f6c04: ;   {oop(a 'jdk/internal/reflect/DirectMethodHandleAccessor'{0x00000007ffb1d1a0})}
  0x0000770bb53f6c04: 48be a0d1 | b1ff 0700 

  0x0000770bb53f6c0c: ;   {metadata(method data for {method} {0x0000770b531a1f10} 'invoke' '(Ljava/lang/Object;[Ljava/lang/Object;)Ljava/lang/Object;' in 'jdk/internal/reflect/DirectMethodHandleAccessor')}
  0x0000770bb53f6c0c: 0000 48bf | e89c b94f | 0b77 0000 | 4883 87d8 | 0100 0001 

  0x0000770bb53f6c20: ;   {metadata(method data for {method} {0x0000770b533c82d8} 'invokeImpl' '(Ljava/lang/Object;[Ljava/lang/Object;)Ljava/lang/Object;' in 'jdk/internal/reflect/DirectMethodHandleAccessor')}
  0x0000770bb53f6c20: 48be f0a4 | b94f 0b77 | 0000 8bbe | f400 0000 | 83c7 0289 | bef4 0000 | 0081 e7fe | ff1f 0085 
  0x0000770bb53f6c40: ff0f 8417 | 2e00 0048 | 8b84 2498 | 0100 008b | 7810 48c1 | e703 4889 | bc24 b001 | 0000 8b58 
  0x0000770bb53f6c60: 1448 c1e3 | 0348 899c | 24b8 0100 | 008b 4018 | 48c1 e003 | 4889 8424 | c001 0000 

  0x0000770bb53f6c7c: ;   {metadata(method data for {method} {0x0000770b533c82d8} 'invokeImpl' '(Ljava/lang/Object;[Ljava/lang/Object;)Ljava/lang/Object;' in 'jdk/internal/reflect/DirectMethodHandleAccessor')}
  0x0000770bb53f6c7c: 48be f0a4 | b94f 0b77 | 0000 488d | b640 0300 

  0x0000770bb53f6c8c: ;   {oop(nullptr)}
  0x0000770bb53f6c8c: 0048 ba00 | 0000 0000 | 0000 0048 | 85d2 7502 | eb4a 8b52 | 0849 ba00 | 0000 530b | 7700 0049 
  0x0000770bb53f6cac: 03d2 4c8b | d248 3356 | 0848 f7c2 | fcff ffff | 742a f6c2 | 0275 2548 | f746 08fe | ffff ff74 
  0x0000770bb53f6ccc: 1749 8bd2 | 4833 5608 | 48f7 c2fc | ffff ff74 | 0b48 834e | 0802 eb04 | 4889 5608 

  0x0000770bb53f6ce8: ;   {metadata(method data for {method} {0x0000770b4f413ab0} 'invokeExact_MT' '(Ljava/lang/Object;Ljava/lang/Object;Ljava/lang/Object;Ljava/lang/Object;Ljava/lang/Object;Ljava/lang/Object;)Ljava/lang/Object;' in 'java/lang/invoke/LambdaForm$MH+0x0000770b54004c00')}
  0x0000770bb53f6ce8: 48be 0088 | b24f 0b77 | 0000 488d | b6f0 0200 

  0x0000770bb53f6cf8: ;   {oop(a 'java/lang/invoke/BoundMethodHandle$Species_LLL'{0x00000007ffb1d1c0})}
  0x0000770bb53f6cf8: 0048 bac0 | d1b1 ff07 | 0000 0048 | 85d2 750a | f606 0175 | 05f0 4883 

  0x0000770bb53f6d10: ;   {oop(nullptr)}
  0x0000770bb53f6d10: 0e01 48b9 | 0000 0000 | 0000 0000 | 4885 c975 | 02eb 2a8b | 4908 49ba | 0000 0053 | 0b77 0000 
  0x0000770bb53f6d30: 4903 ca4c | 8bd1 4833 | 4e10 48f7 | c1fc ffff | ff74 0af6 | c102 7505 | 4883 4e10 

  0x0000770bb53f6d4c: ;   {metadata(method data for {method} {0x0000770b533c82d8} 'invokeImpl' '(Ljava/lang/Object;[Ljava/lang/Object;)Ljava/lang/Object;' in 'jdk/internal/reflect/DirectMethodHandleAccessor')}
  0x0000770bb53f6d4c: 0248 bef0 | a4b9 4f0b | 7700 0048 | 8386 0803 

  0x0000770bb53f6d5c: ;   {metadata(method data for {method} {0x0000770b4f413ab0} 'invokeExact_MT' '(Ljava/lang/Object;Ljava/lang/Object;Ljava/lang/Object;Ljava/lang/Object;Ljava/lang/Object;Ljava/lang/Object;)Ljava/lang/Object;' in 'java/lang/invoke/LambdaForm$MH+0x0000770b54004c00')}
  0x0000770bb53f6d5c: 0000 0148 | be00 88b2 | 4f0b 7700 | 008b 8ef4 | 0000 0083 | c102 898e | f400 0000 | 81e1 feff 
  0x0000770bb53f6d7c: 1f00 85c9 | 0f84 f92c 

  0x0000770bb53f6d84: ;   {metadata(method data for {method} {0x0000770b4f413ab0} 'invokeExact_MT' '(Ljava/lang/Object;Ljava/lang/Object;Ljava/lang/Object;Ljava/lang/Object;Ljava/lang/Object;Ljava/lang/Object;)Ljava/lang/Object;' in 'java/lang/invoke/LambdaForm$MH+0x0000770b54004c00')}
  0x0000770bb53f6d84: 0000 48be | 0088 b24f | 0b77 0000 | 488d b6b8 | 0100 0048 | 85d2 750c | f646 0801 | 7506 f048 
  0x0000770bb53f6da4: 834e 0801 

  0x0000770bb53f6da8: ;   {oop(a 'java/lang/invoke/MethodType'{0x00000007ffc028f0} = (Ljava/lang/Object;Ljava/lang/Object;Ljava/lang/Object;Ljava/lang/Object;)Ljava/lang/Object;)}
  0x0000770bb53f6da8: 48b9 f028 | c0ff 0700 | 0000 4885 | c975 0cf6 | 4618 0175 | 06f0 4883 

  0x0000770bb53f6dc0: ;   {metadata(method data for {method} {0x0000770b4f413ab0} 'invokeExact_MT' '(Ljava/lang/Object;Ljava/lang/Object;Ljava/lang/Object;Ljava/lang/Object;Ljava/lang/Object;Ljava/lang/Object;)Ljava/lang/Object;' in 'java/lang/invoke/LambdaForm$MH+0x0000770b54004c00')}
  0x0000770bb53f6dc0: 4e18 0148 | be00 88b2 | 4f0b 7700 | 0048 8386 | a801 0000 

  0x0000770bb53f6dd4: ;   {metadata(method data for {method} {0x0000770b533dc970} 'checkExactType' '(Ljava/lang/invoke/MethodHandle;Ljava/lang/invoke/MethodType;)V' in 'java/lang/invoke/Invokers')}
  0x0000770bb53f6dd4: 0148 be90 | 1032 4f0b | 7700 008b | 8ef4 0000 | 0083 c102 | 898e f400 | 0000 81e1 | feff 1f00 
  0x0000770bb53f6df4: 85c9 0f84 | a42c 0000 

  0x0000770bb53f6dfc: ;   {metadata(method data for {method} {0x0000770b533dc970} 'checkExactType' '(Ljava/lang/invoke/MethodHandle;Ljava/lang/invoke/MethodType;)V' in 'java/lang/invoke/Invokers')}
  0x0000770bb53f6dfc: 48be 9010 | 324f 0b77 | 0000 8b52 | 0849 ba00 | 0000 530b | 7700 0049 | 03d2 483b | 9648 0100 
  0x0000770bb53f6e1c: 0075 0d48 | 8386 5001 | 0000 01e9 | 6000 0000 | 483b 9658 | 0100 0075 | 0d48 8386 | 6001 0000 
  0x0000770bb53f6e3c: 01e9 4a00 | 0000 4883 | be48 0100 | 0000 7517 | 4889 9648 | 0100 0048 | c786 5001 | 0000 0100 
  0x0000770bb53f6e5c: 0000 e929 | 0000 0048 | 83be 5801 | 0000 0075 | 1748 8996 | 5801 0000 | 48c7 8660 | 0100 0001 
  0x0000770bb53f6e7c: 0000 00e9 | 0800 0000 | 4883 8638 | 0100 0001 

  0x0000770bb53f6e8c: ;   {metadata(method data for {method} {0x0000770b533dc970} 'checkExactType' '(Ljava/lang/invoke/MethodHandle;Ljava/lang/invoke/MethodType;)V' in 'java/lang/invoke/Invokers')}
  0x0000770bb53f6e8c: 48be 9010 | 324f 0b77 | 0000 ff86 | 7001 0000 

  0x0000770bb53f6e9c: ;   {metadata(method data for {method} {0x0000770b4f413ab0} 'invokeExact_MT' '(Ljava/lang/Object;Ljava/lang/Object;Ljava/lang/Object;Ljava/lang/Object;Ljava/lang/Object;Ljava/lang/Object;)Ljava/lang/Object;' in 'java/lang/invoke/LambdaForm$MH+0x0000770b54004c00')}
  0x0000770bb53f6e9c: 48be 0088 | b24f 0b77 | 0000 488d | b6f0 0100 

  0x0000770bb53f6eac: ;   {oop(a 'java/lang/invoke/BoundMethodHandle$Species_LLL'{0x00000007ffb1d1c0})}
  0x0000770bb53f6eac: 0048 bac0 | d1b1 ff07 | 0000 0048 | 85d2 750c | f646 0801 | 7506 f048 | 834e 0801 

  0x0000770bb53f6ec8: ;   {metadata(method data for {method} {0x0000770b4f413ab0} 'invokeExact_MT' '(Ljava/lang/Object;Ljava/lang/Object;Ljava/lang/Object;Ljava/lang/Object;Ljava/lang/Object;Ljava/lang/Object;)Ljava/lang/Object;' in 'java/lang/invoke/LambdaForm$MH+0x0000770b54004c00')}
  0x0000770bb53f6ec8: 48be 0088 | b24f 0b77 | 0000 4883 | 86e0 0100 

  0x0000770bb53f6ed8: ;   {metadata(method data for {method} {0x0000770b533dc868} 'checkCustomized' '(Ljava/lang/invoke/MethodHandle;)V' in 'java/lang/invoke/Invokers')}
  0x0000770bb53f6ed8: 0001 48be | 3015 324f | 0b77 0000 | 8b96 f400 | 0000 83c2 | 0289 96f4 | 0000 0081 | e2fe ff1f 
  0x0000770bb53f6ef8: 0085 d20f | 84c0 2b00 

  0x0000770bb53f6f00: ;   {metadata(method data for {method} {0x0000770b533dc868} 'checkCustomized' '(Ljava/lang/invoke/MethodHandle;)V' in 'java/lang/invoke/Invokers')}
  0x0000770bb53f6f00: 0048 be30 | 1532 4f0b | 7700 0048 | 8386 3801 

  0x0000770bb53f6f10: ;   {metadata(method data for {method} {0x0000770b530951e0} 'isCompileConstant' '(Ljava/lang/Object;)Z' in 'java/lang/invoke/MethodHandleImpl')}
  0x0000770bb53f6f10: 0000 0148 | be08 1732 | 4f0b 7700 | 008b 96f4 | 0000 0083 | c202 8996 | f400 0000 | 81e2 feff 
  0x0000770bb53f6f30: 1f00 85d2 | 0f84 a82b 

  0x0000770bb53f6f38: ;   {metadata(method data for {method} {0x0000770b533dc868} 'checkCustomized' '(Ljava/lang/invoke/MethodHandle;)V' in 'java/lang/invoke/Invokers')}
  0x0000770bb53f6f38: 0000 48be | 3015 324f | 0b77 0000 | ff86 4801 

  0x0000770bb53f6f48: ;   {metadata(method data for {method} {0x0000770b533dc868} 'checkCustomized' '(Ljava/lang/invoke/MethodHandle;)V' in 'java/lang/invoke/Invokers')}
  0x0000770bb53f6f48: 0000 48be | 3015 324f | 0b77 0000 | ff86 6801 

  0x0000770bb53f6f58: ;   {metadata(method data for {method} {0x0000770b4f413ab0} 'invokeExact_MT' '(Ljava/lang/Object;Ljava/lang/Object;Ljava/lang/Object;Ljava/lang/Object;Ljava/lang/Object;Ljava/lang/Object;)Ljava/lang/Object;' in 'java/lang/invoke/LambdaForm$MH+0x0000770b54004c00')}
  0x0000770bb53f6f58: 0000 48be | 0088 b24f | 0b77 0000 | 488d b640 

  0x0000770bb53f6f68: ;   {oop(nullptr)}
  0x0000770bb53f6f68: 0200 0048 | ba00 0000 | 0000 0000 | 0048 85d2 | 7502 eb2a | 8b52 0849 | ba00 0000 | 530b 7700 
  0x0000770bb53f6f88: 0049 03d2 | 4c8b d248 | 3356 0848 | f7c2 fcff | ffff 740a | f6c2 0275 | 0548 834e 

  0x0000770bb53f6fa4: ;   {metadata(method data for {method} {0x0000770b4fb65750} 'invoke' '(Ljava/lang/Object;Ljava/lang/Object;Ljava/lang/Object;Ljava/lang/Object;Ljava/lang/Object;)Ljava/lang/Object;' in 'java/lang/invoke/LambdaForm$MH+0x0000770b5420c000')}
  0x0000770bb53f6fa4: 0802 48be | 0040 8050 | 0b77 0000 | 488d b6e0 

  0x0000770bb53f6fb4: ;   {oop(a 'java/lang/invoke/BoundMethodHandle$Species_LLL'{0x00000007ffb1d1c0})}
  0x0000770bb53f6fb4: 0300 0048 | bac0 d1b1 | ff07 0000 | 0048 85d2 | 750c f606 | 0175 46f0 | 4883 0e01 

  0x0000770bb53f6fd0: ;   {metadata('java/lang/invoke/BoundMethodHandle$Species_LLL')}
  0x0000770bb53f6fd0: eb3f 48ba | 2857 2353 | 0b77 0000 | 4c8b d248 | 3316 48f7 | c2fc ffff | ff74 26f6 | c202 7521 
  0x0000770bb53f6ff0: 48f7 06fe | ffff ff74 | 1549 8bd2 | 4833 1648 | f7c2 fcff | ffff 7409 | 4883 0e02 | eb03 4889 
  0x0000770bb53f7010: ;   {oop(nullptr)}
  0x0000770bb53f7010: 1648 ba00 | 0000 0000 | 0000 0048 | 85d2 750e | f646 1001 | 7552 f048 | 834e 1001 | eb4a 8b52 
  0x0000770bb53f7030: 0849 ba00 | 0000 530b | 7700 0049 | 03d2 4c8b | d248 3356 | 1048 f7c2 | fcff ffff | 742a f6c2 
  0x0000770bb53f7050: 0275 2548 | f746 10fe | ffff ff74 | 1749 8bd2 | 4833 5610 | 48f7 c2fc | ffff ff74 | 0b48 834e 
  0x0000770bb53f7070: 1002 eb04 | 4889 5610 

  0x0000770bb53f7078: ;   {metadata(method data for {method} {0x0000770b4f413ab0} 'invokeExact_MT' '(Ljava/lang/Object;Ljava/lang/Object;Ljava/lang/Object;Ljava/lang/Object;Ljava/lang/Object;Ljava/lang/Object;)Ljava/lang/Object;' in 'java/lang/invoke/LambdaForm$MH+0x0000770b54004c00')}
  0x0000770bb53f7078: 48be 0088 | b24f 0b77 | 0000 4883 | 8608 0200 

  0x0000770bb53f7088: ;   {metadata(method data for {method} {0x0000770b4fb65750} 'invoke' '(Ljava/lang/Object;Ljava/lang/Object;Ljava/lang/Object;Ljava/lang/Object;Ljava/lang/Object;)Ljava/lang/Object;' in 'java/lang/invoke/LambdaForm$MH+0x0000770b5420c000')}
  0x0000770bb53f7088: 0001 48be | 0040 8050 | 0b77 0000 | 8b96 f400 | 0000 83c2 | 0289 96f4 | 0000 0081 | e2fe ff1f 
  0x0000770bb53f70a8: 0085 d20f | 8452 2a00 

  0x0000770bb53f70b0: ;   {metadata(method data for {method} {0x0000770b4fb65750} 'invoke' '(Ljava/lang/Object;Ljava/lang/Object;Ljava/lang/Object;Ljava/lang/Object;Ljava/lang/Object;)Ljava/lang/Object;' in 'java/lang/invoke/LambdaForm$MH+0x0000770b5420c000')}
  0x0000770bb53f70b0: 0048 be00 | 4080 500b | 7700 0048 | 8db6 1802 | 0000 4885 | ff75 0ef6 | 4608 0175 | 52f0 4883 
  0x0000770bb53f70d0: 4e08 01eb | 4a8b 5708 | 49ba 0000 | 0053 0b77 | 0000 4903 | d24c 8bd2 | 4833 5608 | 48f7 c2fc 
  0x0000770bb53f70f0: ffff ff74 | 2af6 c202 | 7525 48f7 | 4608 feff | ffff 7417 | 498b d248 | 3356 0848 | f7c2 fcff 
  0x0000770bb53f7110: ffff 740b | 4883 4e08 | 02eb 0448 

  0x0000770bb53f711c: ;   {metadata(method data for {method} {0x0000770b4f411a88} 'invoke' '(Ljava/lang/Object;Ljava/lang/Object;)Ljava/lang/Object;' in 'java/lang/invoke/LambdaForm$MH+0x0000770b54003c00')}
  0x0000770bb53f711c: 8956 0848 | bef0 1c41 | 4f0b 7700 | 0048 8db6 | 7002 0000 

  0x0000770bb53f7130: ;   {oop(a 'java/lang/invoke/BoundMethodHandle$Species_LL'{0x00000007ffb1d600})}
  0x0000770bb53f7130: 48ba 00d6 | b1ff 0700 | 0000 4885 | d275 0af6 | 0601 7505 | f048 830e 

  0x0000770bb53f7148: ;   {metadata(method data for {method} {0x0000770b4fb65750} 'invoke' '(Ljava/lang/Object;Ljava/lang/Object;Ljava/lang/Object;Ljava/lang/Object;Ljava/lang/Object;)Ljava/lang/Object;' in 'java/lang/invoke/LambdaForm$MH+0x0000770b5420c000')}
  0x0000770bb53f7148: 0148 be00 | 4080 500b | 7700 0048 | 8386 e001 

  0x0000770bb53f7158: ;   {metadata(method data for {method} {0x0000770b4f411a88} 'invoke' '(Ljava/lang/Object;Ljava/lang/Object;)Ljava/lang/Object;' in 'java/lang/invoke/LambdaForm$MH+0x0000770b54003c00')}
  0x0000770bb53f7158: 0000 0148 | bef0 1c41 | 4f0b 7700 | 008b 96f4 | 0000 0083 | c202 8996 | f400 0000 | 81e2 feff 
  0x0000770bb53f7178: 1f00 85d2 | 0f84 a229 

  0x0000770bb53f7180: ;   {metadata(method data for {method} {0x0000770b4f411a88} 'invoke' '(Ljava/lang/Object;Ljava/lang/Object;)Ljava/lang/Object;' in 'java/lang/invoke/LambdaForm$MH+0x0000770b54003c00')}
  0x0000770bb53f7180: 0000 48be | f01c 414f | 0b77 0000 | 488d b6e0 

  0x0000770bb53f7190: ;   {oop(a 'java/lang/Class'{0x00000007ffe82588} = 'java/lang/reflect/Method')}
  0x0000770bb53f7190: 0100 0048 | ba88 25e8 | ff07 0000 | 0048 85d2 | 750c f646 | 0801 7506 | f048 834e 

  0x0000770bb53f71ac: ;   {metadata(method data for {method} {0x0000770b530b4138} 'invokeSpecial' '(Ljava/lang/Object;Ljava/lang/Object;Ljava/lang/Object;)Ljava/lang/Object;' in 'java/lang/invoke/DirectMethodHandle$Holder')}
  0x0000770bb53f71ac: 0801 48be | 18f8 3d4f | 0b77 0000 | 488d b648 

  0x0000770bb53f71bc: ;   {oop(a 'java/lang/invoke/DirectMethodHandle'{0x00000007ffc14b70})}
  0x0000770bb53f71bc: 0200 0048 | b970 4bc1 | ff07 0000 | 0048 85c9 | 750a f606 | 0175 05f0 | 4883 0e01 | 4885 d275 
  0x0000770bb53f71dc: 0cf6 4610 | 0175 06f0 | 4883 4e10 

  0x0000770bb53f71e8: ;   {metadata(method data for {method} {0x0000770b4f411a88} 'invoke' '(Ljava/lang/Object;Ljava/lang/Object;)Ljava/lang/Object;' in 'java/lang/invoke/LambdaForm$MH+0x0000770b54003c00')}
  0x0000770bb53f71e8: 0148 bef0 | 1c41 4f0b | 7700 0048 | 8386 a801 

  0x0000770bb53f71f8: ;   {metadata(method data for {method} {0x0000770b530b4138} 'invokeSpecial' '(Ljava/lang/Object;Ljava/lang/Object;Ljava/lang/Object;)Ljava/lang/Object;' in 'java/lang/invoke/DirectMethodHandle$Holder')}
  0x0000770bb53f71f8: 0000 0148 | be18 f83d | 4f0b 7700 | 0044 8b86 | f400 0000 | 4183 c002 | 4489 86f4 | 0000 0041 
  0x0000770bb53f7218: 81e0 feff | 1f00 4585 | c00f 841e 

  0x0000770bb53f7224: ;   {metadata(method data for {method} {0x0000770b530b4138} 'invokeSpecial' '(Ljava/lang/Object;Ljava/lang/Object;Ljava/lang/Object;)Ljava/lang/Object;' in 'java/lang/invoke/DirectMethodHandle$Holder')}
  0x0000770bb53f7224: 2900 0048 | be18 f83d | 4f0b 7700 | 0048 8db6 | 4801 0000 | 4885 c975 | 0cf6 4608 | 0175 06f0 
  0x0000770bb53f7244: 4883 4e08 

  0x0000770bb53f7248: ;   {metadata(method data for {method} {0x0000770b530b4138} 'invokeSpecial' '(Ljava/lang/Object;Ljava/lang/Object;Ljava/lang/Object;)Ljava/lang/Object;' in 'java/lang/invoke/DirectMethodHandle$Holder')}
  0x0000770bb53f7248: 0148 be18 | f83d 4f0b | 7700 0048 | 8386 3801 

  0x0000770bb53f7258: ;   {metadata(method data for {method} {0x0000770b530a1a00} 'internalMemberName' '(Ljava/lang/Object;)Ljava/lang/Object;' in 'java/lang/invoke/DirectMethodHandle')}
  0x0000770bb53f7258: 0000 0148 | bee0 9b14 | 4f0b 7700 | 008b 8ef4 | 0000 0083 | c102 898e | f400 0000 | 81e1 feff 
  0x0000770bb53f7278: 1f00 85c9 | 0f84 e428 

  0x0000770bb53f7280: ;   {metadata(method data for {method} {0x0000770b530b4138} 'invokeSpecial' '(Ljava/lang/Object;Ljava/lang/Object;Ljava/lang/Object;)Ljava/lang/Object;' in 'java/lang/invoke/DirectMethodHandle$Holder')}
  0x0000770bb53f7280: 0000 48be | 18f8 3d4f | 0b77 0000 | 488d b658 

  0x0000770bb53f7290: ;   {oop(a 'java/lang/invoke/MemberName'{0x00000007ffc14bd8} = {method} {0x0000770b53469018} 'cast' '(Ljava/lang/Object;)Ljava/lang/Object;' in 'java/lang/Class')}
  0x0000770bb53f7290: 0100 0048 | b9d8 4bc1 | ff07 0000 | 0048 85c9 | 750a f606 | 0175 05f0 | 4883 0e01 

  0x0000770bb53f72ac: ;   {metadata(method data for {method} {0x0000770b530b4138} 'invokeSpecial' '(Ljava/lang/Object;Ljava/lang/Object;Ljava/lang/Object;)Ljava/lang/Object;' in 'java/lang/invoke/DirectMethodHandle$Holder')}
  0x0000770bb53f72ac: 48be 18f8 | 3d4f 0b77 | 0000 488d | b6b0 0100 | 0048 85d2 | 750c f646 | 0801 7506 | f048 834e 
  0x0000770bb53f72cc: ;   {metadata(method data for {method} {0x0000770b530b4138} 'invokeSpecial' '(Ljava/lang/Object;Ljava/lang/Object;Ljava/lang/Object;)Ljava/lang/Object;' in 'java/lang/invoke/DirectMethodHandle$Holder')}
  0x0000770bb53f72cc: 0801 48be | 18f8 3d4f | 0b77 0000 | 4883 86a0 | 0100 0001 

  0x0000770bb53f72e0: ;   {metadata(method data for {method} {0x0000770b53469018} 'cast' '(Ljava/lang/Object;)Ljava/lang/Object;' in 'java/lang/Class')}
  0x0000770bb53f72e0: 48be 9846 | 154f 0b77 | 0000 8b96 | f400 0000 | 83c2 0289 | 96f4 0000 | 0081 e2fe | ff1f 0085 
  0x0000770bb53f7300: d20f 8480 | 2800 0048 

  0x0000770bb53f7308: ;   {metadata(method data for {method} {0x0000770b53469018} 'cast' '(Ljava/lang/Object;)Ljava/lang/Object;' in 'java/lang/Class')}
  0x0000770bb53f7308: 85ff 48be | 9846 154f | 0b77 0000 | 48c7 c238 | 0100 0074 | 0748 c7c2 | 4801 0000 | 488b 0c16 
  0x0000770bb53f7328: 488d 4901 | 4889 0c16 | 0f84 8800 

  0x0000770bb53f7334: ;   {oop(a 'java/lang/Class'{0x00000007ffe82588} = 'java/lang/reflect/Method')}
  0x0000770bb53f7334: 0000 48be | 8825 e8ff | 0700 0000 

  0x0000770bb53f7340: ;   {metadata(method data for {method} {0x0000770b53469018} 'cast' '(Ljava/lang/Object;)Ljava/lang/Object;' in 'java/lang/Class')}
  0x0000770bb53f7340: 48ba 9846 | 154f 0b77 | 0000 4883 | 8258 0100 | 0001 4885 | ff0f 8429 

  0x0000770bb53f7358: ;   {metadata('java/lang/reflect/Method')}
  0x0000770bb53f7358: 0000 0049 | b8f8 1e04 | 530b 7700 | 008b 4f08 | 49ba 0000 | 0053 0b77 | 0000 4903 | ca4c 3b41 
  0x0000770bb53f7378: 480f 8505 | 0000 00e9 | 0500 0000 | 4833 f6eb | 0748 c7c6 | 0100 0000 

  0x0000770bb53f7390: ;   {metadata(method data for {method} {0x0000770b53469018} 'cast' '(Ljava/lang/Object;)Ljava/lang/Object;' in 'java/lang/Class')}
  0x0000770bb53f7390: 85f6 48be | 9846 154f | 0b77 0000 | 48c7 c2a0 | 0100 0074 | 0748 c7c2 | 9001 0000 | 488b 0c16 
  0x0000770bb53f73b0: 488d 4901 | 4889 0c16 | 0f84 f60d 

  0x0000770bb53f73bc: ;   {metadata(method data for {method} {0x0000770b4fb65750} 'invoke' '(Ljava/lang/Object;Ljava/lang/Object;Ljava/lang/Object;Ljava/lang/Object;Ljava/lang/Object;)Ljava/lang/Object;' in 'java/lang/invoke/LambdaForm$MH+0x0000770b5420c000')}
  0x0000770bb53f73bc: 0000 48be | 0040 8050 | 0b77 0000 | 488d b628 | 0200 0048 | 85ff 750c | f606 0175 | 4cf0 4883 
  0x0000770bb53f73dc: 0e01 eb45 | 8b57 0849 | ba00 0000 | 530b 7700 | 0049 03d2 | 4c8b d248 | 3316 48f7 | c2fc ffff 
  0x0000770bb53f73fc: ff74 26f6 | c202 7521 | 48f7 06fe | ffff ff74 | 1549 8bd2 | 4833 1648 | f7c2 fcff | ffff 7409 
  0x0000770bb53f741c: 4883 0e02 | eb03 4889 

  0x0000770bb53f7424: ;   {metadata(method data for {method} {0x0000770b4fb65750} 'invoke' '(Ljava/lang/Object;Ljava/lang/Object;Ljava/lang/Object;Ljava/lang/Object;Ljava/lang/Object;)Ljava/lang/Object;' in 'java/lang/invoke/LambdaForm$MH+0x0000770b5420c000')}
  0x0000770bb53f7424: 1648 be00 | 4080 500b | 7700 0048 | 8db6 a802 | 0000 4885 | c075 0ef6 | 4608 0175 | 52f0 4883 
  0x0000770bb53f7444: 4e08 01eb | 4a8b 5008 | 49ba 0000 | 0053 0b77 | 0000 4903 | d24c 8bd2 | 4833 5608 | 48f7 c2fc 
  0x0000770bb53f7464: ffff ff74 | 2af6 c202 | 7525 48f7 | 4608 feff | ffff 7417 | 498b d248 | 3356 0848 | f7c2 fcff 
  0x0000770bb53f7484: ffff 740b | 4883 4e08 | 02eb 0448 

  0x0000770bb53f7490: ;   {metadata(method data for {method} {0x0000770b4f411a88} 'invoke' '(Ljava/lang/Object;Ljava/lang/Object;)Ljava/lang/Object;' in 'java/lang/invoke/LambdaForm$MH+0x0000770b54003c00')}
  0x0000770bb53f7490: 8956 0848 | bef0 1c41 | 4f0b 7700 | 0048 8db6 | 7002 0000 

  0x0000770bb53f74a4: ;   {oop(a 'java/lang/invoke/BoundMethodHandle$Species_LL'{0x00000007ffb1d5d8})}
  0x0000770bb53f74a4: 48ba d8d5 | b1ff 0700 | 0000 4885 | d275 0af6 | 0601 7505 | f048 830e 

  0x0000770bb53f74bc: ;   {metadata(method data for {method} {0x0000770b4fb65750} 'invoke' '(Ljava/lang/Object;Ljava/lang/Object;Ljava/lang/Object;Ljava/lang/Object;Ljava/lang/Object;)Ljava/lang/Object;' in 'java/lang/invoke/LambdaForm$MH+0x0000770b5420c000')}
  0x0000770bb53f74bc: 0148 be00 | 4080 500b | 7700 0048 | 8386 7002 

  0x0000770bb53f74cc: ;   {metadata(method data for {method} {0x0000770b4f411a88} 'invoke' '(Ljava/lang/Object;Ljava/lang/Object;)Ljava/lang/Object;' in 'java/lang/invoke/LambdaForm$MH+0x0000770b54003c00')}
  0x0000770bb53f74cc: 0000 0148 | bef0 1c41 | 4f0b 7700 | 008b 96f4 | 0000 0083 | c202 8996 | f400 0000 | 81e2 feff 
  0x0000770bb53f74ec: 1f00 85d2 | 0f84 b226 

  0x0000770bb53f74f4: ;   {metadata(method data for {method} {0x0000770b4f411a88} 'invoke' '(Ljava/lang/Object;Ljava/lang/Object;)Ljava/lang/Object;' in 'java/lang/invoke/LambdaForm$MH+0x0000770b54003c00')}
  0x0000770bb53f74f4: 0000 48be | f01c 414f | 0b77 0000 | 488d b6e0 

  0x0000770bb53f7504: ;   {oop(a 'java/lang/Class'{0x00000007ffe87508} = 'java/lang/Object'[])}
  0x0000770bb53f7504: 0100 0048 | ba08 75e8 | ff07 0000 | 0048 85d2 | 750c f646 | 0801 7506 | f048 834e 

  0x0000770bb53f7520: ;   {metadata(method data for {method} {0x0000770b530b4138} 'invokeSpecial' '(Ljava/lang/Object;Ljava/lang/Object;Ljava/lang/Object;)Ljava/lang/Object;' in 'java/lang/invoke/DirectMethodHandle$Holder')}
  0x0000770bb53f7520: 0801 48be | 18f8 3d4f | 0b77 0000 | 488d b648 

  0x0000770bb53f7530: ;   {oop(a 'java/lang/invoke/DirectMethodHandle'{0x00000007ffc14b70})}
  0x0000770bb53f7530: 0200 0048 | b970 4bc1 | ff07 0000 | 0048 85c9 | 750a f606 | 0175 05f0 | 4883 0e01 | 4885 d275 
  0x0000770bb53f7550: 0cf6 4610 | 0175 06f0 | 4883 4e10 

  0x0000770bb53f755c: ;   {metadata(method data for {method} {0x0000770b4f411a88} 'invoke' '(Ljava/lang/Object;Ljava/lang/Object;)Ljava/lang/Object;' in 'java/lang/invoke/LambdaForm$MH+0x0000770b54003c00')}
  0x0000770bb53f755c: 0148 bef0 | 1c41 4f0b | 7700 0048 | 8386 a801 

  0x0000770bb53f756c: ;   {metadata(method data for {method} {0x0000770b530b4138} 'invokeSpecial' '(Ljava/lang/Object;Ljava/lang/Object;Ljava/lang/Object;)Ljava/lang/Object;' in 'java/lang/invoke/DirectMethodHandle$Holder')}
  0x0000770bb53f756c: 0000 0148 | be18 f83d | 4f0b 7700 | 0044 8b86 | f400 0000 | 4183 c002 | 4489 86f4 | 0000 0041 
  0x0000770bb53f758c: 81e0 feff | 1f00 4585 | c00f 842e 

  0x0000770bb53f7598: ;   {metadata(method data for {method} {0x0000770b530b4138} 'invokeSpecial' '(Ljava/lang/Object;Ljava/lang/Object;Ljava/lang/Object;)Ljava/lang/Object;' in 'java/lang/invoke/DirectMethodHandle$Holder')}
  0x0000770bb53f7598: 2600 0048 | be18 f83d | 4f0b 7700 | 0048 8db6 | 4801 0000 | 4885 c975 | 0cf6 4608 | 0175 06f0 
  0x0000770bb53f75b8: 4883 4e08 

  0x0000770bb53f75bc: ;   {metadata(method data for {method} {0x0000770b530b4138} 'invokeSpecial' '(Ljava/lang/Object;Ljava/lang/Object;Ljava/lang/Object;)Ljava/lang/Object;' in 'java/lang/invoke/DirectMethodHandle$Holder')}
  0x0000770bb53f75bc: 0148 be18 | f83d 4f0b | 7700 0048 | 8386 3801 

  0x0000770bb53f75cc: ;   {metadata(method data for {method} {0x0000770b530a1a00} 'internalMemberName' '(Ljava/lang/Object;)Ljava/lang/Object;' in 'java/lang/invoke/DirectMethodHandle')}
  0x0000770bb53f75cc: 0000 0148 | bee0 9b14 | 4f0b 7700 | 008b 8ef4 | 0000 0083 | c102 898e | f400 0000 | 81e1 feff 
  0x0000770bb53f75ec: 1f00 85c9 | 0f84 f425 

  0x0000770bb53f75f4: ;   {metadata(method data for {method} {0x0000770b530b4138} 'invokeSpecial' '(Ljava/lang/Object;Ljava/lang/Object;Ljava/lang/Object;)Ljava/lang/Object;' in 'java/lang/invoke/DirectMethodHandle$Holder')}
  0x0000770bb53f75f4: 0000 48be | 18f8 3d4f | 0b77 0000 | 488d b658 

  0x0000770bb53f7604: ;   {oop(a 'java/lang/invoke/MemberName'{0x00000007ffc14bd8} = {method} {0x0000770b53469018} 'cast' '(Ljava/lang/Object;)Ljava/lang/Object;' in 'java/lang/Class')}
  0x0000770bb53f7604: 0100 0048 | b9d8 4bc1 | ff07 0000 | 0048 85c9 | 750a f606 | 0175 05f0 | 4883 0e01 

  0x0000770bb53f7620: ;   {metadata(method data for {method} {0x0000770b530b4138} 'invokeSpecial' '(Ljava/lang/Object;Ljava/lang/Object;Ljava/lang/Object;)Ljava/lang/Object;' in 'java/lang/invoke/DirectMethodHandle$Holder')}
  0x0000770bb53f7620: 48be 18f8 | 3d4f 0b77 | 0000 488d | b6b0 0100 | 0048 85d2 | 750c f646 | 0801 7506 | f048 834e 
  0x0000770bb53f7640: ;   {metadata(method data for {method} {0x0000770b530b4138} 'invokeSpecial' '(Ljava/lang/Object;Ljava/lang/Object;Ljava/lang/Object;)Ljava/lang/Object;' in 'java/lang/invoke/DirectMethodHandle$Holder')}
  0x0000770bb53f7640: 0801 48be | 18f8 3d4f | 0b77 0000 | 4883 86a0 | 0100 0001 

  0x0000770bb53f7654: ;   {metadata(method data for {method} {0x0000770b53469018} 'cast' '(Ljava/lang/Object;)Ljava/lang/Object;' in 'java/lang/Class')}
  0x0000770bb53f7654: 48be 9846 | 154f 0b77 | 0000 8b96 | f400 0000 | 83c2 0289 | 96f4 0000 | 0081 e2fe | ff1f 0085 
  0x0000770bb53f7674: d20f 8490 | 2500 0048 

  0x0000770bb53f767c: ;   {metadata(method data for {method} {0x0000770b53469018} 'cast' '(Ljava/lang/Object;)Ljava/lang/Object;' in 'java/lang/Class')}
  0x0000770bb53f767c: 85c0 48be | 9846 154f | 0b77 0000 | 48c7 c238 | 0100 0074 | 0748 c7c2 | 4801 0000 | 488b 0c16 
  0x0000770bb53f769c: 488d 4901 | 4889 0c16 | 0f84 8800 

  0x0000770bb53f76a8: ;   {oop(a 'java/lang/Class'{0x00000007ffe87508} = 'java/lang/Object'[])}
  0x0000770bb53f76a8: 0000 48be | 0875 e8ff | 0700 0000 

  0x0000770bb53f76b4: ;   {metadata(method data for {method} {0x0000770b53469018} 'cast' '(Ljava/lang/Object;)Ljava/lang/Object;' in 'java/lang/Class')}
  0x0000770bb53f76b4: 48ba 9846 | 154f 0b77 | 0000 4883 | 8258 0100 | 0001 4885 | c00f 8429 

  0x0000770bb53f76cc: ;   {metadata('java/lang/Object'[])}
  0x0000770bb53f76cc: 0000 0049 | b870 1200 | 530b 7700 | 008b 4808 | 49ba 0000 | 0053 0b77 | 0000 4903 | ca4c 3b41 
  0x0000770bb53f76ec: 380f 8505 | 0000 00e9 | 0500 0000 | 4833 f6eb | 0748 c7c6 | 0100 0000 

  0x0000770bb53f7704: ;   {metadata(method data for {method} {0x0000770b53469018} 'cast' '(Ljava/lang/Object;)Ljava/lang/Object;' in 'java/lang/Class')}
  0x0000770bb53f7704: 85f6 48be | 9846 154f | 0b77 0000 | 48c7 c2a0 | 0100 0074 | 0748 c7c2 | 9001 0000 | 488b 0c16 
  0x0000770bb53f7724: 488d 4901 | 4889 0c16 | 0f84 9809 

  0x0000770bb53f7730: ;   {metadata(method data for {method} {0x0000770b4fb65750} 'invoke' '(Ljava/lang/Object;Ljava/lang/Object;Ljava/lang/Object;Ljava/lang/Object;Ljava/lang/Object;)Ljava/lang/Object;' in 'java/lang/invoke/LambdaForm$MH+0x0000770b5420c000')}
  0x0000770bb53f7730: 0000 48be | 0040 8050 | 0b77 0000 | 488d b6b8 | 0200 0048 | 85c0 750c | f606 0175 | 4cf0 4883 
  0x0000770bb53f7750: 0e01 eb45 | 8b50 0849 | ba00 0000 | 530b 7700 | 0049 03d2 | 4c8b d248 | 3316 48f7 | c2fc ffff 
  0x0000770bb53f7770: ff74 26f6 | c202 7521 | 48f7 06fe | ffff ff74 | 1549 8bd2 | 4833 1648 | f7c2 fcff | ffff 7409 
  0x0000770bb53f7790: 4883 0e02 | eb03 4889 

  0x0000770bb53f7798: ;   {metadata(method data for {method} {0x0000770b4fb65750} 'invoke' '(Ljava/lang/Object;Ljava/lang/Object;Ljava/lang/Object;Ljava/lang/Object;Ljava/lang/Object;)Ljava/lang/Object;' in 'java/lang/invoke/LambdaForm$MH+0x0000770b5420c000')}
  0x0000770bb53f7798: 1648 be00 | 4080 500b | 7700 0048 | 8db6 3803 | 0000 4885 | ff75 0ef6 | 4608 0175 | 52f0 4883 
  0x0000770bb53f77b8: 4e08 01eb | 4a8b 5708 | 49ba 0000 | 0053 0b77 | 0000 4903 | d24c 8bd2 | 4833 5608 | 48f7 c2fc 
  0x0000770bb53f77d8: ffff ff74 | 2af6 c202 | 7525 48f7 | 4608 feff | ffff 7417 | 498b d248 | 3356 0848 | f7c2 fcff 
  0x0000770bb53f77f8: ffff 740b | 4883 4e08 | 02eb 0448 

  0x0000770bb53f7804: ;   {metadata(method data for {method} {0x0000770b530b2ea8} 'invokeStatic' '(Ljava/lang/Object;Ljava/lang/Object;Ljava/lang/Object;Ljava/lang/Object;)Ljava/lang/Object;' in 'java/lang/invoke/DirectMethodHandle$Holder')}
  0x0000770bb53f7804: 8956 0848 | beb8 6c78 | 500b 7700 | 0048 8db6 | 5002 0000 

  0x0000770bb53f7818: ;   {oop(a 'java/lang/invoke/DirectMethodHandle'{0x00000007ffb1d520})}
  0x0000770bb53f7818: 48ba 20d5 | b1ff 0700 | 0000 4885 | d275 0cf6 | 0601 7546 | f048 830e 

  0x0000770bb53f7830: ;   {metadata('java/lang/invoke/DirectMethodHandle')}
  0x0000770bb53f7830: 01eb 3f48 | b978 f109 | 530b 7700 | 004c 8bd1 | 4833 0e48 | f7c1 fcff | ffff 7426 | f6c1 0275 
  0x0000770bb53f7850: 2148 f706 | feff ffff | 7415 498b | ca48 330e | 48f7 c1fc | ffff ff74 | 0948 830e | 02eb 0348 
  0x0000770bb53f7870: 890e 4885 | ff75 0ef6 | 4610 0175 | 52f0 4883 | 4e10 01eb | 4a8b 4f08 | 49ba 0000 | 0053 0b77 
  0x0000770bb53f7890: 0000 4903 | ca4c 8bd1 | 4833 4e10 | 48f7 c1fc | ffff ff74 | 2af6 c102 | 7525 48f7 | 4610 feff 
  0x0000770bb53f78b0: ffff 7417 | 498b ca48 | 334e 1048 | f7c1 fcff | ffff 740b | 4883 4e10 | 02eb 0448 

  0x0000770bb53f78cc: ;   {metadata(method data for {method} {0x0000770b4fb65750} 'invoke' '(Ljava/lang/Object;Ljava/lang/Object;Ljava/lang/Object;Ljava/lang/Object;Ljava/lang/Object;)Ljava/lang/Object;' in 'java/lang/invoke/LambdaForm$MH+0x0000770b5420c000')}
  0x0000770bb53f78cc: 894e 1048 | be00 4080 | 500b 7700 | 0048 8386 | 0003 0000 

  0x0000770bb53f78e0: ;   {metadata(method data for {method} {0x0000770b530b2ea8} 'invokeStatic' '(Ljava/lang/Object;Ljava/lang/Object;Ljava/lang/Object;Ljava/lang/Object;)Ljava/lang/Object;' in 'java/lang/invoke/DirectMethodHandle$Holder')}
  0x0000770bb53f78e0: 0148 beb8 | 6c78 500b | 7700 008b | 8ef4 0000 | 0083 c102 | 898e f400 | 0000 81e1 | feff 1f00 
  0x0000770bb53f7900: 85c9 0f84 | 2423 0000 

  0x0000770bb53f7908: ;   {metadata(method data for {method} {0x0000770b530b2ea8} 'invokeStatic' '(Ljava/lang/Object;Ljava/lang/Object;Ljava/lang/Object;Ljava/lang/Object;)Ljava/lang/Object;' in 'java/lang/invoke/DirectMethodHandle$Holder')}
  0x0000770bb53f7908: 48be b86c | 7850 0b77 | 0000 488d | b648 0100 | 0048 85d2 | 750e f646 | 0801 754c | f048 834e 
  0x0000770bb53f7928: 0801 eb44 

  0x0000770bb53f792c: ;   {metadata('java/lang/invoke/DirectMethodHandle')}
  0x0000770bb53f792c: 48ba 78f1 | 0953 0b77 | 0000 4c8b | d248 3356 | 0848 f7c2 | fcff ffff | 742a f6c2 | 0275 2548 
  0x0000770bb53f794c: f746 08fe | ffff ff74 | 1749 8bd2 | 4833 5608 | 48f7 c2fc | ffff ff74 | 0b48 834e | 0802 eb04 
  0x0000770bb53f796c: 4889 5608 

  0x0000770bb53f7970: ;   {metadata(method data for {method} {0x0000770b530b2ea8} 'invokeStatic' '(Ljava/lang/Object;Ljava/lang/Object;Ljava/lang/Object;Ljava/lang/Object;)Ljava/lang/Object;' in 'java/lang/invoke/DirectMethodHandle$Holder')}
  0x0000770bb53f7970: 48be b86c | 7850 0b77 | 0000 4883 | 8638 0100 

  0x0000770bb53f7980: ;   {metadata(method data for {method} {0x0000770b530a1a00} 'internalMemberName' '(Ljava/lang/Object;)Ljava/lang/Object;' in 'java/lang/invoke/DirectMethodHandle')}
  0x0000770bb53f7980: 0001 48be | e09b 144f | 0b77 0000 | 8b96 f400 | 0000 83c2 | 0289 96f4 | 0000 0081 | e2fe ff1f 
  0x0000770bb53f79a0: 0085 d20f | 84a4 2200 

  0x0000770bb53f79a8: ;   {metadata(method data for {method} {0x0000770b530b2ea8} 'invokeStatic' '(Ljava/lang/Object;Ljava/lang/Object;Ljava/lang/Object;Ljava/lang/Object;)Ljava/lang/Object;' in 'java/lang/invoke/DirectMethodHandle$Holder')}
  0x0000770bb53f79a8: 0048 beb8 | 6c78 500b | 7700 0048 | 8db6 5801 

  0x0000770bb53f79b8: ;   {oop(a 'java/lang/invoke/MemberName'{0x00000007ffb1d590} = {method} {0x0000770b4f9dc588} 'invoke' '(Ljava/lang/reflect/Method;Ljava/lang/Object;[Ljava/lang/Object;)Ljava/lang/Object;' in 'com/sun/javafx/reflect/Trampoline')}
  0x0000770bb53f79b8: 0000 48ba | 90d5 b1ff | 0700 0000 | 4885 d275 | 0cf6 0601 | 7546 f048 | 830e 01eb 

  0x0000770bb53f79d4: ;   {metadata('java/lang/invoke/MemberName')}
  0x0000770bb53f79d4: 3f48 ba98 | 1c09 530b | 7700 004c | 8bd2 4833 | 1648 f7c2 | fcff ffff | 7426 f6c2 | 0275 2148 
  0x0000770bb53f79f4: f706 feff | ffff 7415 | 498b d248 | 3316 48f7 | c2fc ffff | ff74 0948 | 830e 02eb | 0348 8916 
  0x0000770bb53f7a14: ;   {metadata(method data for {method} {0x0000770b530b2ea8} 'invokeStatic' '(Ljava/lang/Object;Ljava/lang/Object;Ljava/lang/Object;Ljava/lang/Object;)Ljava/lang/Object;' in 'java/lang/invoke/DirectMethodHandle$Holder')}
  0x0000770bb53f7a14: 48be b86c | 7850 0b77 | 0000 488d | b6b0 0100 | 0048 85ff | 750e f646 | 0801 754c | f048 834e 
  0x0000770bb53f7a34: 0801 eb44 

  0x0000770bb53f7a38: ;   {metadata('java/lang/reflect/Method')}
  0x0000770bb53f7a38: 48ba f81e | 0453 0b77 | 0000 4c8b | d248 3356 | 0848 f7c2 | fcff ffff | 742a f6c2 | 0275 2548 
  0x0000770bb53f7a58: f746 08fe | ffff ff74 | 1749 8bd2 | 4833 5608 | 48f7 c2fc | ffff ff74 | 0b48 834e | 0802 eb04 
  0x0000770bb53f7a78: 4889 5608 | 4885 db75 | 0ef6 4618 | 0175 52f0 | 4883 4e18 | 01eb 4a8b | 5308 49ba | 0000 0053 
  0x0000770bb53f7a98: 0b77 0000 | 4903 d24c | 8bd2 4833 | 5618 48f7 | c2fc ffff | ff74 2af6 | c202 7525 | 48f7 4618 
  0x0000770bb53f7ab8: feff ffff | 7417 498b | d248 3356 | 1848 f7c2 | fcff ffff | 740b 4883 | 4e18 02eb | 0448 8956 
  0x0000770bb53f7ad8: ;   {metadata(method data for {method} {0x0000770b530b2ea8} 'invokeStatic' '(Ljava/lang/Object;Ljava/lang/Object;Ljava/lang/Object;Ljava/lang/Object;)Ljava/lang/Object;' in 'java/lang/invoke/DirectMethodHandle$Holder')}
  0x0000770bb53f7ad8: 1848 beb8 | 6c78 500b | 7700 0048 | 8386 a001 

  0x0000770bb53f7ae8: ;   {metadata(method data for {method} {0x0000770b4f9dc588} 'invoke' '(Ljava/lang/reflect/Method;Ljava/lang/Object;[Ljava/lang/Object;)Ljava/lang/Object;' in 'com/sun/javafx/reflect/Trampoline')}
  0x0000770bb53f7ae8: 0000 0148 | be28 c99d | 4f0b 7700 | 008b 96f4 | 0000 0083 | c202 8996 | f400 0000 | 81e2 feff 
  0x0000770bb53f7b08: 1f00 85d2 | 0f84 5c21 

  0x0000770bb53f7b10: ;   {metadata(method data for {method} {0x0000770b4f9dc588} 'invoke' '(Ljava/lang/reflect/Method;Ljava/lang/Object;[Ljava/lang/Object;)Ljava/lang/Object;' in 'com/sun/javafx/reflect/Trampoline')}
  0x0000770bb53f7b10: 0000 48be | 28c9 9d4f | 0b77 0000 | 4883 8638 | 0100 0001 

  0x0000770bb53f7b24: ;   {static_call}
  0x0000770bb53f7b24: 488b f7e8 

  0x0000770bb53f7b28: ; ImmutableOopMap {[432]=Oop [440]=Oop [448]=Oop }
                      ;*invokestatic ensureInvocableMethod {reexecute=0 rethrow=0 return_oop=0}
                      ; - com.sun.javafx.reflect.Trampoline::invoke@1 (line 71)
                      ; - java.lang.invoke.DirectMethodHandle$Holder::invokeStatic@14
                      ; - java.lang.invoke.LambdaForm$MH/0x0000770b5420c000::invoke@63
                      ; - java.lang.invoke.LambdaForm$MH/0x0000770b54004c00::invokeExact_MT@24
                      ; - jdk.internal.reflect.DirectMethodHandleAccessor::invokeImpl@92 (line 156)
                      ; - jdk.internal.reflect.DirectMethodHandleAccessor::invoke@23 (line 103)
                      ; - java.lang.reflect.Method::invoke@102 (line 580)
                      ; - com.sun.javafx.reflect.MethodUtil::invoke@20 (line 270)
  0x0000770bb53f7b28: 146a 0100 

  0x0000770bb53f7b2c: ;   {other}
  0x0000770bb53f7b2c: 0f1f 8400 | 1c23 0007 | 488b bc24 | b001 0000 

  0x0000770bb53f7b3c: ; implicit exception: dispatches to 0x0000770bb53f9c8f
  0x0000770bb53f7b3c: 483b 0748 

  0x0000770bb53f7b40: ;   {metadata(method data for {method} {0x0000770b4f9dc588} 'invoke' '(Ljava/lang/reflect/Method;Ljava/lang/Object;[Ljava/lang/Object;)Ljava/lang/Object;' in 'com/sun/javafx/reflect/Trampoline')}
  0x0000770bb53f7b40: 8bf7 48bb | 28c9 9d4f | 0b77 0000 | 4883 8348 | 0100 0001 

  0x0000770bb53f7b54: ;   {metadata(method data for {method} {0x0000770b53045680} 'invoke' '(Ljava/lang/Object;[Ljava/lang/Object;)Ljava/lang/Object;' in 'java/lang/reflect/Method')}
  0x0000770bb53f7b54: 48be 6093 | b94f 0b77 | 0000 8b9e | f400 0000 | 83c3 0289 | 9ef4 0000 | 0081 e3fe | ff1f 0085 
  0x0000770bb53f7b74: db0f 8419 | 2100 0048 

  0x0000770bb53f7b7c: ;   {metadata(method data for {method} {0x0000770b53045680} 'invoke' '(Ljava/lang/Object;[Ljava/lang/Object;)Ljava/lang/Object;' in 'java/lang/reflect/Method')}
  0x0000770bb53f7b7c: 8bf7 48bb | 6093 b94f | 0b77 0000 | 4883 8338 | 0100 0001 | 488b f70f 

  0x0000770bb53f7b94: ;   {optimized virtual_call}
  0x0000770bb53f7b94: 1f40 00e8 

  0x0000770bb53f7b98: ; ImmutableOopMap {[432]=Oop [440]=Oop [448]=Oop }
                      ;*invokevirtual isCallerSensitive {reexecute=0 rethrow=0 return_oop=0}
                      ; - java.lang.reflect.Method::invoke@1 (line 561)
                      ; - com.sun.javafx.reflect.Trampoline::invoke@7 (line 72)
                      ; - java.lang.invoke.DirectMethodHandle$Holder::invokeStatic@14
                      ; - java.lang.invoke.LambdaForm$MH/0x0000770b5420c000::invoke@63
                      ; - java.lang.invoke.LambdaForm$MH/0x0000770b54004c00::invokeExact_MT@24
                      ; - jdk.internal.reflect.DirectMethodHandleAccessor::invokeImpl@92 (line 156)
                      ; - jdk.internal.reflect.DirectMethodHandleAccessor::invoke@23 (line 103)
                      ; - java.lang.reflect.Method::invoke@102 (line 580)
                      ; - com.sun.javafx.reflect.MethodUtil::invoke@20 (line 270)
  0x0000770bb53f7b98: e4db 9806 

  0x0000770bb53f7b9c: ;   {other}
  0x0000770bb53f7b9c: 0f1f 8400 | 8c23 0008 | 488b bc24 | b001 0000 | 0fbe 770c 

  0x0000770bb53f7bb0: ;   {metadata(method data for {method} {0x0000770b53045680} 'invoke' '(Ljava/lang/Object;[Ljava/lang/Object;)Ljava/lang/Object;' in 'java/lang/reflect/Method')}
  0x0000770bb53f7bb0: 85f6 48be | 6093 b94f | 0b77 0000 | 48c7 c370 | 0100 0074 | 0748 c7c3 | 8001 0000 | 488b 141e 
  0x0000770bb53f7bd0: 488d 5201 | 4889 141e | 0f84 4400 | 0000 85c0 

  0x0000770bb53f7be0: ;   {metadata(method data for {method} {0x0000770b53045680} 'invoke' '(Ljava/lang/Object;[Ljava/lang/Object;)Ljava/lang/Object;' in 'java/lang/reflect/Method')}
  0x0000770bb53f7be0: 48be 6093 | b94f 0b77 | 0000 48c7 | c3a0 0100 | 0075 0748 | c7c3 9001 | 0000 488b | 141e 488d 
  0x0000770bb53f7c00: 5201 4889 | 141e 0f85 | 1600 0000 

  0x0000770bb53f7c0c: ;   {oop(nullptr)}
  0x0000770bb53f7c0c: 48bb 0000 | 0000 0000 | 0000 8984 | 24a4 0100 | 00e9 3500 | 0000 8984 | 24a4 0100 

  0x0000770bb53f7c28: ;   {metadata(method data for {method} {0x0000770b53045680} 'invoke' '(Ljava/lang/Object;[Ljava/lang/Object;)Ljava/lang/Object;' in 'java/lang/reflect/Method')}
  0x0000770bb53f7c28: 0048 be60 | 93b9 4f0b | 7700 0048 | 8386 b001 | 0000 010f 

  0x0000770bb53f7c3c: ;   {static_call}
  0x0000770bb53f7c3c: 1f40 00e8 

  0x0000770bb53f7c40: ; ImmutableOopMap {[432]=Oop [440]=Oop [448]=Oop }
                      ;*invokestatic getCallerClass {reexecute=0 rethrow=0 return_oop=0}
                      ; - java.lang.reflect.Method::invoke@19 (line 564)
                      ; - com.sun.javafx.reflect.Trampoline::invoke@7 (line 72)
                      ; - java.lang.invoke.DirectMethodHandle$Holder::invokeStatic@14
                      ; - java.lang.invoke.LambdaForm$MH/0x0000770b5420c000::invoke@63
                      ; - java.lang.invoke.LambdaForm$MH/0x0000770b54004c00::invokeExact_MT@24
                      ; - jdk.internal.reflect.DirectMethodHandleAccessor::invokeImpl@92 (line 156)
                      ; - jdk.internal.reflect.DirectMethodHandleAccessor::invoke@23 (line 103)
                      ; - java.lang.reflect.Method::invoke@102 (line 580)
                      ; - com.sun.javafx.reflect.MethodUtil::invoke@20 (line 270)
  0x0000770bb53f7c40: 9cf9 f106 

  0x0000770bb53f7c44: ;   {other}
  0x0000770bb53f7c44: 0f1f 8400 | 3424 0009 | 488b d848 | 8bbc 24b0 | 0100 000f | be77 0c85 

  0x0000770bb53f7c5c: ;   {metadata(method data for {method} {0x0000770b53045680} 'invoke' '(Ljava/lang/Object;[Ljava/lang/Object;)Ljava/lang/Object;' in 'java/lang/reflect/Method')}
  0x0000770bb53f7c5c: f648 be60 | 93b9 4f0b | 7700 0048 | c7c0 c001 | 0000 7507 | 48c7 c0d0 | 0100 0048 | 8b14 0648 
  0x0000770bb53f7c7c: 8d52 0148 | 8914 0648 | 899c 24c8 | 0100 000f | 850b 0100 | 008b 4724 | 48c1 e003 

  0x0000770bb53f7c98: ;   {metadata(method data for {method} {0x0000770b53045680} 'invoke' '(Ljava/lang/Object;[Ljava/lang/Object;)Ljava/lang/Object;' in 'java/lang/reflect/Method')}
  0x0000770bb53f7c98: 8b77 2048 | ba60 93b9 | 4f0b 7700 | 0048 8382 | e001 0000 | 0148 8984 | 24d0 0100 

  0x0000770bb53f7cb4: ;   {static_call}
  0x0000770bb53f7cb4: 0066 90e8 

  0x0000770bb53f7cb8: ; ImmutableOopMap {[432]=Oop [440]=Oop [448]=Oop [456]=Oop [464]=Oop }
                      ;*invokestatic isStatic {reexecute=0 rethrow=0 return_oop=0}
                      ; - java.lang.reflect.Method::invoke@42 (line 572)
                      ; - com.sun.javafx.reflect.Trampoline::invoke@7 (line 72)
                      ; - java.lang.invoke.DirectMethodHandle$Holder::invokeStatic@14
                      ; - java.lang.invoke.LambdaForm$MH/0x0000770b5420c000::invoke@63
                      ; - java.lang.invoke.LambdaForm$MH/0x0000770b54004c00::invokeExact_MT@24
                      ; - jdk.internal.reflect.DirectMethodHandleAccessor::invokeImpl@92 (line 156)
                      ; - jdk.internal.reflect.DirectMethodHandleAccessor::invoke@23 (line 103)
                      ; - java.lang.reflect.Method::invoke@102 (line 580)
                      ; - com.sun.javafx.reflect.MethodUtil::invoke@20 (line 270)
  0x0000770bb53f7cb8: 6402 5eff 

  0x0000770bb53f7cbc: ;   {other}
  0x0000770bb53f7cbc: 0f1f 8400 | ac24 000a 

  0x0000770bb53f7cc4: ;   {metadata(method data for {method} {0x0000770b53045680} 'invoke' '(Ljava/lang/Object;[Ljava/lang/Object;)Ljava/lang/Object;' in 'java/lang/reflect/Method')}
  0x0000770bb53f7cc4: 85c0 48ba | 6093 b94f | 0b77 0000 | 48c7 c1f0 | 0100 0074 | 0748 c7c1 | 0002 0000 | 4c8b 040a 
  0x0000770bb53f7ce4: 4d8d 4001 | 4c89 040a | 0f84 1f00 

  0x0000770bb53f7cf0: ;   {metadata(method data for {method} {0x0000770b53045680} 'invoke' '(Ljava/lang/Object;[Ljava/lang/Object;)Ljava/lang/Object;' in 'java/lang/reflect/Method')}
  0x0000770bb53f7cf0: 0000 48ba | 6093 b94f | 0b77 0000 | ff82 1002 

  0x0000770bb53f7d00: ;   {oop(nullptr)}
  0x0000770bb53f7d00: 0000 49b8 | 0000 0000 | 0000 0000 | e93a 0000 | 0048 8b9c | 24b8 0100 | 0048 3b03 

  0x0000770bb53f7d1c: ;   {metadata(method data for {method} {0x0000770b53045680} 'invoke' '(Ljava/lang/Object;[Ljava/lang/Object;)Ljava/lang/Object;' in 'java/lang/reflect/Method')}
  0x0000770bb53f7d1c: 488b d348 | b960 93b9 | 4f0b 7700 | 0048 8381 | 2802 0000 | 018b 5308 | 49ba 0000 | 0053 0b77 
  0x0000770bb53f7d3c: 0000 4903 | d248 8b52 | 7048 8b12 | 4c8b c248 | 8b84 24d0 | 0100 0048 | 8bbc 24b0 | 0100 0044 
  0x0000770bb53f7d5c: 8b4f 2048 

  0x0000770bb53f7d60: ;   {metadata(method data for {method} {0x0000770b53045680} 'invoke' '(Ljava/lang/Object;[Ljava/lang/Object;)Ljava/lang/Object;' in 'java/lang/reflect/Method')}
  0x0000770bb53f7d60: 8bd7 48b9 | 6093 b94f | 0b77 0000 | 4883 8160 | 0200 0001 | 488b 9424 | c801 0000 | 488b c848 
  0x0000770bb53f7d80: 8bf7 0f1f 

  0x0000770bb53f7d84: ;   {optimized virtual_call}
  0x0000770bb53f7d84: 4400 00e8 

  0x0000770bb53f7d88: ; ImmutableOopMap {[432]=Oop [440]=Oop [448]=Oop [456]=Oop }
                      ;*invokevirtual checkAccess {reexecute=0 rethrow=0 return_oop=0}
                      ; - java.lang.reflect.Method::invoke@60 (line 571)
                      ; - com.sun.javafx.reflect.Trampoline::invoke@7 (line 72)
                      ; - java.lang.invoke.DirectMethodHandle$Holder::invokeStatic@14
                      ; - java.lang.invoke.LambdaForm$MH/0x0000770b5420c000::invoke@63
                      ; - java.lang.invoke.LambdaForm$MH/0x0000770b54004c00::invokeExact_MT@24
                      ; - jdk.internal.reflect.DirectMethodHandleAccessor::invokeImpl@92 (line 156)
                      ; - jdk.internal.reflect.DirectMethodHandleAccessor::invoke@23 (line 103)
                      ; - java.lang.reflect.Method::invoke@102 (line 580)
                      ; - com.sun.javafx.reflect.MethodUtil::invoke@20 (line 270)
  0x0000770bb53f7d88: d40a 1607 

  0x0000770bb53f7d8c: ;   {other}
  0x0000770bb53f7d8c: 0f1f 8400 | 7c25 000b | 488b bc24 | b001 0000 | 8b77 4c48 | c1e6 0348 

  0x0000770bb53f7da4: ;   {metadata(method data for {method} {0x0000770b53045680} 'invoke' '(Ljava/lang/Object;[Ljava/lang/Object;)Ljava/lang/Object;' in 'java/lang/reflect/Method')}
  0x0000770bb53f7da4: 85f6 48bb | 6093 b94f | 0b77 0000 | 48c7 c098 | 0200 0075 | 0748 c7c0 | a802 0000 | 488b 1403 
  0x0000770bb53f7dc4: 488d 5201 | 4889 1403 | 0f85 2d00 | 0000 488b 

  0x0000770bb53f7dd4: ;   {metadata(method data for {method} {0x0000770b53045680} 'invoke' '(Ljava/lang/Object;[Ljava/lang/Object;)Ljava/lang/Object;' in 'java/lang/reflect/Method')}
  0x0000770bb53f7dd4: f748 bb60 | 93b9 4f0b | 7700 0048 | 8383 b802 | 0000 0148 | 8bf7 0f1f 

  0x0000770bb53f7dec: ;   {optimized virtual_call}
  0x0000770bb53f7dec: 4400 00e8 

  0x0000770bb53f7df0: ; ImmutableOopMap {[440]=Oop [448]=Oop [456]=Oop }
                      ;*invokevirtual acquireMethodAccessor {reexecute=0 rethrow=0 return_oop=0}
                      ; - java.lang.reflect.Method::invoke@75 (line 577)
                      ; - com.sun.javafx.reflect.Trampoline::invoke@7 (line 72)
                      ; - java.lang.invoke.DirectMethodHandle$Holder::invokeStatic@14
                      ; - java.lang.invoke.LambdaForm$MH/0x0000770b5420c000::invoke@63
                      ; - java.lang.invoke.LambdaForm$MH/0x0000770b54004c00::invokeExact_MT@24
                      ; - jdk.internal.reflect.DirectMethodHandleAccessor::invokeImpl@92 (line 156)
                      ; - jdk.internal.reflect.DirectMethodHandleAccessor::invoke@23 (line 103)
                      ; - java.lang.reflect.Method::invoke@102 (line 580)
                      ; - com.sun.javafx.reflect.MethodUtil::invoke@20 (line 270)
  0x0000770bb53f7df0: f722 0000 

  0x0000770bb53f7df4: ;   {other}
  0x0000770bb53f7df4: 0f1f 8400 | e425 000c | 488b f08b | 8424 a401 | 0000 85c0 

  0x0000770bb53f7e08: ;   {metadata(method data for {method} {0x0000770b53045680} 'invoke' '(Ljava/lang/Object;[Ljava/lang/Object;)Ljava/lang/Object;' in 'java/lang/reflect/Method')}
  0x0000770bb53f7e08: 48ba 6093 | b94f 0b77 | 0000 48c7 | c1f0 0200 | 0074 0748 | c7c1 0003 | 0000 4c8b | 040a 4d8d 
  0x0000770bb53f7e28: 4001 4c89 | 040a 0f84 | dd00 0000 | 488b 9c24 | c801 0000 

  0x0000770bb53f7e3c: ; implicit exception: dispatches to 0x0000770bb53f9cba
  0x0000770bb53f7e3c: 483b 0648 

  0x0000770bb53f7e40: ;   {metadata(method data for {method} {0x0000770b53045680} 'invoke' '(Ljava/lang/Object;[Ljava/lang/Object;)Ljava/lang/Object;' in 'java/lang/reflect/Method')}
  0x0000770bb53f7e40: 8bd6 48b9 | 6093 b94f | 0b77 0000 | 8b52 0849 | ba00 0000 | 530b 7700 | 0049 03d2 | 483b 9120 
  0x0000770bb53f7e60: 0300 0075 | 0d48 8381 | 2803 0000 | 01e9 6000 | 0000 483b | 9130 0300 | 0075 0d48 | 8381 3803 
  0x0000770bb53f7e80: 0000 01e9 | 4a00 0000 | 4883 b920 | 0300 0000 | 7517 4889 | 9120 0300 | 0048 c781 | 2803 0000 
  0x0000770bb53f7ea0: 0100 0000 | e929 0000 | 0048 83b9 | 3003 0000 | 0075 1748 | 8991 3003 | 0000 48c7 | 8138 0300 
  0x0000770bb53f7ec0: 0001 0000 | 00e9 0800 | 0000 4883 | 8110 0300 | 0001 488b | 9424 b801 | 0000 488b | 8c24 c001 
  0x0000770bb53f7ee0: 0000 4c8b | c348 b8ff | ffff ffff 

  0x0000770bb53f7eec: ;   {virtual_call}
  0x0000770bb53f7eec: ffff ffe8 

  0x0000770bb53f7ef0: ; ImmutableOopMap {}
                      ;*invokeinterface invoke {reexecute=0 rethrow=0 return_oop=0}
                      ; - java.lang.reflect.Method::invoke@90 (line 580)
                      ; - com.sun.javafx.reflect.Trampoline::invoke@7 (line 72)
                      ; - java.lang.invoke.DirectMethodHandle$Holder::invokeStatic@14
                      ; - java.lang.invoke.LambdaForm$MH/0x0000770b5420c000::invoke@63
                      ; - java.lang.invoke.LambdaForm$MH/0x0000770b54004c00::invokeExact_MT@24
                      ; - jdk.internal.reflect.DirectMethodHandleAccessor::invokeImpl@92 (line 156)
                      ; - jdk.internal.reflect.DirectMethodHandleAccessor::invoke@23 (line 103)
                      ; - java.lang.reflect.Method::invoke@102 (line 580)
                      ; - com.sun.javafx.reflect.MethodUtil::invoke@20 (line 270)
  0x0000770bb53f7ef0: 8cdd 9806 

  0x0000770bb53f7ef4: ;   {other}
  0x0000770bb53f7ef4: 0f1f 8400 | e426 000d 

  0x0000770bb53f7efc: ;   {metadata(method data for {method} {0x0000770b53045680} 'invoke' '(Ljava/lang/Object;[Ljava/lang/Object;)Ljava/lang/Object;' in 'java/lang/reflect/Method')}
  0x0000770bb53f7efc: 48ba 6093 | b94f 0b77 | 0000 ff82 | 4803 0000 | e9c3 0000 | 0048 3b06 

  0x0000770bb53f7f14: ;   {metadata(method data for {method} {0x0000770b53045680} 'invoke' '(Ljava/lang/Object;[Ljava/lang/Object;)Ljava/lang/Object;' in 'java/lang/reflect/Method')}
  0x0000770bb53f7f14: 488b d648 | b960 93b9 | 4f0b 7700 | 008b 5208 | 49ba 0000 | 0053 0b77 | 0000 4903 | d248 3b91 
  0x0000770bb53f7f34: 7003 0000 | 750d 4883 | 8178 0300 | 0001 e960 | 0000 0048 | 3b91 8003 | 0000 750d | 4883 8188 
  0x0000770bb53f7f54: 0300 0001 | e94a 0000 | 0048 83b9 | 7003 0000 | 0075 1748 | 8991 7003 | 0000 48c7 | 8178 0300 
  0x0000770bb53f7f74: 0001 0000 | 00e9 2900 | 0000 4883 | b980 0300 | 0000 7517 | 4889 9180 | 0300 0048 | c781 8803 
  0x0000770bb53f7f94: 0000 0100 | 0000 e908 | 0000 0048 | 8381 6003 | 0000 0148 | 8b94 24b8 | 0100 0048 | 8b8c 24c0 
  0x0000770bb53f7fb4: 0100 0066 | 0f1f 4400 | 0048 b8ff | ffff ffff 

  0x0000770bb53f7fc4: ;   {virtual_call}
  0x0000770bb53f7fc4: ffff ffe8 

  0x0000770bb53f7fc8: ; ImmutableOopMap {}
                      ;*invokeinterface invoke {reexecute=0 rethrow=0 return_oop=0}
                      ; - java.lang.reflect.Method::invoke@102 (line 580)
                      ; - com.sun.javafx.reflect.Trampoline::invoke@7 (line 72)
                      ; - java.lang.invoke.DirectMethodHandle$Holder::invokeStatic@14
                      ; - java.lang.invoke.LambdaForm$MH/0x0000770b5420c000::invoke@63
                      ; - java.lang.invoke.LambdaForm$MH/0x0000770b54004c00::invokeExact_MT@24
                      ; - jdk.internal.reflect.DirectMethodHandleAccessor::invokeImpl@92 (line 156)
                      ; - jdk.internal.reflect.DirectMethodHandleAccessor::invoke@23 (line 103)
                      ; - java.lang.reflect.Method::invoke@102 (line 580)
                      ; - com.sun.javafx.reflect.MethodUtil::invoke@20 (line 270)
  0x0000770bb53f7fc8: b4dc 9806 

  0x0000770bb53f7fcc: ;   {other}
  0x0000770bb53f7fcc: 0f1f 8400 | bc27 000e 

  0x0000770bb53f7fd4: ;   {metadata(method data for {method} {0x0000770b530b2ea8} 'invokeStatic' '(Ljava/lang/Object;Ljava/lang/Object;Ljava/lang/Object;Ljava/lang/Object;)Ljava/lang/Object;' in 'java/lang/invoke/DirectMethodHandle$Holder')}
  0x0000770bb53f7fd4: 48ba b86c | 7850 0b77 | 0000 488d | 92d0 0100 | 0048 85c0 | 750c f602 | 0175 4df0 | 4883 0a01 
  0x0000770bb53f7ff4: eb46 8b70 | 0849 ba00 | 0000 530b | 7700 0049 | 03f2 4c8b | d648 3332 | 48f7 c6fc | ffff ff74 
  0x0000770bb53f8014: 2740 f6c6 | 0275 2148 | f702 feff | ffff 7415 | 498b f248 | 3332 48f7 | c6fc ffff | ff74 0948 
  0x0000770bb53f8034: 830a 02eb | 0348 8932 

  0x0000770bb53f803c: ;   {metadata(method data for {method} {0x0000770b4fb65750} 'invoke' '(Ljava/lang/Object;Ljava/lang/Object;Ljava/lang/Object;Ljava/lang/Object;Ljava/lang/Object;)Ljava/lang/Object;' in 'java/lang/invoke/LambdaForm$MH+0x0000770b5420c000')}
  0x0000770bb53f803c: 48ba 0040 | 8050 0b77 | 0000 488d | 9258 0300 | 0048 85c0 | 750c f602 | 0175 4df0 | 4883 0a01 
  0x0000770bb53f805c: eb46 8b70 | 0849 ba00 | 0000 530b | 7700 0049 | 03f2 4c8b | d648 3332 | 48f7 c6fc | ffff ff74 
  0x0000770bb53f807c: 2740 f6c6 | 0275 2148 | f702 feff | ffff 7415 | 498b f248 | 3332 48f7 | c6fc ffff | ff74 0948 
  0x0000770bb53f809c: 830a 02eb | 0348 8932 

  0x0000770bb53f80a4: ;   {metadata(method data for {method} {0x0000770b533c82d8} 'invokeImpl' '(Ljava/lang/Object;[Ljava/lang/Object;)Ljava/lang/Object;' in 'jdk/internal/reflect/DirectMethodHandleAccessor')}
  0x0000770bb53f80a4: 48ba f0a4 | b94f 0b77 | 0000 ff82 | 7003 0000 | 4881 c480 | 0200 005d 

  0x0000770bb53f80bc: ;   {poll_return}
  0x0000770bb53f80bc: 493b a750 | 0400 000f | 87fb 1b00 

  0x0000770bb53f80c8: ;   {metadata('java/lang/ClassCastException')}
  0x0000770bb53f80c8: 00c3 48ba | c09c 0653 | 0b77 0000 | 498b 87b8 | 0100 0048 | 8d78 2849 | 3bbf c801 | 0000 0f87 
  0x0000770bb53f80e8: ee1b 0000 | 4989 bfb8 | 0100 0048 | c700 0100 | 0000 488b | ca49 ba00 | 0000 530b | 7700 0049 
  0x0000770bb53f8108: 2bca 8948 | 0848 33c9 | 8948 0c48 | 33c9 4889 | 4810 4889 | 4818 4889 

  0x0000770bb53f8120: ;   {oop(a 'java/lang/Class'{0x00000007ffe87508} = 'java/lang/Object'[])}
  0x0000770bb53f8120: 4820 48be | 0875 e8ff | 0700 0000 

  0x0000770bb53f812c: ;   {metadata(method data for {method} {0x0000770b53469018} 'cast' '(Ljava/lang/Object;)Ljava/lang/Object;' in 'java/lang/Class')}
  0x0000770bb53f812c: 488b d648 | bf98 4615 | 4f0b 7700 | 0048 8387 | b001 0000 | 0148 8b94 | 24c0 0100 | 0048 8984 
  0x0000770bb53f814c: 24d8 0100 | 0066 0f1f 

  0x0000770bb53f8154: ;   {optimized virtual_call}
  0x0000770bb53f8154: 4400 00e8 

  0x0000770bb53f8158: ; ImmutableOopMap {[432]=Oop [440]=Oop [472]=Oop }
                      ;*invokevirtual cannotCastMsg {reexecute=0 rethrow=0 return_oop=0}
                      ; - java.lang.Class::cast@18 (line 4069)
                      ; - java.lang.invoke.DirectMethodHandle$Holder::invokeSpecial@11
                      ; - java.lang.invoke.LambdaForm$MH/0x0000770b54003c00::invoke@21
                      ; - java.lang.invoke.LambdaForm$MH/0x0000770b5420c000::invoke@42
                      ; - java.lang.invoke.LambdaForm$MH/0x0000770b54004c00::invokeExact_MT@24
                      ; - jdk.internal.reflect.DirectMethodHandleAccessor::invokeImpl@92 (line 156)
                      ; - jdk.internal.reflect.DirectMethodHandleAccessor::invoke@23 (line 103)
                      ; - java.lang.reflect.Method::invoke@102 (line 580)
                      ; - com.sun.javafx.reflect.MethodUtil::invoke@20 (line 270)
  0x0000770bb53f8158: 24d6 9806 

  0x0000770bb53f815c: ;   {other}
  0x0000770bb53f815c: 0f1f 8400 | 4c29 000f | 488b 9424 | d801 0000 

  0x0000770bb53f816c: ;   {metadata(method data for {method} {0x0000770b53469018} 'cast' '(Ljava/lang/Object;)Ljava/lang/Object;' in 'java/lang/Class')}
  0x0000770bb53f816c: 48be 9846 | 154f 0b77 | 0000 4883 | 86e8 0100 | 0001 488b | d048 8bb4 | 24d8 0100 | 0066 0f1f 
  0x0000770bb53f818c: ;   {optimized virtual_call}
  0x0000770bb53f818c: 4400 00e8 

  0x0000770bb53f8190: ; ImmutableOopMap {[432]=Oop [440]=Oop [472]=Oop }
                      ;*invokespecial <init> {reexecute=0 rethrow=0 return_oop=0}
                      ; - java.lang.Class::cast@21 (line 4069)
                      ; - java.lang.invoke.DirectMethodHandle$Holder::invokeSpecial@11
                      ; - java.lang.invoke.LambdaForm$MH/0x0000770b54003c00::invoke@21
                      ; - java.lang.invoke.LambdaForm$MH/0x0000770b5420c000::invoke@42
                      ; - java.lang.invoke.LambdaForm$MH/0x0000770b54004c00::invokeExact_MT@24
                      ; - jdk.internal.reflect.DirectMethodHandleAccessor::invokeImpl@92 (line 156)
                      ; - jdk.internal.reflect.DirectMethodHandleAccessor::invoke@23 (line 103)
                      ; - java.lang.reflect.Method::invoke@102 (line 580)
                      ; - com.sun.javafx.reflect.MethodUtil::invoke@20 (line 270)
  0x0000770bb53f8190: ecd5 9806 

  0x0000770bb53f8194: ;   {other}
  0x0000770bb53f8194: 0f1f 8400 | 8429 0010 | 488b 8424 

  0x0000770bb53f81a0: ; ImmutableOopMap {rax=Oop [432]=Oop [440]=Oop }
                      ;*athrow {reexecute=1 rethrow=0 return_oop=0}
                      ; - (reexecute) java.lang.Class::cast@24 (line 4069)
                      ; - java.lang.invoke.DirectMethodHandle$Holder::invokeSpecial@11
                      ; - java.lang.invoke.LambdaForm$MH/0x0000770b54003c00::invoke@21
                      ; - java.lang.invoke.LambdaForm$MH/0x0000770b5420c000::invoke@42
                      ; - java.lang.invoke.LambdaForm$MH/0x0000770b54004c00::invokeExact_MT@24
                      ; - jdk.internal.reflect.DirectMethodHandleAccessor::invokeImpl@92 (line 156)
                      ; - jdk.internal.reflect.DirectMethodHandleAccessor::invoke@23 (line 103)
                      ; - java.lang.reflect.Method::invoke@102 (line 580)
                      ; - com.sun.javafx.reflect.MethodUtil::invoke@20 (line 270)
  0x0000770bb53f81a0: d801 0000 

  0x0000770bb53f81a4: ;   {section_word}
  0x0000770bb53f81a4: 48ba a481 | 3fb5 0b77 

  0x0000770bb53f81ac: ;   {runtime_call handle_exception_nofpu Runtime1 stub}
  0x0000770bb53f81ac: 0000 e84d | cea5 0690 

  0x0000770bb53f81b4: ;   {metadata('java/lang/ClassCastException')}
  0x0000770bb53f81b4: 488b df48 | bac0 9c06 | 530b 7700 | 0049 8b87 | b801 0000 | 488d 7828 | 493b bfc8 | 0100 000f 
  0x0000770bb53f81d4: 870e 1b00 | 0049 89bf | b801 0000 | 48c7 0001 | 0000 0048 | 8bca 49ba | 0000 0053 | 0b77 0000 
  0x0000770bb53f81f4: 492b ca89 | 4808 4833 | c989 480c | 4833 c948 | 8948 1048 | 8948 1848 

  0x0000770bb53f820c: ;   {oop(a 'java/lang/Class'{0x00000007ffe82588} = 'java/lang/reflect/Method')}
  0x0000770bb53f820c: 8948 2048 | be88 25e8 | ff07 0000 | 0048 8bd6 

  0x0000770bb53f821c: ;   {metadata(method data for {method} {0x0000770b53469018} 'cast' '(Ljava/lang/Object;)Ljava/lang/Object;' in 'java/lang/Class')}
  0x0000770bb53f821c: 48bf 9846 | 154f 0b77 | 0000 4883 | 87b0 0100 | 0001 488b | d348 8984 | 24e0 0100 | 0066 0f1f 
  0x0000770bb53f823c: ;   {optimized virtual_call}
  0x0000770bb53f823c: 4400 00e8 

  0x0000770bb53f8240: ; ImmutableOopMap {[440]=Oop [448]=Oop [480]=Oop }
                      ;*invokevirtual cannotCastMsg {reexecute=0 rethrow=0 return_oop=0}
                      ; - java.lang.Class::cast@18 (line 4069)
                      ; - java.lang.invoke.DirectMethodHandle$Holder::invokeSpecial@11
                      ; - java.lang.invoke.LambdaForm$MH/0x0000770b54003c00::invoke@21
                      ; - java.lang.invoke.LambdaForm$MH/0x0000770b5420c000::invoke@24
                      ; - java.lang.invoke.LambdaForm$MH/0x0000770b54004c00::invokeExact_MT@24
                      ; - jdk.internal.reflect.DirectMethodHandleAccessor::invokeImpl@92 (line 156)
                      ; - jdk.internal.reflect.DirectMethodHandleAccessor::invoke@23 (line 103)
                      ; - java.lang.reflect.Method::invoke@102 (line 580)
                      ; - com.sun.javafx.reflect.MethodUtil::invoke@20 (line 270)
  0x0000770bb53f8240: 3cd5 9806 

  0x0000770bb53f8244: ;   {other}
  0x0000770bb53f8244: 0f1f 8400 | 342a 0012 | 488b 9424 | e001 0000 

  0x0000770bb53f8254: ;   {metadata(method data for {method} {0x0000770b53469018} 'cast' '(Ljava/lang/Object;)Ljava/lang/Object;' in 'java/lang/Class')}
  0x0000770bb53f8254: 48be 9846 | 154f 0b77 | 0000 4883 | 86e8 0100 | 0001 488b | d048 8bb4 | 24e0 0100 | 0066 0f1f 
  0x0000770bb53f8274: ;   {optimized virtual_call}
  0x0000770bb53f8274: 4400 00e8 

  0x0000770bb53f8278: ; ImmutableOopMap {[440]=Oop [448]=Oop [480]=Oop }
                      ;*invokespecial <init> {reexecute=0 rethrow=0 return_oop=0}
                      ; - java.lang.Class::cast@21 (line 4069)
                      ; - java.lang.invoke.DirectMethodHandle$Holder::invokeSpecial@11
                      ; - java.lang.invoke.LambdaForm$MH/0x0000770b54003c00::invoke@21
                      ; - java.lang.invoke.LambdaForm$MH/0x0000770b5420c000::invoke@24
                      ; - java.lang.invoke.LambdaForm$MH/0x0000770b54004c00::invokeExact_MT@24
                      ; - jdk.internal.reflect.DirectMethodHandleAccessor::invokeImpl@92 (line 156)
                      ; - jdk.internal.reflect.DirectMethodHandleAccessor::invoke@23 (line 103)
                      ; - java.lang.reflect.Method::invoke@102 (line 580)
                      ; - com.sun.javafx.reflect.MethodUtil::invoke@20 (line 270)
  0x0000770bb53f8278: 04d5 9806 

  0x0000770bb53f827c: ;   {other}
  0x0000770bb53f827c: 0f1f 8400 | 6c2a 0013 | 488b 8424 

  0x0000770bb53f8288: ; ImmutableOopMap {rax=Oop [440]=Oop [448]=Oop }
                      ;*athrow {reexecute=1 rethrow=0 return_oop=0}
                      ; - (reexecute) java.lang.Class::cast@24 (line 4069)
                      ; - java.lang.invoke.DirectMethodHandle$Holder::invokeSpecial@11
                      ; - java.lang.invoke.LambdaForm$MH/0x0000770b54003c00::invoke@21
                      ; - java.lang.invoke.LambdaForm$MH/0x0000770b5420c000::invoke@24
                      ; - java.lang.invoke.LambdaForm$MH/0x0000770b54004c00::invokeExact_MT@24
                      ; - jdk.internal.reflect.DirectMethodHandleAccessor::invokeImpl@92 (line 156)
                      ; - jdk.internal.reflect.DirectMethodHandleAccessor::invoke@23 (line 103)
                      ; - java.lang.reflect.Method::invoke@102 (line 580)
                      ; - com.sun.javafx.reflect.MethodUtil::invoke@20 (line 270)
  0x0000770bb53f8288: e001 0000 

  0x0000770bb53f828c: ;   {section_word}
  0x0000770bb53f828c: 48ba 8c82 | 3fb5 0b77 

  0x0000770bb53f8294: ;   {runtime_call handle_exception_nofpu Runtime1 stub}
  0x0000770bb53f8294: 0000 e865 | cda5 0690 | 498b 8700 | 0500 004d | 33d2 4d89 | 9700 0500 | 004d 33d2 | 4d89 9708 
  0x0000770bb53f82b4: ;   {oop(a 'jdk/internal/reflect/DirectMethodHandleAccessor'{0x00000007ffb1d1a0})}
  0x0000770bb53f82b4: 0500 0048 | bea0 d1b1 | ff07 0000 

  0x0000770bb53f82c0: ;   {metadata(method data for {method} {0x0000770b531a1f10} 'invoke' '(Ljava/lang/Object;[Ljava/lang/Object;)Ljava/lang/Object;' in 'jdk/internal/reflect/DirectMethodHandleAccessor')}
  0x0000770bb53f82c0: 0048 bae8 | 9cb9 4f0b | 7700 0048 | 8382 8802 

  0x0000770bb53f82d0: ;   {metadata(method data for {method} {0x0000770b533c8280} 'isIllegalArgument' '(Ljava/lang/RuntimeException;)Z' in 'jdk/internal/reflect/DirectMethodHandleAccessor')}
  0x0000770bb53f82d0: 0000 0148 | be08 afb9 | 4f0b 7700 | 008b 96f4 | 0000 0083 | c202 8996 | f400 0000 | 81e2 feff 
  0x0000770bb53f82f0: 1f00 85d2 | 0f84 fa19 

  0x0000770bb53f82f8: ;   {oop(a 'java/lang/Class'{0x00000007ffebb408} = 'jdk/internal/reflect/DirectMethodHandleAccessor')}
  0x0000770bb53f82f8: 0000 48be | 08b4 ebff | 0700 0000 | 488b d048 | 8984 24e8 

  0x0000770bb53f830c: ;   {static_call}
  0x0000770bb53f830c: 0100 00e8 

  0x0000770bb53f8310: ; ImmutableOopMap {[488]=Oop }
                      ;*invokestatic isIllegalArgument {reexecute=0 rethrow=0 return_oop=0}
                      ; - jdk.internal.reflect.DirectMethodHandleAccessor::isIllegalArgument@3 (line 191)
                      ; - jdk.internal.reflect.DirectMethodHandleAccessor::invoke@58 (line 112)
                      ; - java.lang.reflect.Method::invoke@102 (line 580)
                      ; - com.sun.javafx.reflect.MethodUtil::invoke@20 (line 270)
  0x0000770bb53f8310: 6cde 9806 

  0x0000770bb53f8314: ;   {other}
  0x0000770bb53f8314: 0f1f 8400 | 042b 0015 | 83e0 0185 

  0x0000770bb53f8320: ;   {metadata(method data for {method} {0x0000770b531a1f10} 'invoke' '(Ljava/lang/Object;[Ljava/lang/Object;)Ljava/lang/Object;' in 'jdk/internal/reflect/DirectMethodHandleAccessor')}
  0x0000770bb53f8320: c048 b8e8 | 9cb9 4f0b | 7700 0048 | c7c6 c002 | 0000 7407 | 48c7 c6d0 | 0200 0048 | 8b14 3048 
  0x0000770bb53f8340: 8d52 0148 | 8914 300f | 84c4 0200 | 00e9 1a02 | 0000 498b | 8700 0500 | 004d 33d2 | 4d89 9700 
  0x0000770bb53f8360: 0500 004d | 33d2 4d89 | 9708 0500 

  0x0000770bb53f836c: ;   {oop(a 'jdk/internal/reflect/DirectMethodHandleAccessor'{0x00000007ffb1d1a0})}
  0x0000770bb53f836c: 0048 bea0 | d1b1 ff07 

  0x0000770bb53f8374: ;   {metadata(method data for {method} {0x0000770b531a1f10} 'invoke' '(Ljava/lang/Object;[Ljava/lang/Object;)Ljava/lang/Object;' in 'jdk/internal/reflect/DirectMethodHandleAccessor')}
  0x0000770bb53f8374: 0000 0048 | bae8 9cb9 | 4f0b 7700 | 0048 8382 | 1002 0000 

  0x0000770bb53f8388: ;   {metadata(method data for {method} {0x0000770b533c8280} 'isIllegalArgument' '(Ljava/lang/RuntimeException;)Z' in 'jdk/internal/reflect/DirectMethodHandleAccessor')}
  0x0000770bb53f8388: 0148 be08 | afb9 4f0b | 7700 008b | 96f4 0000 | 0083 c202 | 8996 f400 | 0000 81e2 | feff 1f00 
  0x0000770bb53f83a8: 85d2 0f84 | 6519 0000 

  0x0000770bb53f83b0: ;   {oop(a 'java/lang/Class'{0x00000007ffebb408} = 'jdk/internal/reflect/DirectMethodHandleAccessor')}
  0x0000770bb53f83b0: 48be 08b4 | ebff 0700 | 0000 488b | d048 8984 | 24f0 0100 

  0x0000770bb53f83c4: ;   {static_call}
  0x0000770bb53f83c4: 0066 90e8 

  0x0000770bb53f83c8: ; ImmutableOopMap {[496]=Oop }
                      ;*invokestatic isIllegalArgument {reexecute=0 rethrow=0 return_oop=0}
                      ; - jdk.internal.reflect.DirectMethodHandleAccessor::isIllegalArgument@3 (line 191)
                      ; - jdk.internal.reflect.DirectMethodHandleAccessor::invoke@30 (line 105)
                      ; - java.lang.reflect.Method::invoke@102 (line 580)
                      ; - com.sun.javafx.reflect.MethodUtil::invoke@20 (line 270)
  0x0000770bb53f83c8: b4dd 9806 

  0x0000770bb53f83cc: ;   {other}
  0x0000770bb53f83cc: 0f1f 8400 | bc2b 0016 | 83e0 0185 

  0x0000770bb53f83d8: ;   {metadata(method data for {method} {0x0000770b531a1f10} 'invoke' '(Ljava/lang/Object;[Ljava/lang/Object;)Ljava/lang/Object;' in 'jdk/internal/reflect/DirectMethodHandleAccessor')}
  0x0000770bb53f83d8: c048 bae8 | 9cb9 4f0b | 7700 0048 | c7c6 4802 | 0000 7407 | 48c7 c658 | 0200 0048 | 8b3c 3248 
  0x0000770bb53f83f8: 8d7f 0148 | 893c 320f | 84a4 0000 | 0066 6690 

  0x0000770bb53f8408: ;   {no_reloc}
  0x0000770bb53f8408: e938 1900 | 0000 0000 | 0000 498b | 87b8 0100 | 0048 8d78 | 2849 3bbf | c801 0000 | 0f87 2519 
  0x0000770bb53f8428: 0000 4989 | bfb8 0100 | 0048 c700 | 0100 0000 | 488b ca49 | ba00 0000 | 530b 7700 | 0049 2bca 
  0x0000770bb53f8448: 8948 0848 | 33c9 8948 | 0c48 33c9 | 4889 4810 | 4889 4818 | 4889 4820 

  0x0000770bb53f8460: ;   {metadata(method data for {method} {0x0000770b531a1f10} 'invoke' '(Ljava/lang/Object;[Ljava/lang/Object;)Ljava/lang/Object;' in 'jdk/internal/reflect/DirectMethodHandleAccessor')}
  0x0000770bb53f8460: 488b d048 | bee8 9cb9 | 4f0b 7700 | 0048 8386 | 6802 0000 

  0x0000770bb53f8474: ;   {oop("argument type mismatch"{0x00000007ffe087d0})}
  0x0000770bb53f8474: 0148 bad0 | 87e0 ff07 | 0000 0048 | 8bf0 4889 | 8424 f801 | 0000 0f1f 

  0x0000770bb53f848c: ;   {optimized virtual_call}
  0x0000770bb53f848c: 4400 00e8 

  0x0000770bb53f8490: ; ImmutableOopMap {[504]=Oop }
                      ;*invokespecial <init> {reexecute=0 rethrow=0 return_oop=0}
                      ; - jdk.internal.reflect.DirectMethodHandleAccessor::invoke@42 (line 107)
                      ; - java.lang.reflect.Method::invoke@102 (line 580)
                      ; - com.sun.javafx.reflect.MethodUtil::invoke@20 (line 270)
  0x0000770bb53f8490: ecd2 9806 

  0x0000770bb53f8494: ;   {other}
  0x0000770bb53f8494: 0f1f 8400 | 842c 0017 | 488b 8424 | f801 0000 | e930 1b00 | 0048 8b9c | 24f0 0100 | 000f 1f80 
  0x0000770bb53f84b4: 0000 0000 

  0x0000770bb53f84b8: ;   {no_reloc}
  0x0000770bb53f84b8: e9ae 1800 | 0000 0000 | 0000 80ba | 3101 0000 | 040f 85ab | 1800 0049 | 8b87 b801 | 0000 488d 
  0x0000770bb53f84d8: 7828 493b | bfc8 0100 | 000f 8793 | 1800 0049 | 89bf b801 | 0000 48c7 | 0001 0000 | 0048 8bca 
  0x0000770bb53f84f8: 49ba 0000 | 0053 0b77 | 0000 492b | ca89 4808 | 4833 c989 | 480c 4833 | c948 8948 | 1048 8948 
  0x0000770bb53f8518: 1848 8948 | 2048 8bd0 

  0x0000770bb53f8520: ;   {metadata(method data for {method} {0x0000770b531a1f10} 'invoke' '(Ljava/lang/Object;[Ljava/lang/Object;)Ljava/lang/Object;' in 'jdk/internal/reflect/DirectMethodHandleAccessor')}
  0x0000770bb53f8520: 48be e89c | b94f 0b77 | 0000 4883 | 8678 0200 | 0001 488b | d348 8bf0 | 4889 8424 | 0002 0000 
  0x0000770bb53f8540: 0f1f 8000 

  0x0000770bb53f8544: ;   {optimized virtual_call}
  0x0000770bb53f8544: 0000 00e8 

  0x0000770bb53f8548: ; ImmutableOopMap {[512]=Oop }
                      ;*invokespecial <init> {reexecute=0 rethrow=0 return_oop=0}
                      ; - jdk.internal.reflect.DirectMethodHandleAccessor::invoke@51 (line 109)
                      ; - java.lang.reflect.Method::invoke@102 (line 580)
                      ; - com.sun.javafx.reflect.MethodUtil::invoke@20 (line 270)
  0x0000770bb53f8548: 34d2 9806 

  0x0000770bb53f854c: ;   {other}
  0x0000770bb53f854c: 0f1f 8400 | 3c2d 0018 | 488b 8424 

  0x0000770bb53f8558: ; ImmutableOopMap {rax=Oop }
                      ;*athrow {reexecute=1 rethrow=0 return_oop=0}
                      ; - (reexecute) jdk.internal.reflect.DirectMethodHandleAccessor::invoke@54 (line 109)
                      ; - java.lang.reflect.Method::invoke@102 (line 580)
                      ; - com.sun.javafx.reflect.MethodUtil::invoke@20 (line 270)
  0x0000770bb53f8558: 0002 0000 

  0x0000770bb53f855c: ;   {section_word}
  0x0000770bb53f855c: 48ba 5c85 | 3fb5 0b77 

  0x0000770bb53f8564: ;   {runtime_call handle_exception_nofpu Runtime1 stub}
  0x0000770bb53f8564: 0000 e895 | caa5 0690 | 0f1f 4000 

  0x0000770bb53f8570: ;   {no_reloc}
  0x0000770bb53f8570: e921 1800 | 0000 0000 | 0000 498b | 87b8 0100 | 0048 8d78 | 2849 3bbf | c801 0000 | 0f87 0e18 
  0x0000770bb53f8590: 0000 4989 | bfb8 0100 | 0048 c700 | 0100 0000 | 488b ca49 | ba00 0000 | 530b 7700 | 0049 2bca 
  0x0000770bb53f85b0: 8948 0848 | 33c9 8948 | 0c48 33c9 | 4889 4810 | 4889 4818 | 4889 4820 

  0x0000770bb53f85c8: ;   {metadata(method data for {method} {0x0000770b531a1f10} 'invoke' '(Ljava/lang/Object;[Ljava/lang/Object;)Ljava/lang/Object;' in 'jdk/internal/reflect/DirectMethodHandleAccessor')}
  0x0000770bb53f85c8: 488b d048 | bee8 9cb9 | 4f0b 7700 | 0048 8386 | e002 0000 | 0148 8b94 | 24e8 0100 | 0048 8bf0 
  0x0000770bb53f85e8: 4889 8424 | 0802 0000 | 0f1f 8000 

  0x0000770bb53f85f4: ;   {optimized virtual_call}
  0x0000770bb53f85f4: 0000 00e8 

  0x0000770bb53f85f8: ; ImmutableOopMap {[520]=Oop }
                      ;*invokespecial <init> {reexecute=0 rethrow=0 return_oop=0}
                      ; - jdk.internal.reflect.DirectMethodHandleAccessor::invoke@69 (line 113)
                      ; - java.lang.reflect.Method::invoke@102 (line 580)
                      ; - com.sun.javafx.reflect.MethodUtil::invoke@20 (line 270)
  0x0000770bb53f85f8: 84d1 9806 

  0x0000770bb53f85fc: ;   {other}
  0x0000770bb53f85fc: 0f1f 8400 | ec2d 001a | 488b 8424 | 0802 0000 | e9c8 1900 | 0048 8b9c | 24e8 0100 | 000f 1f80 
  0x0000770bb53f861c: 0000 0000 

  0x0000770bb53f8620: ;   {no_reloc}
  0x0000770bb53f8620: e997 1700 | 0000 0000 | 0000 80ba | 3101 0000 | 040f 8594 | 1700 0049 | 8b87 b801 | 0000 488d 
  0x0000770bb53f8640: 7828 493b | bfc8 0100 | 000f 877c | 1700 0049 | 89bf b801 | 0000 48c7 | 0001 0000 | 0048 8bca 
  0x0000770bb53f8660: 49ba 0000 | 0053 0b77 | 0000 492b | ca89 4808 | 4833 c989 | 480c 4833 | c948 8948 | 1048 8948 
  0x0000770bb53f8680: 1848 8948 | 2048 8bd0 

  0x0000770bb53f8688: ;   {metadata(method data for {method} {0x0000770b531a1f10} 'invoke' '(Ljava/lang/Object;[Ljava/lang/Object;)Ljava/lang/Object;' in 'jdk/internal/reflect/DirectMethodHandleAccessor')}
  0x0000770bb53f8688: 48be e89c | b94f 0b77 | 0000 4883 | 86f0 0200 | 0001 488b | d348 8bf0 | 4889 8424 | 1002 0000 
  0x0000770bb53f86a8: 0f1f 8000 

  0x0000770bb53f86ac: ;   {optimized virtual_call}
  0x0000770bb53f86ac: 0000 00e8 

  0x0000770bb53f86b0: ; ImmutableOopMap {[528]=Oop }
                      ;*invokespecial <init> {reexecute=0 rethrow=0 return_oop=0}
                      ; - jdk.internal.reflect.DirectMethodHandleAccessor::invoke@78 (line 115)
                      ; - java.lang.reflect.Method::invoke@102 (line 580)
                      ; - com.sun.javafx.reflect.MethodUtil::invoke@20 (line 270)
  0x0000770bb53f86b0: ccd0 9806 

  0x0000770bb53f86b4: ;   {other}
  0x0000770bb53f86b4: 0f1f 8400 | a42e 001b | 488b 8424 

  0x0000770bb53f86c0: ; ImmutableOopMap {rax=Oop }
                      ;*athrow {reexecute=1 rethrow=0 return_oop=0}
                      ; - (reexecute) jdk.internal.reflect.DirectMethodHandleAccessor::invoke@81 (line 115)
                      ; - java.lang.reflect.Method::invoke@102 (line 580)
                      ; - com.sun.javafx.reflect.MethodUtil::invoke@20 (line 270)
  0x0000770bb53f86c0: 1002 0000 

  0x0000770bb53f86c4: ;   {section_word}
  0x0000770bb53f86c4: 48ba c486 | 3fb5 0b77 

  0x0000770bb53f86cc: ;   {runtime_call handle_exception_nofpu Runtime1 stub}
  0x0000770bb53f86cc: 0000 e82d | c9a5 0690 | 4889 bc24 | a801 0000 | 0f1f 4000 

  0x0000770bb53f86e0: ;   {no_reloc}
  0x0000770bb53f86e0: e902 1700 | 0000 0000 | 0000 498b | 87b8 0100 | 0048 8d78 | 3049 3bbf | c801 0000 | 0f87 ef16 
  0x0000770bb53f8700: 0000 4989 | bfb8 0100 | 0048 c700 | 0100 0000 | 488b ca49 | ba00 0000 | 530b 7700 | 0049 2bca 
  0x0000770bb53f8720: 8948 0848 | 33c9 8948 | 0c48 33c9 | 4889 4810 | 4889 4818 | 4889 4820 | 4889 4828 

  0x0000770bb53f873c: ;   {metadata(method data for {method} {0x0000770b53056360} 'requireNonNull' '(Ljava/lang/Object;)Ljava/lang/Object;' in 'java/util/Objects')}
  0x0000770bb53f873c: 488b f048 | bf78 1801 | 4f0b 7700 | 0048 8387 | 5801 0000 | 0148 8bf0 | 4889 8424 | 1802 0000 
  0x0000770bb53f875c: ;   {optimized virtual_call}
  0x0000770bb53f875c: 6666 90e8 

  0x0000770bb53f8760: ; ImmutableOopMap {[408]=Oop [424]=Oop [536]=Oop }
                      ;*invokespecial <init> {reexecute=0 rethrow=0 return_oop=0}
                      ; - java.util.Objects::requireNonNull@8 (line 233)
                      ; - java.lang.invoke.MethodHandleImpl$1::reflectiveInvoker@1 (line 1655)
                      ; - jdk.internal.reflect.DirectMethodHandleAccessor::invokeImpl@121 (line 176)
                      ; - jdk.internal.reflect.DirectMethodHandleAccessor::invoke@24 (line 130)
                      ; - java.lang.reflect.Method::invoke@90 (line 580)
                      ; - com.sun.javafx.reflect.MethodUtil::invoke@20 (line 270)
  0x0000770bb53f8760: 1cd0 9806 

  0x0000770bb53f8764: ;   {other}
  0x0000770bb53f8764: 0f1f 8400 | 542f 001d | 488b 8424 

  0x0000770bb53f8770: ; ImmutableOopMap {rax=Oop [408]=Oop [424]=Oop }
                      ;*athrow {reexecute=1 rethrow=0 return_oop=0}
                      ; - (reexecute) java.util.Objects::requireNonNull@11 (line 233)
                      ; - java.lang.invoke.MethodHandleImpl$1::reflectiveInvoker@1 (line 1655)
                      ; - jdk.internal.reflect.DirectMethodHandleAccessor::invokeImpl@121 (line 176)
                      ; - jdk.internal.reflect.DirectMethodHandleAccessor::invoke@24 (line 130)
                      ; - java.lang.reflect.Method::invoke@90 (line 580)
                      ; - com.sun.javafx.reflect.MethodUtil::invoke@20 (line 270)
  0x0000770bb53f8770: 1802 0000 

  0x0000770bb53f8774: ;   {section_word}
  0x0000770bb53f8774: 48ba 7487 | 3fb5 0b77 

  0x0000770bb53f877c: ;   {runtime_call handle_exception_nofpu Runtime1 stub}
  0x0000770bb53f877c: 0000 e87d | c8a5 0690 | 498b 8700 | 0500 004d | 33d2 4d89 | 9700 0500 | 004d 33d2 | 4d89 9708 
  0x0000770bb53f879c: ;   {oop(a 'jdk/internal/reflect/DirectMethodHandleAccessor'{0x00000007ffb1d1a0})}
  0x0000770bb53f879c: 0500 0048 | bea0 d1b1 | ff07 0000 

  0x0000770bb53f87a8: ;   {metadata(method data for {method} {0x0000770b531a1f68} 'invoke' '(Ljava/lang/Object;[Ljava/lang/Object;Ljava/lang/Class;)Ljava/lang/Object;' in 'jdk/internal/reflect/DirectMethodHandleAccessor')}
  0x0000770bb53f87a8: 0048 baa8 | 2abb 4f0b | 7700 0048 | 8382 8802 

  0x0000770bb53f87b8: ;   {metadata(method data for {method} {0x0000770b533c8280} 'isIllegalArgument' '(Ljava/lang/RuntimeException;)Z' in 'jdk/internal/reflect/DirectMethodHandleAccessor')}
  0x0000770bb53f87b8: 0000 0148 | be08 afb9 | 4f0b 7700 | 008b 96f4 | 0000 0083 | c202 8996 | f400 0000 | 81e2 feff 
  0x0000770bb53f87d8: 1f00 85d2 | 0f84 1c16 

  0x0000770bb53f87e0: ;   {oop(a 'java/lang/Class'{0x00000007ffebb408} = 'jdk/internal/reflect/DirectMethodHandleAccessor')}
  0x0000770bb53f87e0: 0000 48be | 08b4 ebff | 0700 0000 | 488b d048 | 8984 2420 

  0x0000770bb53f87f4: ;   {static_call}
  0x0000770bb53f87f4: 0200 00e8 

  0x0000770bb53f87f8: ; ImmutableOopMap {[544]=Oop }
                      ;*invokestatic isIllegalArgument {reexecute=0 rethrow=0 return_oop=0}
                      ; - jdk.internal.reflect.DirectMethodHandleAccessor::isIllegalArgument@3 (line 191)
                      ; - jdk.internal.reflect.DirectMethodHandleAccessor::invoke@64 (line 139)
                      ; - java.lang.reflect.Method::invoke@90 (line 580)
                      ; - com.sun.javafx.reflect.MethodUtil::invoke@20 (line 270)
  0x0000770bb53f87f8: 84d9 9806 

  0x0000770bb53f87fc: ;   {other}
  0x0000770bb53f87fc: 0f1f 8400 | ec2f 001f | 83e0 0185 

  0x0000770bb53f8808: ;   {metadata(method data for {method} {0x0000770b531a1f68} 'invoke' '(Ljava/lang/Object;[Ljava/lang/Object;Ljava/lang/Class;)Ljava/lang/Object;' in 'jdk/internal/reflect/DirectMethodHandleAccessor')}
  0x0000770bb53f8808: c048 b8a8 | 2abb 4f0b | 7700 0048 | c7c6 c002 | 0000 7407 | 48c7 c6d0 | 0200 0048 | 8b14 3048 
  0x0000770bb53f8828: 8d52 0148 | 8914 300f | 84c4 0200 | 00e9 1a02 | 0000 498b | 8700 0500 | 004d 33d2 | 4d89 9700 
  0x0000770bb53f8848: 0500 004d | 33d2 4d89 | 9708 0500 

  0x0000770bb53f8854: ;   {oop(a 'jdk/internal/reflect/DirectMethodHandleAccessor'{0x00000007ffb1d1a0})}
  0x0000770bb53f8854: 0048 bea0 | d1b1 ff07 

  0x0000770bb53f885c: ;   {metadata(method data for {method} {0x0000770b531a1f68} 'invoke' '(Ljava/lang/Object;[Ljava/lang/Object;Ljava/lang/Class;)Ljava/lang/Object;' in 'jdk/internal/reflect/DirectMethodHandleAccessor')}
  0x0000770bb53f885c: 0000 0048 | baa8 2abb | 4f0b 7700 | 0048 8382 | 1002 0000 

  0x0000770bb53f8870: ;   {metadata(method data for {method} {0x0000770b533c8280} 'isIllegalArgument' '(Ljava/lang/RuntimeException;)Z' in 'jdk/internal/reflect/DirectMethodHandleAccessor')}
  0x0000770bb53f8870: 0148 be08 | afb9 4f0b | 7700 008b | 96f4 0000 | 0083 c202 | 8996 f400 | 0000 81e2 | feff 1f00 
  0x0000770bb53f8890: 85d2 0f84 | 8715 0000 

  0x0000770bb53f8898: ;   {oop(a 'java/lang/Class'{0x00000007ffebb408} = 'jdk/internal/reflect/DirectMethodHandleAccessor')}
  0x0000770bb53f8898: 48be 08b4 | ebff 0700 | 0000 488b | d048 8984 | 2428 0200 

  0x0000770bb53f88ac: ;   {static_call}
  0x0000770bb53f88ac: 0066 90e8 

  0x0000770bb53f88b0: ; ImmutableOopMap {[552]=Oop }
                      ;*invokestatic isIllegalArgument {reexecute=0 rethrow=0 return_oop=0}
                      ; - jdk.internal.reflect.DirectMethodHandleAccessor::isIllegalArgument@3 (line 191)
                      ; - jdk.internal.reflect.DirectMethodHandleAccessor::invoke@33 (line 132)
                      ; - java.lang.reflect.Method::invoke@90 (line 580)
                      ; - com.sun.javafx.reflect.MethodUtil::invoke@20 (line 270)
  0x0000770bb53f88b0: ccd8 9806 

  0x0000770bb53f88b4: ;   {other}
  0x0000770bb53f88b4: 0f1f 8400 | a430 0020 | 83e0 0185 

  0x0000770bb53f88c0: ;   {metadata(method data for {method} {0x0000770b531a1f68} 'invoke' '(Ljava/lang/Object;[Ljava/lang/Object;Ljava/lang/Class;)Ljava/lang/Object;' in 'jdk/internal/reflect/DirectMethodHandleAccessor')}
  0x0000770bb53f88c0: c048 baa8 | 2abb 4f0b | 7700 0048 | c7c6 4802 | 0000 7407 | 48c7 c658 | 0200 0048 | 8b3c 3248 
  0x0000770bb53f88e0: 8d7f 0148 | 893c 320f | 84a4 0000 | 0066 6690 

  0x0000770bb53f88f0: ;   {no_reloc}
  0x0000770bb53f88f0: e95a 1500 | 0000 0000 | 0000 498b | 87b8 0100 | 0048 8d78 | 2849 3bbf | c801 0000 | 0f87 4715 
  0x0000770bb53f8910: 0000 4989 | bfb8 0100 | 0048 c700 | 0100 0000 | 488b ca49 | ba00 0000 | 530b 7700 | 0049 2bca 
  0x0000770bb53f8930: 8948 0848 | 33c9 8948 | 0c48 33c9 | 4889 4810 | 4889 4818 | 4889 4820 

  0x0000770bb53f8948: ;   {metadata(method data for {method} {0x0000770b531a1f68} 'invoke' '(Ljava/lang/Object;[Ljava/lang/Object;Ljava/lang/Class;)Ljava/lang/Object;' in 'jdk/internal/reflect/DirectMethodHandleAccessor')}
  0x0000770bb53f8948: 488b d048 | bea8 2abb | 4f0b 7700 | 0048 8386 | 6802 0000 

  0x0000770bb53f895c: ;   {oop("argument type mismatch"{0x00000007ffe087d0})}
  0x0000770bb53f895c: 0148 bad0 | 87e0 ff07 | 0000 0048 | 8bf0 4889 | 8424 3002 | 0000 0f1f 

  0x0000770bb53f8974: ;   {optimized virtual_call}
  0x0000770bb53f8974: 4400 00e8 

  0x0000770bb53f8978: ; ImmutableOopMap {[560]=Oop }
                      ;*invokespecial <init> {reexecute=0 rethrow=0 return_oop=0}
                      ; - jdk.internal.reflect.DirectMethodHandleAccessor::invoke@45 (line 134)
                      ; - java.lang.reflect.Method::invoke@90 (line 580)
                      ; - com.sun.javafx.reflect.MethodUtil::invoke@20 (line 270)
  0x0000770bb53f8978: 04ce 9806 

  0x0000770bb53f897c: ;   {other}
  0x0000770bb53f897c: 0f1f 8400 | 6c31 0021 | 488b 8424 | 3002 0000 | e948 1600 | 0048 8b9c | 2428 0200 | 000f 1f80 
  0x0000770bb53f899c: 0000 0000 

  0x0000770bb53f89a0: ;   {no_reloc}
  0x0000770bb53f89a0: e9d0 1400 | 0000 0000 | 0000 80ba | 3101 0000 | 040f 85cd | 1400 0049 | 8b87 b801 | 0000 488d 
  0x0000770bb53f89c0: 7828 493b | bfc8 0100 | 000f 87b5 | 1400 0049 | 89bf b801 | 0000 48c7 | 0001 0000 | 0048 8bca 
  0x0000770bb53f89e0: 49ba 0000 | 0053 0b77 | 0000 492b | ca89 4808 | 4833 c989 | 480c 4833 | c948 8948 | 1048 8948 
  0x0000770bb53f8a00: 1848 8948 | 2048 8bd0 

  0x0000770bb53f8a08: ;   {metadata(method data for {method} {0x0000770b531a1f68} 'invoke' '(Ljava/lang/Object;[Ljava/lang/Object;Ljava/lang/Class;)Ljava/lang/Object;' in 'jdk/internal/reflect/DirectMethodHandleAccessor')}
  0x0000770bb53f8a08: 48be a82a | bb4f 0b77 | 0000 4883 | 8678 0200 | 0001 488b | d348 8bf0 | 4889 8424 | 3802 0000 
  0x0000770bb53f8a28: 0f1f 8000 

  0x0000770bb53f8a2c: ;   {optimized virtual_call}
  0x0000770bb53f8a2c: 0000 00e8 

  0x0000770bb53f8a30: ; ImmutableOopMap {[568]=Oop }
                      ;*invokespecial <init> {reexecute=0 rethrow=0 return_oop=0}
                      ; - jdk.internal.reflect.DirectMethodHandleAccessor::invoke@55 (line 136)
                      ; - java.lang.reflect.Method::invoke@90 (line 580)
                      ; - com.sun.javafx.reflect.MethodUtil::invoke@20 (line 270)
  0x0000770bb53f8a30: 4ccd 9806 

  0x0000770bb53f8a34: ;   {other}
  0x0000770bb53f8a34: 0f1f 8400 | 2432 0022 | 488b 8424 

  0x0000770bb53f8a40: ; ImmutableOopMap {rax=Oop }
                      ;*athrow {reexecute=1 rethrow=0 return_oop=0}
                      ; - (reexecute) jdk.internal.reflect.DirectMethodHandleAccessor::invoke@58 (line 136)
                      ; - java.lang.reflect.Method::invoke@90 (line 580)
                      ; - com.sun.javafx.reflect.MethodUtil::invoke@20 (line 270)
  0x0000770bb53f8a40: 3802 0000 

  0x0000770bb53f8a44: ;   {section_word}
  0x0000770bb53f8a44: 48ba 448a | 3fb5 0b77 

  0x0000770bb53f8a4c: ;   {runtime_call handle_exception_nofpu Runtime1 stub}
  0x0000770bb53f8a4c: 0000 e8ad | c5a5 0690 | 0f1f 4000 

  0x0000770bb53f8a58: ;   {no_reloc}
  0x0000770bb53f8a58: e943 1400 | 0000 0000 | 0000 498b | 87b8 0100 | 0048 8d78 | 2849 3bbf | c801 0000 | 0f87 3014 
  0x0000770bb53f8a78: 0000 4989 | bfb8 0100 | 0048 c700 | 0100 0000 | 488b ca49 | ba00 0000 | 530b 7700 | 0049 2bca 
  0x0000770bb53f8a98: 8948 0848 | 33c9 8948 | 0c48 33c9 | 4889 4810 | 4889 4818 | 4889 4820 

  0x0000770bb53f8ab0: ;   {metadata(method data for {method} {0x0000770b531a1f68} 'invoke' '(Ljava/lang/Object;[Ljava/lang/Object;Ljava/lang/Class;)Ljava/lang/Object;' in 'jdk/internal/reflect/DirectMethodHandleAccessor')}
  0x0000770bb53f8ab0: 488b d048 | bea8 2abb | 4f0b 7700 | 0048 8386 | e002 0000 | 0148 8b94 | 2420 0200 | 0048 8bf0 
  0x0000770bb53f8ad0: 4889 8424 | 4002 0000 | 0f1f 8000 

  0x0000770bb53f8adc: ;   {optimized virtual_call}
  0x0000770bb53f8adc: 0000 00e8 

  0x0000770bb53f8ae0: ; ImmutableOopMap {[576]=Oop }
                      ;*invokespecial <init> {reexecute=0 rethrow=0 return_oop=0}
                      ; - jdk.internal.reflect.DirectMethodHandleAccessor::invoke@76 (line 140)
                      ; - java.lang.reflect.Method::invoke@90 (line 580)
                      ; - com.sun.javafx.reflect.MethodUtil::invoke@20 (line 270)
  0x0000770bb53f8ae0: 9ccc 9806 

  0x0000770bb53f8ae4: ;   {other}
  0x0000770bb53f8ae4: 0f1f 8400 | d432 0024 | 488b 8424 | 4002 0000 | e9e0 1400 | 0048 8b9c | 2420 0200 | 000f 1f80 
  0x0000770bb53f8b04: 0000 0000 

  0x0000770bb53f8b08: ;   {no_reloc}
  0x0000770bb53f8b08: e9b9 1300 | 0000 0000 | 0000 80ba | 3101 0000 | 040f 85b6 | 1300 0049 | 8b87 b801 | 0000 488d 
  0x0000770bb53f8b28: 7828 493b | bfc8 0100 | 000f 879e | 1300 0049 | 89bf b801 | 0000 48c7 | 0001 0000 | 0048 8bca 
  0x0000770bb53f8b48: 49ba 0000 | 0053 0b77 | 0000 492b | ca89 4808 | 4833 c989 | 480c 4833 | c948 8948 | 1048 8948 
  0x0000770bb53f8b68: 1848 8948 | 2048 8bd0 

  0x0000770bb53f8b70: ;   {metadata(method data for {method} {0x0000770b531a1f68} 'invoke' '(Ljava/lang/Object;[Ljava/lang/Object;Ljava/lang/Class;)Ljava/lang/Object;' in 'jdk/internal/reflect/DirectMethodHandleAccessor')}
  0x0000770bb53f8b70: 48be a82a | bb4f 0b77 | 0000 4883 | 86f0 0200 | 0001 488b | d348 8bf0 | 4889 8424 | 4802 0000 
  0x0000770bb53f8b90: 0f1f 8000 

  0x0000770bb53f8b94: ;   {optimized virtual_call}
  0x0000770bb53f8b94: 0000 00e8 

  0x0000770bb53f8b98: ; ImmutableOopMap {[584]=Oop }
                      ;*invokespecial <init> {reexecute=0 rethrow=0 return_oop=0}
                      ; - jdk.internal.reflect.DirectMethodHandleAccessor::invoke@86 (line 142)
                      ; - java.lang.reflect.Method::invoke@90 (line 580)
                      ; - com.sun.javafx.reflect.MethodUtil::invoke@20 (line 270)
  0x0000770bb53f8b98: e4cb 9806 

  0x0000770bb53f8b9c: ;   {other}
  0x0000770bb53f8b9c: 0f1f 8400 | 8c33 0025 | 488b 8424 

  0x0000770bb53f8ba8: ; ImmutableOopMap {rax=Oop }
                      ;*athrow {reexecute=1 rethrow=0 return_oop=0}
                      ; - (reexecute) jdk.internal.reflect.DirectMethodHandleAccessor::invoke@89 (line 142)
                      ; - java.lang.reflect.Method::invoke@90 (line 580)
                      ; - com.sun.javafx.reflect.MethodUtil::invoke@20 (line 270)
  0x0000770bb53f8ba8: 4802 0000 

  0x0000770bb53f8bac: ;   {section_word}
  0x0000770bb53f8bac: 48ba ac8b | 3fb5 0b77 

  0x0000770bb53f8bb4: ;   {runtime_call handle_exception_nofpu Runtime1 stub}
  0x0000770bb53f8bb4: 0000 e845 | c4a5 0690 | 498b 8700 | 0500 004d | 33d2 4d89 | 9700 0500 | 004d 33d2 | 4d89 9708 
  0x0000770bb53f8bd4: 0500 0048 | 8bd8 660f | 1f44 0000 

  0x0000770bb53f8be0: ;   {no_reloc}
  0x0000770bb53f8be0: e90c 1300 | 0000 0000 | 0000 80ba | 3101 0000 | 040f 8509 | 1300 0049 | 8b87 b801 | 0000 488d 
  0x0000770bb53f8c00: 7828 493b | bfc8 0100 | 000f 87f1 | 1200 0049 | 89bf b801 | 0000 48c7 | 0001 0000 | 0048 8bca 
  0x0000770bb53f8c20: 49ba 0000 | 0053 0b77 | 0000 492b | ca89 4808 | 4833 c989 | 480c 4833 | c948 8948 | 1048 8948 
  0x0000770bb53f8c40: 1848 8948 | 2048 8bd0 

  0x0000770bb53f8c48: ;   {metadata(method data for {method} {0x0000770b531a1f68} 'invoke' '(Ljava/lang/Object;[Ljava/lang/Object;Ljava/lang/Class;)Ljava/lang/Object;' in 'jdk/internal/reflect/DirectMethodHandleAccessor')}
  0x0000770bb53f8c48: 48be a82a | bb4f 0b77 | 0000 4883 | 8600 0300 | 0001 488b | d348 8bf0 | 4889 8424 | 5002 0000 
  0x0000770bb53f8c68: 0f1f 8000 

  0x0000770bb53f8c6c: ;   {optimized virtual_call}
  0x0000770bb53f8c6c: 0000 00e8 

  0x0000770bb53f8c70: ; ImmutableOopMap {[592]=Oop }
                      ;*invokespecial <init> {reexecute=0 rethrow=0 return_oop=0}
                      ; - jdk.internal.reflect.DirectMethodHandleAccessor::invoke@98 (line 145)
                      ; - java.lang.reflect.Method::invoke@90 (line 580)
                      ; - com.sun.javafx.reflect.MethodUtil::invoke@20 (line 270)
  0x0000770bb53f8c70: 0ccb 9806 

  0x0000770bb53f8c74: ;   {other}
  0x0000770bb53f8c74: 0f1f 8400 | 6434 0027 | 488b 8424 

  0x0000770bb53f8c80: ; ImmutableOopMap {rax=Oop }
                      ;*athrow {reexecute=1 rethrow=0 return_oop=0}
                      ; - (reexecute) jdk.internal.reflect.DirectMethodHandleAccessor::invoke@101 (line 145)
                      ; - java.lang.reflect.Method::invoke@90 (line 580)
                      ; - com.sun.javafx.reflect.MethodUtil::invoke@20 (line 270)
  0x0000770bb53f8c80: 5002 0000 

  0x0000770bb53f8c84: ;   {section_word}
  0x0000770bb53f8c84: 48ba 848c | 3fb5 0b77 

  0x0000770bb53f8c8c: ;   {runtime_call handle_exception_nofpu Runtime1 stub}
  0x0000770bb53f8c8c: 0000 e86d | c3a5 0690 | 498b 8700 | 0500 004d | 33d2 4d89 | 9700 0500 | 004d 33d2 | 4d89 9708 
  0x0000770bb53f8cac: 0500 0048 | 8bd8 660f | 1f44 0000 

  0x0000770bb53f8cb8: ;   {no_reloc}
  0x0000770bb53f8cb8: e95f 1200 | 0000 0000 | 0000 80ba | 3101 0000 | 040f 855c | 1200 0049 | 8b87 b801 | 0000 488d 
  0x0000770bb53f8cd8: 7828 493b | bfc8 0100 | 000f 8744 | 1200 0049 | 89bf b801 | 0000 48c7 | 0001 0000 | 0048 8bca 
  0x0000770bb53f8cf8: 49ba 0000 | 0053 0b77 | 0000 492b | ca89 4808 | 4833 c989 | 480c 4833 | c948 8948 | 1048 8948 
  0x0000770bb53f8d18: 1848 8948 | 2048 8bd0 

  0x0000770bb53f8d20: ;   {metadata(method data for {method} {0x0000770b531a1f10} 'invoke' '(Ljava/lang/Object;[Ljava/lang/Object;)Ljava/lang/Object;' in 'jdk/internal/reflect/DirectMethodHandleAccessor')}
  0x0000770bb53f8d20: 48be e89c | b94f 0b77 | 0000 4883 | 8600 0300 | 0001 488b | d348 8bf0 | 4889 8424 | 5802 0000 
  0x0000770bb53f8d40: 0f1f 8000 

  0x0000770bb53f8d44: ;   {optimized virtual_call}
  0x0000770bb53f8d44: 0000 00e8 

  0x0000770bb53f8d48: ; ImmutableOopMap {[600]=Oop }
                      ;*invokespecial <init> {reexecute=0 rethrow=0 return_oop=0}
                      ; - jdk.internal.reflect.DirectMethodHandleAccessor::invoke@88 (line 118)
                      ; - java.lang.reflect.Method::invoke@102 (line 580)
                      ; - com.sun.javafx.reflect.MethodUtil::invoke@20 (line 270)
  0x0000770bb53f8d48: 34ca 9806 

  0x0000770bb53f8d4c: ;   {other}
  0x0000770bb53f8d4c: 0f1f 8400 | 3c35 0029 | 488b 8424 

  0x0000770bb53f8d58: ; ImmutableOopMap {rax=Oop }
                      ;*athrow {reexecute=1 rethrow=0 return_oop=0}
                      ; - (reexecute) jdk.internal.reflect.DirectMethodHandleAccessor::invoke@91 (line 118)
                      ; - java.lang.reflect.Method::invoke@102 (line 580)
                      ; - com.sun.javafx.reflect.MethodUtil::invoke@20 (line 270)
  0x0000770bb53f8d58: 5802 0000 

  0x0000770bb53f8d5c: ;   {section_word}
  0x0000770bb53f8d5c: 48ba 5c8d | 3fb5 0b77 

  0x0000770bb53f8d64: ;   {runtime_call handle_exception_nofpu Runtime1 stub}
  0x0000770bb53f8d64: 0000 e895 | c2a5 0690 | 498b 8700 | 0500 004d | 33d2 4d89 | 9700 0500 | 004d 33d2 | 4d89 9708 
  0x0000770bb53f8d84: 0500 0048 

  0x0000770bb53f8d88: ;   {metadata(method data for {method} {0x0000770b4f9d5d78} 'invoke' '(Ljava/lang/reflect/Method;Ljava/lang/Object;[Ljava/lang/Object;)Ljava/lang/Object;' in 'com/sun/javafx/reflect/MethodUtil')}
  0x0000770bb53f8d88: 8bf0 48bf | 4023 8050 | 0b77 0000 | 8b76 0849 | ba00 0000 | 530b 7700 | 0049 03f2 | 483b b728 
  0x0000770bb53f8da8: 0200 0075 | 0d48 8387 | 3002 0000 | 01e9 6000 | 0000 483b | b738 0200 | 0075 0d48 | 8387 4002 
  0x0000770bb53f8dc8: 0000 01e9 | 4a00 0000 | 4883 bf28 | 0200 0000 | 7517 4889 | b728 0200 | 0048 c787 | 3002 0000 
  0x0000770bb53f8de8: 0100 0000 | e929 0000 | 0048 83bf | 3802 0000 | 0075 1748 | 89b7 3802 | 0000 48c7 | 8740 0200 
  0x0000770bb53f8e08: 0001 0000 | 00e9 0800 | 0000 4883 | 8718 0200 | 0001 488b | f048 b8ff | ffff ffff 

  0x0000770bb53f8e24: ;   {virtual_call}
  0x0000770bb53f8e24: ffff ffe8 

  0x0000770bb53f8e28: ; ImmutableOopMap {}
                      ;*invokevirtual getCause {reexecute=0 rethrow=0 return_oop=0}
                      ; - com.sun.javafx.reflect.MethodUtil::invoke@26 (line 272)
  0x0000770bb53f8e28: 54ce 9806 

  0x0000770bb53f8e2c: ;   {other}
  0x0000770bb53f8e2c: 0f1f 8400 | 1c36 002b | 488b d848 | 85db 7516 

  0x0000770bb53f8e3c: ;   {metadata(method data for {method} {0x0000770b4f9d5d78} 'invoke' '(Ljava/lang/reflect/Method;Ljava/lang/Object;[Ljava/lang/Object;)Ljava/lang/Object;' in 'com/sun/javafx/reflect/MethodUtil')}
  0x0000770bb53f8e3c: 48be 4023 | 8050 0b77 | 0000 808e | 4902 0000 | 01e9 cc00 

  0x0000770bb53f8e50: ;   {metadata('java/lang/reflect/InvocationTargetException')}
  0x0000770bb53f8e50: 0000 48bf | 0871 0454 | 0b77 0000 | 8b53 0849 | ba00 0000 | 530b 7700 | 0049 03d2 | 483b fa0f 
  0x0000770bb53f8e70: 858d 0000 

  0x0000770bb53f8e74: ;   {metadata(method data for {method} {0x0000770b4f9d5d78} 'invoke' '(Ljava/lang/reflect/Method;Ljava/lang/Object;[Ljava/lang/Object;)Ljava/lang/Object;' in 'com/sun/javafx/reflect/MethodUtil')}
  0x0000770bb53f8e74: 0048 be40 | 2380 500b | 7700 008b | 7b08 49ba | 0000 0053 | 0b77 0000 | 4903 fa48 | 3bbe 6002 
  0x0000770bb53f8e94: 0000 750d | 4883 8668 | 0200 0001 | e97e 0000 | 0048 3bbe | 7002 0000 | 750d 4883 | 8678 0200 
  0x0000770bb53f8eb4: 0001 e968 | 0000 0048 | 83be 6002 | 0000 0075 | 1748 89be | 6002 0000 | 48c7 8668 | 0200 0001 
  0x0000770bb53f8ed4: 0000 00e9 | 4700 0000 | 4883 be70 | 0200 0000 | 7517 4889 | be70 0200 | 0048 c786 | 7802 0000 
  0x0000770bb53f8ef4: 0100 0000 | e926 0000 | 00e9 2100 

  0x0000770bb53f8f00: ;   {metadata(method data for {method} {0x0000770b4f9d5d78} 'invoke' '(Ljava/lang/reflect/Method;Ljava/lang/Object;[Ljava/lang/Object;)Ljava/lang/Object;' in 'com/sun/javafx/reflect/MethodUtil')}
  0x0000770bb53f8f00: 0000 48be | 4023 8050 | 0b77 0000 | 4883 ae50 | 0200 0001 | e905 0000 | 00e9 0500 | 0000 4833 
  0x0000770bb53f8f20: c0eb 0748 | c7c0 0100 | 0000 85c0 

  0x0000770bb53f8f2c: ;   {metadata(method data for {method} {0x0000770b4f9d5d78} 'invoke' '(Ljava/lang/reflect/Method;Ljava/lang/Object;[Ljava/lang/Object;)Ljava/lang/Object;' in 'com/sun/javafx/reflect/MethodUtil')}
  0x0000770bb53f8f2c: 48b8 4023 | 8050 0b77 | 0000 48c7 | c298 0200 | 0075 0748 | c7c2 8802 | 0000 488b | 3410 488d 
  0x0000770bb53f8f4c: 7601 4889 | 3410 0f85 | de06 0000 | 4885 db75 

  0x0000770bb53f8f5c: ;   {metadata(method data for {method} {0x0000770b4f9d5d78} 'invoke' '(Ljava/lang/reflect/Method;Ljava/lang/Object;[Ljava/lang/Object;)Ljava/lang/Object;' in 'com/sun/javafx/reflect/MethodUtil')}
  0x0000770bb53f8f5c: 1648 be40 | 2380 500b | 7700 0080 | 8ed9 0200 | 0001 e9cc 

  0x0000770bb53f8f70: ;   {metadata('java/lang/IllegalAccessException')}
  0x0000770bb53f8f70: 0000 0048 | bfa8 6e04 | 540b 7700 | 008b 5308 | 49ba 0000 | 0053 0b77 | 0000 4903 | d248 3bfa 
  0x0000770bb53f8f90: 0f85 8d00 

  0x0000770bb53f8f94: ;   {metadata(method data for {method} {0x0000770b4f9d5d78} 'invoke' '(Ljava/lang/reflect/Method;Ljava/lang/Object;[Ljava/lang/Object;)Ljava/lang/Object;' in 'com/sun/javafx/reflect/MethodUtil')}
  0x0000770bb53f8f94: 0000 48be | 4023 8050 | 0b77 0000 | 8b7b 0849 | ba00 0000 | 530b 7700 | 0049 03fa | 483b bef0 
  0x0000770bb53f8fb4: 0200 0075 | 0d48 8386 | f802 0000 | 01e9 7e00 | 0000 483b | be00 0300 | 0075 0d48 | 8386 0803 
  0x0000770bb53f8fd4: 0000 01e9 | 6800 0000 | 4883 bef0 | 0200 0000 | 7517 4889 | bef0 0200 | 0048 c786 | f802 0000 
  0x0000770bb53f8ff4: 0100 0000 | e947 0000 | 0048 83be | 0003 0000 | 0075 1748 | 89be 0003 | 0000 48c7 | 8608 0300 
  0x0000770bb53f9014: 0001 0000 | 00e9 2600 | 0000 e921 

  0x0000770bb53f9020: ;   {metadata(method data for {method} {0x0000770b4f9d5d78} 'invoke' '(Ljava/lang/reflect/Method;Ljava/lang/Object;[Ljava/lang/Object;)Ljava/lang/Object;' in 'com/sun/javafx/reflect/MethodUtil')}
  0x0000770bb53f9020: 0000 0048 | be40 2380 | 500b 7700 | 0048 83ae | e002 0000 | 01e9 0500 | 0000 e905 | 0000 0048 
  0x0000770bb53f9040: 33c0 eb07 | 48c7 c001 | 0000 0085 

  0x0000770bb53f904c: ;   {metadata(method data for {method} {0x0000770b4f9d5d78} 'invoke' '(Ljava/lang/reflect/Method;Ljava/lang/Object;[Ljava/lang/Object;)Ljava/lang/Object;' in 'com/sun/javafx/reflect/MethodUtil')}
  0x0000770bb53f904c: c048 b840 | 2380 500b | 7700 0048 | c7c2 2803 | 0000 7507 | 48c7 c218 | 0300 0048 | 8b34 1048 
  0x0000770bb53f906c: 8d76 0148 | 8934 100f | 85cb 0400 | 0048 85db 

  0x0000770bb53f907c: ;   {metadata(method data for {method} {0x0000770b4f9d5d78} 'invoke' '(Ljava/lang/reflect/Method;Ljava/lang/Object;[Ljava/lang/Object;)Ljava/lang/Object;' in 'com/sun/javafx/reflect/MethodUtil')}
  0x0000770bb53f907c: 7516 48be | 4023 8050 | 0b77 0000 | 808e 6903 | 0000 01e9 | cd00 0000 

  0x0000770bb53f9094: ;   {metadata('java/lang/RuntimeException')}
  0x0000770bb53f9094: 48bf b8c4 | 0553 0b77 | 0000 8b73 | 0849 ba00 | 0000 530b | 7700 0049 | 03f2 483b | 7e48 0f85 
  0x0000770bb53f90b4: 8d00 0000 

  0x0000770bb53f90b8: ;   {metadata(method data for {method} {0x0000770b4f9d5d78} 'invoke' '(Ljava/lang/reflect/Method;Ljava/lang/Object;[Ljava/lang/Object;)Ljava/lang/Object;' in 'com/sun/javafx/reflect/MethodUtil')}
  0x0000770bb53f90b8: 48be 4023 | 8050 0b77 | 0000 8b7b | 0849 ba00 | 0000 530b | 7700 0049 | 03fa 483b | be80 0300 
  0x0000770bb53f90d8: 0075 0d48 | 8386 8803 | 0000 01e9 | 7e00 0000 | 483b be90 | 0300 0075 | 0d48 8386 | 9803 0000 
  0x0000770bb53f90f8: 01e9 6800 | 0000 4883 | be80 0300 | 0000 7517 | 4889 be80 | 0300 0048 | c786 8803 | 0000 0100 
  0x0000770bb53f9118: 0000 e947 | 0000 0048 | 83be 9003 | 0000 0075 | 1748 89be | 9003 0000 | 48c7 8698 | 0300 0001 
  0x0000770bb53f9138: 0000 00e9 | 2600 0000 | e921 0000 

  0x0000770bb53f9144: ;   {metadata(method data for {method} {0x0000770b4f9d5d78} 'invoke' '(Ljava/lang/reflect/Method;Ljava/lang/Object;[Ljava/lang/Object;)Ljava/lang/Object;' in 'com/sun/javafx/reflect/MethodUtil')}
  0x0000770bb53f9144: 0048 be40 | 2380 500b | 7700 0048 | 83ae 7003 | 0000 01e9 | 0500 0000 | e905 0000 | 0048 33c0 
  0x0000770bb53f9164: eb07 48c7 | c001 0000 

  0x0000770bb53f916c: ;   {metadata(method data for {method} {0x0000770b4f9d5d78} 'invoke' '(Ljava/lang/reflect/Method;Ljava/lang/Object;[Ljava/lang/Object;)Ljava/lang/Object;' in 'com/sun/javafx/reflect/MethodUtil')}
  0x0000770bb53f916c: 0085 c048 | b840 2380 | 500b 7700 | 0048 c7c2 | b803 0000 | 7507 48c7 | c2a8 0300 | 0048 8b34 
  0x0000770bb53f918c: 1048 8d76 | 0148 8934 | 100f 85b6 | 0200 0048 | 85db 7516 

  0x0000770bb53f91a0: ;   {metadata(method data for {method} {0x0000770b4f9d5d78} 'invoke' '(Ljava/lang/reflect/Method;Ljava/lang/Object;[Ljava/lang/Object;)Ljava/lang/Object;' in 'com/sun/javafx/reflect/MethodUtil')}
  0x0000770bb53f91a0: 48be 4023 | 8050 0b77 | 0000 808e | f903 0000 | 01e9 cd00 

  0x0000770bb53f91b4: ;   {metadata('java/lang/Error')}
  0x0000770bb53f91b4: 0000 48bf | a009 0153 | 0b77 0000 | 8b73 0849 | ba00 0000 | 530b 7700 | 0049 03f2 | 483b 7e40 
  0x0000770bb53f91d4: 0f85 8d00 

  0x0000770bb53f91d8: ;   {metadata(method data for {method} {0x0000770b4f9d5d78} 'invoke' '(Ljava/lang/reflect/Method;Ljava/lang/Object;[Ljava/lang/Object;)Ljava/lang/Object;' in 'com/sun/javafx/reflect/MethodUtil')}
  0x0000770bb53f91d8: 0000 48be | 4023 8050 | 0b77 0000 | 8b7b 0849 | ba00 0000 | 530b 7700 | 0049 03fa | 483b be10 
  0x0000770bb53f91f8: 0400 0075 | 0d48 8386 | 1804 0000 | 01e9 7e00 | 0000 483b | be20 0400 | 0075 0d48 | 8386 2804 
  0x0000770bb53f9218: 0000 01e9 | 6800 0000 | 4883 be10 | 0400 0000 | 7517 4889 | be10 0400 | 0048 c786 | 1804 0000 
  0x0000770bb53f9238: 0100 0000 | e947 0000 | 0048 83be | 2004 0000 | 0075 1748 | 89be 2004 | 0000 48c7 | 8628 0400 
  0x0000770bb53f9258: 0001 0000 | 00e9 2600 | 0000 e921 

  0x0000770bb53f9264: ;   {metadata(method data for {method} {0x0000770b4f9d5d78} 'invoke' '(Ljava/lang/reflect/Method;Ljava/lang/Object;[Ljava/lang/Object;)Ljava/lang/Object;' in 'com/sun/javafx/reflect/MethodUtil')}
  0x0000770bb53f9264: 0000 0048 | be40 2380 | 500b 7700 | 0048 83ae | 0004 0000 | 01e9 0500 | 0000 e905 | 0000 0048 
  0x0000770bb53f9284: 33c0 eb07 | 48c7 c001 | 0000 0085 

  0x0000770bb53f9290: ;   {metadata(method data for {method} {0x0000770b4f9d5d78} 'invoke' '(Ljava/lang/reflect/Method;Ljava/lang/Object;[Ljava/lang/Object;)Ljava/lang/Object;' in 'com/sun/javafx/reflect/MethodUtil')}
  0x0000770bb53f9290: c048 b840 | 2380 500b | 7700 0048 | c7c2 3804 | 0000 7407 | 48c7 c248 | 0400 0048 | 8b34 1048 
  0x0000770bb53f92b0: 8d76 0148 | 8934 100f | 84f3 0000 | 0048 85db 

  0x0000770bb53f92c0: ;   {metadata(method data for {method} {0x0000770b4f9d5d78} 'invoke' '(Ljava/lang/reflect/Method;Ljava/lang/Object;[Ljava/lang/Object;)Ljava/lang/Object;' in 'com/sun/javafx/reflect/MethodUtil')}
  0x0000770bb53f92c0: 7516 48be | 4023 8050 | 0b77 0000 | 808e 5104 | 0000 01e9 | cd00 0000 

  0x0000770bb53f92d8: ;   {metadata('java/lang/Error')}
  0x0000770bb53f92d8: 48bf a009 | 0153 0b77 | 0000 8b73 | 0849 ba00 | 0000 530b | 7700 0049 | 03f2 483b | 7e40 0f85 
  0x0000770bb53f92f8: 8d00 0000 

  0x0000770bb53f92fc: ;   {metadata(method data for {method} {0x0000770b4f9d5d78} 'invoke' '(Ljava/lang/reflect/Method;Ljava/lang/Object;[Ljava/lang/Object;)Ljava/lang/Object;' in 'com/sun/javafx/reflect/MethodUtil')}
  0x0000770bb53f92fc: 48be 4023 | 8050 0b77 | 0000 8b7b | 0849 ba00 | 0000 530b | 7700 0049 | 03fa 483b | be68 0400 
  0x0000770bb53f931c: 0075 0d48 | 8386 7004 | 0000 01e9 | 7900 0000 | 483b be78 | 0400 0075 | 0d48 8386 | 8004 0000 
  0x0000770bb53f933c: 01e9 6300 | 0000 4883 | be68 0400 | 0000 7517 | 4889 be68 | 0400 0048 | c786 7004 | 0000 0100 
  0x0000770bb53f935c: 0000 e942 | 0000 0048 | 83be 7804 | 0000 0075 | 1748 89be | 7804 0000 | 48c7 8680 | 0400 0001 
  0x0000770bb53f937c: 0000 00e9 | 2100 0000 | e91c 0000 

  0x0000770bb53f9388: ;   {metadata(method data for {method} {0x0000770b4f9d5d78} 'invoke' '(Ljava/lang/reflect/Method;Ljava/lang/Object;[Ljava/lang/Object;)Ljava/lang/Object;' in 'com/sun/javafx/reflect/MethodUtil')}
  0x0000770bb53f9388: 0048 be40 | 2380 500b | 7700 0048 | 83ae 5804 | 0000 01e9 | 980b 0000 | e900 0000 | 0048 8bc3 
  0x0000770bb53f93a8: ; implicit exception: dispatches to 0x0000770bb53f9f41
  0x0000770bb53f93a8: 483b 00e9 | 290c 0000 

  0x0000770bb53f93b0: ;   {no_reloc}
  0x0000770bb53f93b0: e9a0 0b00 | 0000 0000 | 0000 498b | 87b8 0100 | 0048 8d78 | 2849 3bbf | c801 0000 | 0f87 8d0b 
  0x0000770bb53f93d0: 0000 4989 | bfb8 0100 | 0048 c700 | 0100 0000 | 488b ca49 | ba00 0000 | 530b 7700 | 0049 2bca 
  0x0000770bb53f93f0: 8948 0848 | 33c9 8948 | 0c48 33c9 | 4889 4810 | 4889 4818 | 4889 4820 

  0x0000770bb53f9408: ;   {metadata(method data for {method} {0x0000770b4f9d5d78} 'invoke' '(Ljava/lang/reflect/Method;Ljava/lang/Object;[Ljava/lang/Object;)Ljava/lang/Object;' in 'com/sun/javafx/reflect/MethodUtil')}
  0x0000770bb53f9408: 488b d048 | b940 2380 | 500b 7700 | 0048 8381 | 9004 0000 

  0x0000770bb53f941c: ;   {oop("Unexpected invocation error"{0x000000071e9fac30})}
  0x0000770bb53f941c: 0148 ba30 | ac9f 1e07 | 0000 0048 | 8bcb 488b | f048 8984 | 2460 0200 

  0x0000770bb53f9434: ;   {optimized virtual_call}
  0x0000770bb53f9434: 0066 90e8 

  0x0000770bb53f9438: ; ImmutableOopMap {[608]=Oop }
                      ;*invokespecial <init> {reexecute=0 rethrow=0 return_oop=0}
                      ; - com.sun.javafx.reflect.MethodUtil::invoke@95 (line 283)
  0x0000770bb53f9438: 44c3 9806 

  0x0000770bb53f943c: ;   {other}
  0x0000770bb53f943c: 0f1f 8400 | 2c3c 002c | 488b 8424 | 6002 0000 | e988 0b00 | 0048 85db 

  0x0000770bb53f9454: ;   {metadata(method data for {method} {0x0000770b4f9d5d78} 'invoke' '(Ljava/lang/reflect/Method;Ljava/lang/Object;[Ljava/lang/Object;)Ljava/lang/Object;' in 'com/sun/javafx/reflect/MethodUtil')}
  0x0000770bb53f9454: 7516 48be | 4023 8050 | 0b77 0000 | 808e c103 | 0000 01e9 | cd00 0000 

  0x0000770bb53f946c: ;   {metadata('java/lang/RuntimeException')}
  0x0000770bb53f946c: 48bf b8c4 | 0553 0b77 | 0000 8b73 | 0849 ba00 | 0000 530b | 7700 0049 | 03f2 483b | 7e48 0f85 
  0x0000770bb53f948c: 8d00 0000 

  0x0000770bb53f9490: ;   {metadata(method data for {method} {0x0000770b4f9d5d78} 'invoke' '(Ljava/lang/reflect/Method;Ljava/lang/Object;[Ljava/lang/Object;)Ljava/lang/Object;' in 'com/sun/javafx/reflect/MethodUtil')}
  0x0000770bb53f9490: 48be 4023 | 8050 0b77 | 0000 8b7b | 0849 ba00 | 0000 530b | 7700 0049 | 03fa 483b | bed8 0300 
  0x0000770bb53f94b0: 0075 0d48 | 8386 e003 | 0000 01e9 | 7900 0000 | 483b bee8 | 0300 0075 | 0d48 8386 | f003 0000 
  0x0000770bb53f94d0: 01e9 6300 | 0000 4883 | bed8 0300 | 0000 7517 | 4889 bed8 | 0300 0048 | c786 e003 | 0000 0100 
  0x0000770bb53f94f0: 0000 e942 | 0000 0048 | 83be e803 | 0000 0075 | 1748 89be | e803 0000 | 48c7 86f0 | 0300 0001 
  0x0000770bb53f9510: 0000 00e9 | 2100 0000 | e91c 0000 

  0x0000770bb53f951c: ;   {metadata(method data for {method} {0x0000770b4f9d5d78} 'invoke' '(Ljava/lang/reflect/Method;Ljava/lang/Object;[Ljava/lang/Object;)Ljava/lang/Object;' in 'com/sun/javafx/reflect/MethodUtil')}
  0x0000770bb53f951c: 0048 be40 | 2380 500b | 7700 0048 | 83ae c803 | 0000 01e9 | 380a 0000 | e900 0000 | 0048 8bc3 
  0x0000770bb53f953c: ; implicit exception: dispatches to 0x0000770bb53f9f75
  0x0000770bb53f953c: 483b 00e9 | 950a 0000 | 4885 db75 

  0x0000770bb53f9548: ;   {metadata(method data for {method} {0x0000770b4f9d5d78} 'invoke' '(Ljava/lang/reflect/Method;Ljava/lang/Object;[Ljava/lang/Object;)Ljava/lang/Object;' in 'com/sun/javafx/reflect/MethodUtil')}
  0x0000770bb53f9548: 1648 be40 | 2380 500b | 7700 0080 | 8e31 0300 | 0001 e9cc 

  0x0000770bb53f955c: ;   {metadata('java/lang/IllegalAccessException')}
  0x0000770bb53f955c: 0000 0048 | bfa8 6e04 | 540b 7700 | 008b 5308 | 49ba 0000 | 0053 0b77 | 0000 4903 | d248 3bfa 
  0x0000770bb53f957c: 0f85 8d00 

  0x0000770bb53f9580: ;   {metadata(method data for {method} {0x0000770b4f9d5d78} 'invoke' '(Ljava/lang/reflect/Method;Ljava/lang/Object;[Ljava/lang/Object;)Ljava/lang/Object;' in 'com/sun/javafx/reflect/MethodUtil')}
  0x0000770bb53f9580: 0000 48be | 4023 8050 | 0b77 0000 | 8b7b 0849 | ba00 0000 | 530b 7700 | 0049 03fa | 483b be48 
  0x0000770bb53f95a0: 0300 0075 | 0d48 8386 | 5003 0000 | 01e9 7900 | 0000 483b | be58 0300 | 0075 0d48 | 8386 6003 
  0x0000770bb53f95c0: 0000 01e9 | 6300 0000 | 4883 be48 | 0300 0000 | 7517 4889 | be48 0300 | 0048 c786 | 5003 0000 
  0x0000770bb53f95e0: 0100 0000 | e942 0000 | 0048 83be | 5803 0000 | 0075 1748 | 89be 5803 | 0000 48c7 | 8660 0300 
  0x0000770bb53f9600: 0001 0000 | 00e9 2100 | 0000 e91c 

  0x0000770bb53f960c: ;   {metadata(method data for {method} {0x0000770b4f9d5d78} 'invoke' '(Ljava/lang/reflect/Method;Ljava/lang/Object;[Ljava/lang/Object;)Ljava/lang/Object;' in 'com/sun/javafx/reflect/MethodUtil')}
  0x0000770bb53f960c: 0000 0048 | be40 2380 | 500b 7700 | 0048 83ae | 3803 0000 | 01e9 5409 | 0000 e900 | 0000 0048 
  0x0000770bb53f962c: 8bc3 483b | 00e9 a309 | 0000 4885 

  0x0000770bb53f9638: ;   {metadata(method data for {method} {0x0000770b4f9d5d78} 'invoke' '(Ljava/lang/reflect/Method;Ljava/lang/Object;[Ljava/lang/Object;)Ljava/lang/Object;' in 'com/sun/javafx/reflect/MethodUtil')}
  0x0000770bb53f9638: db75 1648 | be40 2380 | 500b 7700 | 0080 8ea1 | 0200 0001 | e9cc 0000 

  0x0000770bb53f9650: ;   {metadata('java/lang/reflect/InvocationTargetException')}
  0x0000770bb53f9650: 0048 bf08 | 7104 540b | 7700 008b | 5308 49ba | 0000 0053 | 0b77 0000 | 4903 d248 | 3bfa 0f85 
  0x0000770bb53f9670: 8d00 0000 

  0x0000770bb53f9674: ;   {metadata(method data for {method} {0x0000770b4f9d5d78} 'invoke' '(Ljava/lang/reflect/Method;Ljava/lang/Object;[Ljava/lang/Object;)Ljava/lang/Object;' in 'com/sun/javafx/reflect/MethodUtil')}
  0x0000770bb53f9674: 48be 4023 | 8050 0b77 | 0000 8b7b | 0849 ba00 | 0000 530b | 7700 0049 | 03fa 483b | beb8 0200 
  0x0000770bb53f9694: 0075 0d48 | 8386 c002 | 0000 01e9 | 7900 0000 | 483b bec8 | 0200 0075 | 0d48 8386 | d002 0000 
  0x0000770bb53f96b4: 01e9 6300 | 0000 4883 | beb8 0200 | 0000 7517 | 4889 beb8 | 0200 0048 | c786 c002 | 0000 0100 
  0x0000770bb53f96d4: 0000 e942 | 0000 0048 | 83be c802 | 0000 0075 | 1748 89be | c802 0000 | 48c7 86d0 | 0200 0001 
  0x0000770bb53f96f4: 0000 00e9 | 2100 0000 | e91c 0000 

  0x0000770bb53f9700: ;   {metadata(method data for {method} {0x0000770b4f9d5d78} 'invoke' '(Ljava/lang/reflect/Method;Ljava/lang/Object;[Ljava/lang/Object;)Ljava/lang/Object;' in 'com/sun/javafx/reflect/MethodUtil')}
  0x0000770bb53f9700: 0048 be40 | 2380 500b | 7700 0048 | 83ae a802 | 0000 01e9 | 7008 0000 | e900 0000 | 0048 8bc3 
  0x0000770bb53f9720: ; implicit exception: dispatches to 0x0000770bb53f9f91
  0x0000770bb53f9720: 483b 00e9 | b108 0000 | 498b 8700 | 0500 004d | 33d2 4d89 | 9700 0500 | 004d 33d2 | 4d89 9708 
  0x0000770bb53f9740: 0500 0048 | 8bd8 6690 

  0x0000770bb53f9748: ;   {no_reloc}
  0x0000770bb53f9748: e958 0800 | 0000 0000 | 0000 498b | 87b8 0100 | 0048 8d78 | 2849 3bbf | c801 0000 | 0f87 4508 
  0x0000770bb53f9768: 0000 4989 | bfb8 0100 | 0048 c700 | 0100 0000 | 488b ca49 | ba00 0000 | 530b 7700 | 0049 2bca 
  0x0000770bb53f9788: 8948 0848 | 33c9 8948 | 0c48 33c9 | 4889 4810 | 4889 4818 | 4889 4820 

  0x0000770bb53f97a0: ;   {metadata(method data for {method} {0x0000770b4f9d5d78} 'invoke' '(Ljava/lang/reflect/Method;Ljava/lang/Object;[Ljava/lang/Object;)Ljava/lang/Object;' in 'com/sun/javafx/reflect/MethodUtil')}
  0x0000770bb53f97a0: 488b d048 | b940 2380 | 500b 7700 | 0048 8381 | a004 0000 

  0x0000770bb53f97b4: ;   {oop("Unexpected invocation error"{0x000000071e9fac30})}
  0x0000770bb53f97b4: 0148 ba30 | ac9f 1e07 | 0000 0048 | 8bcb 488b | f048 8984 | 2468 0200 

  0x0000770bb53f97cc: ;   {optimized virtual_call}
  0x0000770bb53f97cc: 0066 90e8 

  0x0000770bb53f97d0: ; ImmutableOopMap {[616]=Oop }
                      ;*invokespecial <init> {reexecute=0 rethrow=0 return_oop=0}
                      ; - com.sun.javafx.reflect.MethodUtil::invoke@107 (line 287)
  0x0000770bb53f97d0: acbf 9806 

  0x0000770bb53f97d4: ;   {other}
  0x0000770bb53f97d4: 0f1f 8400 | c43f 002d | 488b 8424 | 6802 0000 | e9f0 0700 

  0x0000770bb53f97e8: ;   {metadata({method} {0x0000770b4f9d5d78} 'invoke' '(Ljava/lang/reflect/Method;Ljava/lang/Object;[Ljava/lang/Object;)Ljava/lang/Object;' in 'com/sun/javafx/reflect/MethodUtil')}
  0x0000770bb53f97e8: 0049 ba78 | 5d9d 4f0b | 7700 004c | 8954 2408 | 48c7 0424 | ffff ffff 

  0x0000770bb53f9800: ;   {runtime_call counter_overflow Runtime1 stub}
  0x0000770bb53f9800: e87b 15a6 

  0x0000770bb53f9804: ; ImmutableOopMap {r8=Oop r9=Oop r11=Oop }
                      ;*synchronization entry
                      ; - com.sun.javafx.reflect.MethodUtil::invoke@-1 (line 270)
  0x0000770bb53f9804: 06e9 a5c7 

  0x0000770bb53f9808: ;   {runtime_call new_object_array Runtime1 stub}
  0x0000770bb53f9808: ffff e8f1 

  0x0000770bb53f980c: ; ImmutableOopMap {r8=Oop r9=Oop r11=Oop }
                      ;*anewarray {reexecute=0 rethrow=0 return_oop=0}
                      ; - com.sun.javafx.reflect.MethodUtil::invoke@5 (line 270)
  0x0000770bb53f980c: b0a5 06e9 | 29c8 ffff 

  0x0000770bb53f9814: ;   {runtime_call throw_null_pointer_exception Runtime1 stub}
  0x0000770bb53f9814: e887 86a5 

  0x0000770bb53f9818: ; ImmutableOopMap {r8=Oop r9=Oop r11=Oop rax=Oop [408]=Oop }
                      ;*aastore {reexecute=1 rethrow=0 return_oop=0}
                      ; - (reexecute) com.sun.javafx.reflect.MethodUtil::invoke@11 (line 270)
  0x0000770bb53f9818: 064c 8904 

  0x0000770bb53f981c: ;   {runtime_call throw_array_store_exception Runtime1 stub}
  0x0000770bb53f981c: 24e8 fec6 

  0x0000770bb53f9820: ; ImmutableOopMap {r8=Oop r9=Oop r11=Oop rax=Oop [408]=Oop }
                      ;*aastore {reexecute=1 rethrow=0 return_oop=0}
                      ; - (reexecute) com.sun.javafx.reflect.MethodUtil::invoke@11 (line 270)
  0x0000770bb53f9820: a506 8b3e | 48c1 e703 | 4883 ff00 | 0f84 39c9 | ffff 4889 

  0x0000770bb53f9834: ;   {runtime_call g1_pre_barrier_slow}
  0x0000770bb53f9834: 3c24 e845 | 1ca6 06e9 | 2bc9 ffff | 4983 f800 | 0f84 3fc9 | ffff 4889 

  0x0000770bb53f984c: ;   {runtime_call g1_post_barrier_slow}
  0x0000770bb53f984c: 3424 e8ad | 1fa6 06e9 | 31c9 ffff 

  0x0000770bb53f9858: ;   {runtime_call throw_null_pointer_exception Runtime1 stub}
  0x0000770bb53f9858: e843 86a5 

  0x0000770bb53f985c: ; ImmutableOopMap {r9=Oop r11=Oop rax=Oop [408]=Oop }
                      ;*aastore {reexecute=1 rethrow=0 return_oop=0}
                      ; - (reexecute) com.sun.javafx.reflect.MethodUtil::invoke@15 (line 270)
  0x0000770bb53f985c: 064c 890c 

  0x0000770bb53f9860: ;   {runtime_call throw_array_store_exception Runtime1 stub}
  0x0000770bb53f9860: 24e8 bac6 

  0x0000770bb53f9864: ; ImmutableOopMap {r9=Oop r11=Oop rax=Oop [408]=Oop }
                      ;*aastore {reexecute=1 rethrow=0 return_oop=0}
                      ; - (reexecute) com.sun.javafx.reflect.MethodUtil::invoke@15 (line 270)
  0x0000770bb53f9864: a506 8b3e | 48c1 e703 | 4883 ff00 | 0f84 39ca | ffff 4889 

  0x0000770bb53f9878: ;   {runtime_call g1_pre_barrier_slow}
  0x0000770bb53f9878: 3c24 e801 | 1ca6 06e9 | 2bca ffff | 4983 f900 | 0f84 3fca | ffff 4889 

  0x0000770bb53f9890: ;   {runtime_call g1_post_barrier_slow}
  0x0000770bb53f9890: 3424 e869 | 1fa6 06e9 | 31ca ffff 

  0x0000770bb53f989c: ;   {runtime_call throw_null_pointer_exception Runtime1 stub}
  0x0000770bb53f989c: e8ff 85a5 

  0x0000770bb53f98a0: ; ImmutableOopMap {r11=Oop rax=Oop [408]=Oop }
                      ;*aastore {reexecute=1 rethrow=0 return_oop=0}
                      ; - (reexecute) com.sun.javafx.reflect.MethodUtil::invoke@19 (line 270)
  0x0000770bb53f98a0: 064c 891c 

  0x0000770bb53f98a4: ;   {runtime_call throw_array_store_exception Runtime1 stub}
  0x0000770bb53f98a4: 24e8 76c6 

  0x0000770bb53f98a8: ; ImmutableOopMap {r11=Oop rax=Oop [408]=Oop }
                      ;*aastore {reexecute=1 rethrow=0 return_oop=0}
                      ; - (reexecute) com.sun.javafx.reflect.MethodUtil::invoke@19 (line 270)
  0x0000770bb53f98a8: a506 8b3e | 48c1 e703 | 4883 ff00 | 0f84 39cb | ffff 4889 

  0x0000770bb53f98bc: ;   {runtime_call g1_pre_barrier_slow}
  0x0000770bb53f98bc: 3c24 e8bd | 1ba6 06e9 | 2bcb ffff | 4983 fb00 | 0f84 3fcb | ffff 4889 

  0x0000770bb53f98d4: ;   {runtime_call g1_post_barrier_slow}
  0x0000770bb53f98d4: 3424 e825 | 1fa6 06e9 | 31cb ffff 

  0x0000770bb53f98e0: ;   {metadata({method} {0x0000770b53045680} 'invoke' '(Ljava/lang/Object;[Ljava/lang/Object;)Ljava/lang/Object;' in 'java/lang/reflect/Method')}
  0x0000770bb53f98e0: 49ba 8056 | 0453 0b77 | 0000 4c89 | 5424 0848 | c704 24ff 

  0x0000770bb53f98f4: ;   {runtime_call counter_overflow Runtime1 stub}
  0x0000770bb53f98f4: ffff ffe8 

  0x0000770bb53f98f8: ; ImmutableOopMap {rax=Oop rdi=Oop [408]=Oop }
                      ;*synchronization entry
                      ; - java.lang.reflect.Method::invoke@-1 (line 561)
                      ; - com.sun.javafx.reflect.MethodUtil::invoke@20 (line 270)
  0x0000770bb53f98f8: 8414 a606 | e956 cbff 

  0x0000770bb53f9900: ;   {metadata({method} {0x0000770b530eb830} 'isStatic' '(I)Z' in 'java/lang/reflect/Modifier')}
  0x0000770bb53f9900: ff49 ba30 | b80e 530b | 7700 004c | 8954 2408 | 48c7 0424 | ffff ffff 

  0x0000770bb53f9918: ;   {runtime_call counter_overflow Runtime1 stub}
  0x0000770bb53f9918: e863 14a6 

  0x0000770bb53f991c: ; ImmutableOopMap {rdi=Oop [408]=Oop }
                      ;*synchronization entry
                      ; - java.lang.reflect.Modifier::isStatic@-1 (line 98)
                      ; - java.lang.reflect.Method::invoke@42 (line 572)
                      ; - com.sun.javafx.reflect.MethodUtil::invoke@20 (line 270)
  0x0000770bb53f991c: 06e9 8fcc 

  0x0000770bb53f9920: ;   {metadata({method} {0x0000770b531a1f68} 'invoke' '(Ljava/lang/Object;[Ljava/lang/Object;Ljava/lang/Class;)Ljava/lang/Object;' in 'jdk/internal/reflect/DirectMethodHandleAccessor')}
  0x0000770bb53f9920: ffff 49ba | 681f 1a53 | 0b77 0000 | 4c89 5424 | 0848 c704 | 24ff ffff 

  0x0000770bb53f9938: ;   {runtime_call counter_overflow Runtime1 stub}
  0x0000770bb53f9938: ffe8 4214 

  0x0000770bb53f993c: ; ImmutableOopMap {rsi=Oop [408]=Oop [424]=Oop }
                      ;*synchronization entry
                      ; - jdk.internal.reflect.DirectMethodHandleAccessor::invoke@-1 (line 125)
                      ; - java.lang.reflect.Method::invoke@90 (line 580)
                      ; - com.sun.javafx.reflect.MethodUtil::invoke@20 (line 270)
  0x0000770bb53f993c: a606 e99d 

  0x0000770bb53f9940: ;   {metadata({method} {0x0000770b533c8438} 'isStatic' '()Z' in 'jdk/internal/reflect/DirectMethodHandleAccessor')}
  0x0000770bb53f9940: cdff ff49 | ba38 843c | 530b 7700 | 004c 8954 | 2408 48c7 | 0424 ffff 

  0x0000770bb53f9958: ;   {runtime_call counter_overflow Runtime1 stub}
  0x0000770bb53f9958: ffff e821 

  0x0000770bb53f995c: ; ImmutableOopMap {[408]=Oop [424]=Oop }
                      ;*synchronization entry
                      ; - jdk.internal.reflect.DirectMethodHandleAccessor::isStatic@-1 (line 183)
                      ; - jdk.internal.reflect.DirectMethodHandleAccessor::invoke@1 (line 125)
                      ; - java.lang.reflect.Method::invoke@90 (line 580)
                      ; - com.sun.javafx.reflect.MethodUtil::invoke@20 (line 270)
  0x0000770bb53f995c: 14a6 06e9 | b5cd ffff 

  0x0000770bb53f9964: ;   {metadata({method} {0x0000770b533c8330} 'invokeImpl' '(Ljava/lang/Object;[Ljava/lang/Object;Ljava/lang/Class;)Ljava/lang/Object;' in 'jdk/internal/reflect/DirectMethodHandleAccessor')}
  0x0000770bb53f9964: 49ba 3083 | 3c53 0b77 | 0000 4c89 | 5424 0848 | c704 24ff 

  0x0000770bb53f9978: ;   {runtime_call counter_overflow Runtime1 stub}
  0x0000770bb53f9978: ffff ffe8 

  0x0000770bb53f997c: ; ImmutableOopMap {rsi=Oop [408]=Oop [424]=Oop }
                      ;*synchronization entry
                      ; - jdk.internal.reflect.DirectMethodHandleAccessor::invokeImpl@-1 (line 164)
                      ; - jdk.internal.reflect.DirectMethodHandleAccessor::invoke@24 (line 130)
                      ; - java.lang.reflect.Method::invoke@90 (line 580)
                      ; - com.sun.javafx.reflect.MethodUtil::invoke@20 (line 270)
  0x0000770bb53f997c: 0014 a606 | e93d ceff 

  0x0000770bb53f9984: ;   {metadata({method} {0x0000770b533c8120} 'hasCallerParameter' '()Z' in 'jdk/internal/reflect/DirectMethodHandleAccessor')}
  0x0000770bb53f9984: ff49 ba20 | 813c 530b | 7700 004c | 8954 2408 | 48c7 0424 | ffff ffff 

  0x0000770bb53f999c: ;   {runtime_call counter_overflow Runtime1 stub}
  0x0000770bb53f999c: e8df 13a6 

  0x0000770bb53f99a0: ; ImmutableOopMap {[408]=Oop [424]=Oop }
                      ;*synchronization entry
                      ; - jdk.internal.reflect.DirectMethodHandleAccessor::hasCallerParameter@-1 (line 187)
                      ; - jdk.internal.reflect.DirectMethodHandleAccessor::invokeImpl@1 (line 164)
                      ; - jdk.internal.reflect.DirectMethodHandleAccessor::invoke@24 (line 130)
                      ; - java.lang.reflect.Method::invoke@90 (line 580)
                      ; - com.sun.javafx.reflect.MethodUtil::invoke@20 (line 270)
  0x0000770bb53f99a0: 06e9 55ce 

  0x0000770bb53f99a4: ;   {metadata({method} {0x0000770b53094fc8} 'reflectiveInvoker' '(Ljava/lang/Class;)Ljava/lang/invoke/MethodHandle;' in 'java/lang/invoke/MethodHandleImpl$1')}
  0x0000770bb53f99a4: ffff 49ba | c84f 0953 | 0b77 0000 | 4c89 5424 | 0848 c704 | 24ff ffff 

  0x0000770bb53f99bc: ;   {runtime_call counter_overflow Runtime1 stub}
  0x0000770bb53f99bc: ffe8 be13 

  0x0000770bb53f99c0: ; ImmutableOopMap {rdi=Oop [408]=Oop }
                      ;*synchronization entry
                      ; - java.lang.invoke.MethodHandleImpl$1::reflectiveInvoker@-1 (line 1655)
                      ; - jdk.internal.reflect.DirectMethodHandleAccessor::invokeImpl@121 (line 176)
                      ; - jdk.internal.reflect.DirectMethodHandleAccessor::invoke@24 (line 130)
                      ; - java.lang.reflect.Method::invoke@90 (line 580)
                      ; - com.sun.javafx.reflect.MethodUtil::invoke@20 (line 270)
  0x0000770bb53f99c0: a606 e9b0 

  0x0000770bb53f99c4: ;   {metadata({method} {0x0000770b53056360} 'requireNonNull' '(Ljava/lang/Object;)Ljava/lang/Object;' in 'java/util/Objects')}
  0x0000770bb53f99c4: ceff ff49 | ba60 6305 | 530b 7700 | 004c 8954 | 2408 48c7 | 0424 ffff 

  0x0000770bb53f99dc: ;   {runtime_call counter_overflow Runtime1 stub}
  0x0000770bb53f99dc: ffff e89d 

  0x0000770bb53f99e0: ; ImmutableOopMap {rdi=Oop [408]=Oop }
                      ;*synchronization entry
                      ; - java.util.Objects::requireNonNull@-1 (line 232)
                      ; - java.lang.invoke.MethodHandleImpl$1::reflectiveInvoker@1 (line 1655)
                      ; - jdk.internal.reflect.DirectMethodHandleAccessor::invokeImpl@121 (line 176)
                      ; - jdk.internal.reflect.DirectMethodHandleAccessor::invoke@24 (line 130)
                      ; - java.lang.reflect.Method::invoke@90 (line 580)
                      ; - com.sun.javafx.reflect.MethodUtil::invoke@20 (line 270)
  0x0000770bb53f99e0: 13a6 06e9 | c8ce ffff | 49b9 0000 | 0000 0000 | 0000 b800 

  0x0000770bb53f99f4: ;   {runtime_call load_appendix_patching Runtime1 stub}
  0x0000770bb53f99f4: 0f05 0ae8 

  0x0000770bb53f99f8: ; ImmutableOopMap {rax=Oop [408]=Oop }
                      ;*invokevirtual invokeExact {reexecute=1 rethrow=0 return_oop=0}
                      ; - (reexecute) jdk.internal.reflect.DirectMethodHandleAccessor::invokeImpl@136 (line 178)
                      ; - jdk.internal.reflect.DirectMethodHandleAccessor::invoke@24 (line 130)
                      ; - java.lang.reflect.Method::invoke@90 (line 580)
                      ; - com.sun.javafx.reflect.MethodUtil::invoke@20 (line 270)
  0x0000770bb53f99f8: 840a a606 | e9f7 ceff 

  0x0000770bb53f9a00: ;   {runtime_call throw_null_pointer_exception Runtime1 stub}
  0x0000770bb53f9a00: ffe8 9a84 

  0x0000770bb53f9a04: ; ImmutableOopMap {rax=Oop r9=Oop [408]=Oop }
                      ;*invokevirtual invokeExact {reexecute=0 rethrow=0 return_oop=0}
                      ; - jdk.internal.reflect.DirectMethodHandleAccessor::invokeImpl@136 (line 178)
                      ; - jdk.internal.reflect.DirectMethodHandleAccessor::invoke@24 (line 130)
                      ; - java.lang.reflect.Method::invoke@90 (line 580)
                      ; - com.sun.javafx.reflect.MethodUtil::invoke@20 (line 270)
                      ;   {internal_word}
  0x0000770bb53f9a04: a506 49ba | 1b6b 3fb5 | 0b77 0000 | 4d89 9768 

  0x0000770bb53f9a14: ;   {runtime_call SafepointBlob}
  0x0000770bb53f9a14: 0400 00e9 | e439 9906 

  0x0000770bb53f9a1c: ;   {metadata({method} {0x0000770b531a1f10} 'invoke' '(Ljava/lang/Object;[Ljava/lang/Object;)Ljava/lang/Object;' in 'jdk/internal/reflect/DirectMethodHandleAccessor')}
  0x0000770bb53f9a1c: 49ba 101f | 1a53 0b77 | 0000 4c89 | 5424 0848 | c704 24ff 

  0x0000770bb53f9a30: ;   {runtime_call counter_overflow Runtime1 stub}
  0x0000770bb53f9a30: ffff ffe8 

  0x0000770bb53f9a34: ; ImmutableOopMap {rsi=Oop [408]=Oop }
                      ;*synchronization entry
                      ; - jdk.internal.reflect.DirectMethodHandleAccessor::invoke@-1 (line 98)
                      ; - java.lang.reflect.Method::invoke@102 (line 580)
                      ; - com.sun.javafx.reflect.MethodUtil::invoke@20 (line 270)
  0x0000770bb53f9a34: 4813 a606 | e932 d1ff 

  0x0000770bb53f9a3c: ;   {metadata({method} {0x0000770b533c8438} 'isStatic' '()Z' in 'jdk/internal/reflect/DirectMethodHandleAccessor')}
  0x0000770bb53f9a3c: ff49 ba38 | 843c 530b | 7700 004c | 8954 2408 | 48c7 0424 | ffff ffff 

  0x0000770bb53f9a54: ;   {runtime_call counter_overflow Runtime1 stub}
  0x0000770bb53f9a54: e827 13a6 

  0x0000770bb53f9a58: ; ImmutableOopMap {[408]=Oop }
                      ;*synchronization entry
                      ; - jdk.internal.reflect.DirectMethodHandleAccessor::isStatic@-1 (line 183)
                      ; - jdk.internal.reflect.DirectMethodHandleAccessor::invoke@1 (line 98)
                      ; - java.lang.reflect.Method::invoke@102 (line 580)
                      ; - com.sun.javafx.reflect.MethodUtil::invoke@20 (line 270)
  0x0000770bb53f9a58: 06e9 4ad1 

  0x0000770bb53f9a5c: ;   {metadata({method} {0x0000770b533c82d8} 'invokeImpl' '(Ljava/lang/Object;[Ljava/lang/Object;)Ljava/lang/Object;' in 'jdk/internal/reflect/DirectMethodHandleAccessor')}
  0x0000770bb53f9a5c: ffff 49ba | d882 3c53 | 0b77 0000 | 4c89 5424 | 0848 c704 | 24ff ffff 

  0x0000770bb53f9a74: ;   {runtime_call counter_overflow Runtime1 stub}
  0x0000770bb53f9a74: ffe8 0613 

  0x0000770bb53f9a78: ; ImmutableOopMap {[408]=Oop }
                      ;*synchronization entry
                      ; - jdk.internal.reflect.DirectMethodHandleAccessor::invokeImpl@-1 (line 152)
                      ; - jdk.internal.reflect.DirectMethodHandleAccessor::invoke@23 (line 103)
                      ; - java.lang.reflect.Method::invoke@102 (line 580)
                      ; - com.sun.javafx.reflect.MethodUtil::invoke@20 (line 270)
  0x0000770bb53f9a78: a606 e9c8 

  0x0000770bb53f9a7c: ;   {metadata({method} {0x0000770b4f413ab0} 'invokeExact_MT' '(Ljava/lang/Object;Ljava/lang/Object;Ljava/lang/Object;Ljava/lang/Object;Ljava/lang/Object;Ljava/lang/Object;)Ljava/lang/Object;' in 'java/lang/invoke/LambdaForm$MH+0x0000770b54004c00')}
  0x0000770bb53f9a7c: d1ff ff49 | bab0 3a41 | 4f0b 7700 | 004c 8954 | 2408 48c7 | 0424 ffff 

  0x0000770bb53f9a94: ;   {runtime_call counter_overflow Runtime1 stub}
  0x0000770bb53f9a94: ffff e8e5 

  0x0000770bb53f9a98: ; ImmutableOopMap {rdi=Oop rbx=Oop rax=Oop rdx=Oop [432]=Oop [440]=Oop [448]=Oop }
                      ;*synchronization entry
                      ; - java.lang.invoke.LambdaForm$MH/0x0000770b54004c00::invokeExact_MT@-1
                      ; - jdk.internal.reflect.DirectMethodHandleAccessor::invokeImpl@92 (line 156)
                      ; - jdk.internal.reflect.DirectMethodHandleAccessor::invoke@23 (line 103)
                      ; - java.lang.reflect.Method::invoke@102 (line 580)
                      ; - com.sun.javafx.reflect.MethodUtil::invoke@20 (line 270)
  0x0000770bb53f9a98: 12a6 06e9 | e6d2 ffff 

  0x0000770bb53f9aa0: ;   {metadata({method} {0x0000770b533dc970} 'checkExactType' '(Ljava/lang/invoke/MethodHandle;Ljava/lang/invoke/MethodType;)V' in 'java/lang/invoke/Invokers')}
  0x0000770bb53f9aa0: 49ba 70c9 | 3d53 0b77 | 0000 4c89 | 5424 0848 | c704 24ff 

  0x0000770bb53f9ab4: ;   {runtime_call counter_overflow Runtime1 stub}
  0x0000770bb53f9ab4: ffff ffe8 

  0x0000770bb53f9ab8: ; ImmutableOopMap {rdi=Oop rbx=Oop rax=Oop rdx=Oop [432]=Oop [440]=Oop [448]=Oop }
                      ;*synchronization entry
                      ; - java.lang.invoke.Invokers::checkExactType@-1 (line 529)
                      ; - java.lang.invoke.LambdaForm$MH/0x0000770b54004c00::invokeExact_MT@11
                      ; - jdk.internal.reflect.DirectMethodHandleAccessor::invokeImpl@92 (line 156)
                      ; - jdk.internal.reflect.DirectMethodHandleAccessor::invoke@23 (line 103)
                      ; - java.lang.reflect.Method::invoke@102 (line 580)
                      ; - com.sun.javafx.reflect.MethodUtil::invoke@20 (line 270)
  0x0000770bb53f9ab8: c412 a606 | e93b d3ff 

  0x0000770bb53f9ac0: ;   {metadata({method} {0x0000770b533dc868} 'checkCustomized' '(Ljava/lang/invoke/MethodHandle;)V' in 'java/lang/invoke/Invokers')}
  0x0000770bb53f9ac0: ff49 ba68 | c83d 530b | 7700 004c | 8954 2408 | 48c7 0424 | ffff ffff 

  0x0000770bb53f9ad8: ;   {runtime_call counter_overflow Runtime1 stub}
  0x0000770bb53f9ad8: e8a3 12a6 

  0x0000770bb53f9adc: ; ImmutableOopMap {rdi=Oop rbx=Oop rax=Oop [432]=Oop [440]=Oop [448]=Oop }
                      ;*synchronization entry
                      ; - java.lang.invoke.Invokers::checkCustomized@-1 (line 623)
                      ; - java.lang.invoke.LambdaForm$MH/0x0000770b54004c00::invokeExact_MT@15
                      ; - jdk.internal.reflect.DirectMethodHandleAccessor::invokeImpl@92 (line 156)
                      ; - jdk.internal.reflect.DirectMethodHandleAccessor::invoke@23 (line 103)
                      ; - java.lang.reflect.Method::invoke@102 (line 580)
                      ; - com.sun.javafx.reflect.MethodUtil::invoke@20 (line 270)
  0x0000770bb53f9adc: 06e9 1fd4 

  0x0000770bb53f9ae0: ;   {metadata({method} {0x0000770b530951e0} 'isCompileConstant' '(Ljava/lang/Object;)Z' in 'java/lang/invoke/MethodHandleImpl')}
  0x0000770bb53f9ae0: ffff 49ba | e051 0953 | 0b77 0000 | 4c89 5424 | 0848 c704 | 24ff ffff 

  0x0000770bb53f9af8: ;   {runtime_call counter_overflow Runtime1 stub}
  0x0000770bb53f9af8: ffe8 8212 

  0x0000770bb53f9afc: ; ImmutableOopMap {rdi=Oop rbx=Oop rax=Oop [432]=Oop [440]=Oop [448]=Oop }
                      ;*synchronization entry
                      ; - java.lang.invoke.MethodHandleImpl::isCompileConstant@-1 (line 618)
                      ; - java.lang.invoke.Invokers::checkCustomized@1 (line 623)
                      ; - java.lang.invoke.LambdaForm$MH/0x0000770b54004c00::invokeExact_MT@15
                      ; - jdk.internal.reflect.DirectMethodHandleAccessor::invokeImpl@92 (line 156)
                      ; - jdk.internal.reflect.DirectMethodHandleAccessor::invoke@23 (line 103)
                      ; - java.lang.reflect.Method::invoke@102 (line 580)
                      ; - com.sun.javafx.reflect.MethodUtil::invoke@20 (line 270)
  0x0000770bb53f9afc: a606 e937 

  0x0000770bb53f9b00: ;   {metadata({method} {0x0000770b4fb65750} 'invoke' '(Ljava/lang/Object;Ljava/lang/Object;Ljava/lang/Object;Ljava/lang/Object;Ljava/lang/Object;)Ljava/lang/Object;' in 'java/lang/invoke/LambdaForm$MH+0x0000770b5420c000')}
  0x0000770bb53f9b00: d4ff ff49 | ba50 57b6 | 4f0b 7700 | 004c 8954 | 2408 48c7 | 0424 ffff 

  0x0000770bb53f9b18: ;   {runtime_call counter_overflow Runtime1 stub}
  0x0000770bb53f9b18: ffff e861 

  0x0000770bb53f9b1c: ; ImmutableOopMap {rdi=Oop rbx=Oop rax=Oop [432]=Oop [440]=Oop [448]=Oop }
                      ;*synchronization entry
                      ; - java.lang.invoke.LambdaForm$MH/0x0000770b5420c000::invoke@-1
                      ; - java.lang.invoke.LambdaForm$MH/0x0000770b54004c00::invokeExact_MT@24
                      ; - jdk.internal.reflect.DirectMethodHandleAccessor::invokeImpl@92 (line 156)
                      ; - jdk.internal.reflect.DirectMethodHandleAccessor::invoke@23 (line 103)
                      ; - java.lang.reflect.Method::invoke@102 (line 580)
                      ; - com.sun.javafx.reflect.MethodUtil::invoke@20 (line 270)
  0x0000770bb53f9b1c: 12a6 06e9 | 8dd5 ffff 

  0x0000770bb53f9b24: ;   {metadata({method} {0x0000770b4f411a88} 'invoke' '(Ljava/lang/Object;Ljava/lang/Object;)Ljava/lang/Object;' in 'java/lang/invoke/LambdaForm$MH+0x0000770b54003c00')}
  0x0000770bb53f9b24: 49ba 881a | 414f 0b77 | 0000 4c89 | 5424 0848 | c704 24ff 

  0x0000770bb53f9b38: ;   {runtime_call counter_overflow Runtime1 stub}
  0x0000770bb53f9b38: ffff ffe8 

  0x0000770bb53f9b3c: ; ImmutableOopMap {rdi=Oop rbx=Oop rax=Oop [432]=Oop [440]=Oop [448]=Oop }
                      ;*synchronization entry
                      ; - java.lang.invoke.LambdaForm$MH/0x0000770b54003c00::invoke@-1
                      ; - java.lang.invoke.LambdaForm$MH/0x0000770b5420c000::invoke@24
                      ; - java.lang.invoke.LambdaForm$MH/0x0000770b54004c00::invokeExact_MT@24
                      ; - jdk.internal.reflect.DirectMethodHandleAccessor::invokeImpl@92 (line 156)
                      ; - jdk.internal.reflect.DirectMethodHandleAccessor::invoke@23 (line 103)
                      ; - java.lang.reflect.Method::invoke@102 (line 580)
                      ; - com.sun.javafx.reflect.MethodUtil::invoke@20 (line 270)
  0x0000770bb53f9b3c: 4012 a606 | e93d d6ff 

  0x0000770bb53f9b44: ;   {metadata({method} {0x0000770b530b4138} 'invokeSpecial' '(Ljava/lang/Object;Ljava/lang/Object;Ljava/lang/Object;)Ljava/lang/Object;' in 'java/lang/invoke/DirectMethodHandle$Holder')}
  0x0000770bb53f9b44: ff49 ba38 | 410b 530b | 7700 004c | 8954 2408 | 48c7 0424 | ffff ffff 

  0x0000770bb53f9b5c: ;   {runtime_call counter_overflow Runtime1 stub}
  0x0000770bb53f9b5c: e81f 12a6 

  0x0000770bb53f9b60: ; ImmutableOopMap {rdi=Oop rbx=Oop rax=Oop rdx=Oop rcx=Oop [432]=Oop [440]=Oop [448]=Oop }
                      ;*synchronization entry
                      ; - java.lang.invoke.DirectMethodHandle$Holder::invokeSpecial@-1
                      ; - java.lang.invoke.LambdaForm$MH/0x0000770b54003c00::invoke@21
                      ; - java.lang.invoke.LambdaForm$MH/0x0000770b5420c000::invoke@24
                      ; - java.lang.invoke.LambdaForm$MH/0x0000770b54004c00::invokeExact_MT@24
                      ; - jdk.internal.reflect.DirectMethodHandleAccessor::invokeImpl@92 (line 156)
                      ; - jdk.internal.reflect.DirectMethodHandleAccessor::invoke@23 (line 103)
                      ; - java.lang.reflect.Method::invoke@102 (line 580)
                      ; - com.sun.javafx.reflect.MethodUtil::invoke@20 (line 270)
  0x0000770bb53f9b60: 06e9 c1d6 

  0x0000770bb53f9b64: ;   {metadata({method} {0x0000770b530a1a00} 'internalMemberName' '(Ljava/lang/Object;)Ljava/lang/Object;' in 'java/lang/invoke/DirectMethodHandle')}
  0x0000770bb53f9b64: ffff 49ba | 001a 0a53 | 0b77 0000 | 4c89 5424 | 0848 c704 | 24ff ffff 

  0x0000770bb53f9b7c: ;   {runtime_call counter_overflow Runtime1 stub}
  0x0000770bb53f9b7c: ffe8 fe11 

  0x0000770bb53f9b80: ; ImmutableOopMap {rdi=Oop rbx=Oop rax=Oop rdx=Oop [432]=Oop [440]=Oop [448]=Oop }
                      ;*synchronization entry
                      ; - java.lang.invoke.DirectMethodHandle::internalMemberName@-1 (line 327)
                      ; - java.lang.invoke.DirectMethodHandle$Holder::invokeSpecial@1
                      ; - java.lang.invoke.LambdaForm$MH/0x0000770b54003c00::invoke@21
                      ; - java.lang.invoke.LambdaForm$MH/0x0000770b5420c000::invoke@24
                      ; - java.lang.invoke.LambdaForm$MH/0x0000770b54004c00::invokeExact_MT@24
                      ; - jdk.internal.reflect.DirectMethodHandleAccessor::invokeImpl@92 (line 156)
                      ; - jdk.internal.reflect.DirectMethodHandleAccessor::invoke@23 (line 103)
                      ; - java.lang.reflect.Method::invoke@102 (line 580)
                      ; - com.sun.javafx.reflect.MethodUtil::invoke@20 (line 270)
  0x0000770bb53f9b80: a606 e9fb 

  0x0000770bb53f9b84: ;   {metadata({method} {0x0000770b53469018} 'cast' '(Ljava/lang/Object;)Ljava/lang/Object;' in 'java/lang/Class')}
  0x0000770bb53f9b84: d6ff ff49 | ba18 9046 | 530b 7700 | 004c 8954 | 2408 48c7 | 0424 ffff 

  0x0000770bb53f9b9c: ;   {runtime_call counter_overflow Runtime1 stub}
  0x0000770bb53f9b9c: ffff e8dd 

  0x0000770bb53f9ba0: ; ImmutableOopMap {rdi=Oop rbx=Oop rax=Oop [432]=Oop [440]=Oop [448]=Oop }
                      ;*synchronization entry
                      ; - java.lang.Class::cast@-1 (line 4068)
                      ; - java.lang.invoke.DirectMethodHandle$Holder::invokeSpecial@11
                      ; - java.lang.invoke.LambdaForm$MH/0x0000770b54003c00::invoke@21
                      ; - java.lang.invoke.LambdaForm$MH/0x0000770b5420c000::invoke@24
                      ; - java.lang.invoke.LambdaForm$MH/0x0000770b54004c00::invokeExact_MT@24
                      ; - jdk.internal.reflect.DirectMethodHandleAccessor::invokeImpl@92 (line 156)
                      ; - jdk.internal.reflect.DirectMethodHandleAccessor::invoke@23 (line 103)
                      ; - java.lang.reflect.Method::invoke@102 (line 580)
                      ; - com.sun.javafx.reflect.MethodUtil::invoke@20 (line 270)
  0x0000770bb53f9ba0: 11a6 06e9 | 5fd7 ffff 

  0x0000770bb53f9ba8: ;   {metadata({method} {0x0000770b4f411a88} 'invoke' '(Ljava/lang/Object;Ljava/lang/Object;)Ljava/lang/Object;' in 'java/lang/invoke/LambdaForm$MH+0x0000770b54003c00')}
  0x0000770bb53f9ba8: 49ba 881a | 414f 0b77 | 0000 4c89 | 5424 0848 | c704 24ff 

  0x0000770bb53f9bbc: ;   {runtime_call counter_overflow Runtime1 stub}
  0x0000770bb53f9bbc: ffff ffe8 

  0x0000770bb53f9bc0: ; ImmutableOopMap {rdi=Oop rbx=Oop rax=Oop [432]=Oop [440]=Oop [448]=Oop }
                      ;*synchronization entry
                      ; - java.lang.invoke.LambdaForm$MH/0x0000770b54003c00::invoke@-1
                      ; - java.lang.invoke.LambdaForm$MH/0x0000770b5420c000::invoke@42
                      ; - java.lang.invoke.LambdaForm$MH/0x0000770b54004c00::invokeExact_MT@24
                      ; - jdk.internal.reflect.DirectMethodHandleAccessor::invokeImpl@92 (line 156)
                      ; - jdk.internal.reflect.DirectMethodHandleAccessor::invoke@23 (line 103)
                      ; - java.lang.reflect.Method::invoke@102 (line 580)
                      ; - com.sun.javafx.reflect.MethodUtil::invoke@20 (line 270)
  0x0000770bb53f9bc0: bc11 a606 | e92d d9ff 

  0x0000770bb53f9bc8: ;   {metadata({method} {0x0000770b530b4138} 'invokeSpecial' '(Ljava/lang/Object;Ljava/lang/Object;Ljava/lang/Object;)Ljava/lang/Object;' in 'java/lang/invoke/DirectMethodHandle$Holder')}
  0x0000770bb53f9bc8: ff49 ba38 | 410b 530b | 7700 004c | 8954 2408 | 48c7 0424 | ffff ffff 

  0x0000770bb53f9be0: ;   {runtime_call counter_overflow Runtime1 stub}
  0x0000770bb53f9be0: e89b 11a6 

  0x0000770bb53f9be4: ; ImmutableOopMap {rdi=Oop rbx=Oop rax=Oop rdx=Oop rcx=Oop [432]=Oop [440]=Oop [448]=Oop }
                      ;*synchronization entry
                      ; - java.lang.invoke.DirectMethodHandle$Holder::invokeSpecial@-1
                      ; - java.lang.invoke.LambdaForm$MH/0x0000770b54003c00::invoke@21
                      ; - java.lang.invoke.LambdaForm$MH/0x0000770b5420c000::invoke@42
                      ; - java.lang.invoke.LambdaForm$MH/0x0000770b54004c00::invokeExact_MT@24
                      ; - jdk.internal.reflect.DirectMethodHandleAccessor::invokeImpl@92 (line 156)
                      ; - jdk.internal.reflect.DirectMethodHandleAccessor::invoke@23 (line 103)
                      ; - java.lang.reflect.Method::invoke@102 (line 580)
                      ; - com.sun.javafx.reflect.MethodUtil::invoke@20 (line 270)
  0x0000770bb53f9be4: 06e9 b1d9 

  0x0000770bb53f9be8: ;   {metadata({method} {0x0000770b530a1a00} 'internalMemberName' '(Ljava/lang/Object;)Ljava/lang/Object;' in 'java/lang/invoke/DirectMethodHandle')}
  0x0000770bb53f9be8: ffff 49ba | 001a 0a53 | 0b77 0000 | 4c89 5424 | 0848 c704 | 24ff ffff 

  0x0000770bb53f9c00: ;   {runtime_call counter_overflow Runtime1 stub}
  0x0000770bb53f9c00: ffe8 7a11 

  0x0000770bb53f9c04: ; ImmutableOopMap {rdi=Oop rbx=Oop rax=Oop rdx=Oop [432]=Oop [440]=Oop [448]=Oop }
                      ;*synchronization entry
                      ; - java.lang.invoke.DirectMethodHandle::internalMemberName@-1 (line 327)
                      ; - java.lang.invoke.DirectMethodHandle$Holder::invokeSpecial@1
                      ; - java.lang.invoke.LambdaForm$MH/0x0000770b54003c00::invoke@21
                      ; - java.lang.invoke.LambdaForm$MH/0x0000770b5420c000::invoke@42
                      ; - java.lang.invoke.LambdaForm$MH/0x0000770b54004c00::invokeExact_MT@24
                      ; - jdk.internal.reflect.DirectMethodHandleAccessor::invokeImpl@92 (line 156)
                      ; - jdk.internal.reflect.DirectMethodHandleAccessor::invoke@23 (line 103)
                      ; - java.lang.reflect.Method::invoke@102 (line 580)
                      ; - com.sun.javafx.reflect.MethodUtil::invoke@20 (line 270)
  0x0000770bb53f9c04: a606 e9eb 

  0x0000770bb53f9c08: ;   {metadata({method} {0x0000770b53469018} 'cast' '(Ljava/lang/Object;)Ljava/lang/Object;' in 'java/lang/Class')}
  0x0000770bb53f9c08: d9ff ff49 | ba18 9046 | 530b 7700 | 004c 8954 | 2408 48c7 | 0424 ffff 

  0x0000770bb53f9c20: ;   {runtime_call counter_overflow Runtime1 stub}
  0x0000770bb53f9c20: ffff e859 

  0x0000770bb53f9c24: ; ImmutableOopMap {rdi=Oop rbx=Oop rax=Oop [432]=Oop [440]=Oop [448]=Oop }
                      ;*synchronization entry
                      ; - java.lang.Class::cast@-1 (line 4068)
                      ; - java.lang.invoke.DirectMethodHandle$Holder::invokeSpecial@11
                      ; - java.lang.invoke.LambdaForm$MH/0x0000770b54003c00::invoke@21
                      ; - java.lang.invoke.LambdaForm$MH/0x0000770b5420c000::invoke@42
                      ; - java.lang.invoke.LambdaForm$MH/0x0000770b54004c00::invokeExact_MT@24
                      ; - jdk.internal.reflect.DirectMethodHandleAccessor::invokeImpl@92 (line 156)
                      ; - jdk.internal.reflect.DirectMethodHandleAccessor::invoke@23 (line 103)
                      ; - java.lang.reflect.Method::invoke@102 (line 580)
                      ; - com.sun.javafx.reflect.MethodUtil::invoke@20 (line 270)
  0x0000770bb53f9c24: 11a6 06e9 | 4fda ffff 

  0x0000770bb53f9c2c: ;   {metadata({method} {0x0000770b530b2ea8} 'invokeStatic' '(Ljava/lang/Object;Ljava/lang/Object;Ljava/lang/Object;Ljava/lang/Object;)Ljava/lang/Object;' in 'java/lang/invoke/DirectMethodHandle$Holder')}
  0x0000770bb53f9c2c: 49ba a82e | 0b53 0b77 | 0000 4c89 | 5424 0848 | c704 24ff 

  0x0000770bb53f9c40: ;   {runtime_call counter_overflow Runtime1 stub}
  0x0000770bb53f9c40: ffff ffe8 

  0x0000770bb53f9c44: ; ImmutableOopMap {rdi=Oop rbx=Oop rdx=Oop [432]=Oop [440]=Oop [448]=Oop }
                      ;*synchronization entry
                      ; - java.lang.invoke.DirectMethodHandle$Holder::invokeStatic@-1
                      ; - java.lang.invoke.LambdaForm$MH/0x0000770b5420c000::invoke@63
                      ; - java.lang.invoke.LambdaForm$MH/0x0000770b54004c00::invokeExact_MT@24
                      ; - jdk.internal.reflect.DirectMethodHandleAccessor::invokeImpl@92 (line 156)
                      ; - jdk.internal.reflect.DirectMethodHandleAccessor::invoke@23 (line 103)
                      ; - java.lang.reflect.Method::invoke@102 (line 580)
                      ; - com.sun.javafx.reflect.MethodUtil::invoke@20 (line 270)
  0x0000770bb53f9c44: 3811 a606 | e9bb dcff 

  0x0000770bb53f9c4c: ;   {metadata({method} {0x0000770b530a1a00} 'internalMemberName' '(Ljava/lang/Object;)Ljava/lang/Object;' in 'java/lang/invoke/DirectMethodHandle')}
  0x0000770bb53f9c4c: ff49 ba00 | 1a0a 530b | 7700 004c | 8954 2408 | 48c7 0424 | ffff ffff 

  0x0000770bb53f9c64: ;   {runtime_call counter_overflow Runtime1 stub}
  0x0000770bb53f9c64: e817 11a6 

  0x0000770bb53f9c68: ; ImmutableOopMap {rdi=Oop rbx=Oop [432]=Oop [440]=Oop [448]=Oop }
                      ;*synchronization entry
                      ; - java.lang.invoke.DirectMethodHandle::internalMemberName@-1 (line 327)
                      ; - java.lang.invoke.DirectMethodHandle$Holder::invokeStatic@1
                      ; - java.lang.invoke.LambdaForm$MH/0x0000770b5420c000::invoke@63
                      ; - java.lang.invoke.LambdaForm$MH/0x0000770b54004c00::invokeExact_MT@24
                      ; - jdk.internal.reflect.DirectMethodHandleAccessor::invokeImpl@92 (line 156)
                      ; - jdk.internal.reflect.DirectMethodHandleAccessor::invoke@23 (line 103)
                      ; - java.lang.reflect.Method::invoke@102 (line 580)
                      ; - com.sun.javafx.reflect.MethodUtil::invoke@20 (line 270)
  0x0000770bb53f9c68: 06e9 3bdd 

  0x0000770bb53f9c6c: ;   {metadata({method} {0x0000770b4f9dc588} 'invoke' '(Ljava/lang/reflect/Method;Ljava/lang/Object;[Ljava/lang/Object;)Ljava/lang/Object;' in 'com/sun/javafx/reflect/Trampoline')}
  0x0000770bb53f9c6c: ffff 49ba | 88c5 9d4f | 0b77 0000 | 4c89 5424 | 0848 c704 | 24ff ffff 

  0x0000770bb53f9c84: ;   {runtime_call counter_overflow Runtime1 stub}
  0x0000770bb53f9c84: ffe8 f610 

  0x0000770bb53f9c88: ; ImmutableOopMap {rdi=Oop rbx=Oop [432]=Oop [440]=Oop [448]=Oop }
                      ;*synchronization entry
                      ; - com.sun.javafx.reflect.Trampoline::invoke@-1 (line 71)
                      ; - java.lang.invoke.DirectMethodHandle$Holder::invokeStatic@14
                      ; - java.lang.invoke.LambdaForm$MH/0x0000770b5420c000::invoke@63
                      ; - java.lang.invoke.LambdaForm$MH/0x0000770b54004c00::invokeExact_MT@24
                      ; - jdk.internal.reflect.DirectMethodHandleAccessor::invokeImpl@92 (line 156)
                      ; - jdk.internal.reflect.DirectMethodHandleAccessor::invoke@23 (line 103)
                      ; - java.lang.reflect.Method::invoke@102 (line 580)
                      ; - com.sun.javafx.reflect.MethodUtil::invoke@20 (line 270)
  0x0000770bb53f9c88: a606 e983 

  0x0000770bb53f9c8c: ;   {runtime_call throw_null_pointer_exception Runtime1 stub}
  0x0000770bb53f9c8c: deff ffe8 

  0x0000770bb53f9c90: ; ImmutableOopMap {rdi=Oop [432]=Oop [440]=Oop [448]=Oop }
                      ;*invokevirtual invoke {reexecute=0 rethrow=0 return_oop=0}
                      ; - com.sun.javafx.reflect.Trampoline::invoke@7 (line 72)
                      ; - java.lang.invoke.DirectMethodHandle$Holder::invokeStatic@14
                      ; - java.lang.invoke.LambdaForm$MH/0x0000770b5420c000::invoke@63
                      ; - java.lang.invoke.LambdaForm$MH/0x0000770b54004c00::invokeExact_MT@24
                      ; - jdk.internal.reflect.DirectMethodHandleAccessor::invokeImpl@92 (line 156)
                      ; - jdk.internal.reflect.DirectMethodHandleAccessor::invoke@23 (line 103)
                      ; - java.lang.reflect.Method::invoke@102 (line 580)
                      ; - com.sun.javafx.reflect.MethodUtil::invoke@20 (line 270)
  0x0000770bb53f9c90: 0c82 a506 

  0x0000770bb53f9c94: ;   {metadata({method} {0x0000770b53045680} 'invoke' '(Ljava/lang/Object;[Ljava/lang/Object;)Ljava/lang/Object;' in 'java/lang/reflect/Method')}
  0x0000770bb53f9c94: 49ba 8056 | 0453 0b77 | 0000 4c89 | 5424 0848 | c704 24ff 

  0x0000770bb53f9ca8: ;   {runtime_call counter_overflow Runtime1 stub}
  0x0000770bb53f9ca8: ffff ffe8 

  0x0000770bb53f9cac: ; ImmutableOopMap {rdi=Oop [432]=Oop [440]=Oop [448]=Oop }
                      ;*synchronization entry
                      ; - java.lang.reflect.Method::invoke@-1 (line 561)
                      ; - com.sun.javafx.reflect.Trampoline::invoke@7 (line 72)
                      ; - java.lang.invoke.DirectMethodHandle$Holder::invokeStatic@14
                      ; - java.lang.invoke.LambdaForm$MH/0x0000770b5420c000::invoke@63
                      ; - java.lang.invoke.LambdaForm$MH/0x0000770b54004c00::invokeExact_MT@24
                      ; - jdk.internal.reflect.DirectMethodHandleAccessor::invokeImpl@92 (line 156)
                      ; - jdk.internal.reflect.DirectMethodHandleAccessor::invoke@23 (line 103)
                      ; - java.lang.reflect.Method::invoke@102 (line 580)
                      ; - com.sun.javafx.reflect.MethodUtil::invoke@20 (line 270)
  0x0000770bb53f9cac: d010 a606 | e9c6 deff 

  0x0000770bb53f9cb4: ;   {runtime_call throw_null_pointer_exception Runtime1 stub}
  0x0000770bb53f9cb4: ffe8 e681 

  0x0000770bb53f9cb8: ; ImmutableOopMap {rbx=Oop [432]=Oop [440]=Oop [448]=Oop [456]=Oop [464]=Oop }
                      ;*invokevirtual getClass {reexecute=0 rethrow=0 return_oop=0}
                      ; - java.lang.reflect.Method::invoke@53 (line 572)
                      ; - com.sun.javafx.reflect.Trampoline::invoke@7 (line 72)
                      ; - java.lang.invoke.DirectMethodHandle$Holder::invokeStatic@14
                      ; - java.lang.invoke.LambdaForm$MH/0x0000770b5420c000::invoke@63
                      ; - java.lang.invoke.LambdaForm$MH/0x0000770b54004c00::invokeExact_MT@24
                      ; - jdk.internal.reflect.DirectMethodHandleAccessor::invokeImpl@92 (line 156)
                      ; - jdk.internal.reflect.DirectMethodHandleAccessor::invoke@23 (line 103)
                      ; - java.lang.reflect.Method::invoke@102 (line 580)
                      ; - com.sun.javafx.reflect.MethodUtil::invoke@20 (line 270)
                      ;   {runtime_call throw_null_pointer_exception Runtime1 stub}
  0x0000770bb53f9cb8: a506 e8e1 

  0x0000770bb53f9cbc: ; ImmutableOopMap {rsi=Oop rbx=Oop [440]=Oop [448]=Oop }
                      ;*invokeinterface invoke {reexecute=0 rethrow=0 return_oop=0}
                      ; - java.lang.reflect.Method::invoke@90 (line 580)
                      ; - com.sun.javafx.reflect.Trampoline::invoke@7 (line 72)
                      ; - java.lang.invoke.DirectMethodHandle$Holder::invokeStatic@14
                      ; - java.lang.invoke.LambdaForm$MH/0x0000770b5420c000::invoke@63
                      ; - java.lang.invoke.LambdaForm$MH/0x0000770b54004c00::invokeExact_MT@24
                      ; - jdk.internal.reflect.DirectMethodHandleAccessor::invokeImpl@92 (line 156)
                      ; - jdk.internal.reflect.DirectMethodHandleAccessor::invoke@23 (line 103)
                      ; - java.lang.reflect.Method::invoke@102 (line 580)
                      ; - com.sun.javafx.reflect.MethodUtil::invoke@20 (line 270)
                      ;   {runtime_call throw_null_pointer_exception Runtime1 stub}
  0x0000770bb53f9cbc: 81a5 06e8 

  0x0000770bb53f9cc0: ; ImmutableOopMap {rsi=Oop [440]=Oop [448]=Oop }
                      ;*invokeinterface invoke {reexecute=0 rethrow=0 return_oop=0}
                      ; - java.lang.reflect.Method::invoke@102 (line 580)
                      ; - com.sun.javafx.reflect.Trampoline::invoke@7 (line 72)
                      ; - java.lang.invoke.DirectMethodHandle$Holder::invokeStatic@14
                      ; - java.lang.invoke.LambdaForm$MH/0x0000770b5420c000::invoke@63
                      ; - java.lang.invoke.LambdaForm$MH/0x0000770b54004c00::invokeExact_MT@24
                      ; - jdk.internal.reflect.DirectMethodHandleAccessor::invokeImpl@92 (line 156)
                      ; - jdk.internal.reflect.DirectMethodHandleAccessor::invoke@23 (line 103)
                      ; - java.lang.reflect.Method::invoke@102 (line 580)
                      ; - com.sun.javafx.reflect.MethodUtil::invoke@20 (line 270)
  0x0000770bb53f9cc0: dc81 a506 

  0x0000770bb53f9cc4: ;   {internal_word}
  0x0000770bb53f9cc4: 49ba bc80 | 3fb5 0b77 | 0000 4d89 | 9768 0400 

  0x0000770bb53f9cd4: ;   {runtime_call SafepointBlob}
  0x0000770bb53f9cd4: 00e9 2637 | 9906 488b 

  0x0000770bb53f9cdc: ;   {runtime_call fast_new_instance Runtime1 stub}
  0x0000770bb53f9cdc: d2e8 1e9c 

  0x0000770bb53f9ce0: ; ImmutableOopMap {[432]=Oop [440]=Oop [448]=Oop }
                      ;*new {reexecute=0 rethrow=0 return_oop=0}
                      ; - java.lang.Class::cast@12 (line 4069)
                      ; - java.lang.invoke.DirectMethodHandle$Holder::invokeSpecial@11
                      ; - java.lang.invoke.LambdaForm$MH/0x0000770b54003c00::invoke@21
                      ; - java.lang.invoke.LambdaForm$MH/0x0000770b5420c000::invoke@42
                      ; - java.lang.invoke.LambdaForm$MH/0x0000770b54004c00::invokeExact_MT@24
                      ; - jdk.internal.reflect.DirectMethodHandleAccessor::invokeImpl@92 (line 156)
                      ; - jdk.internal.reflect.DirectMethodHandleAccessor::invoke@23 (line 103)
                      ; - java.lang.reflect.Method::invoke@102 (line 580)
                      ; - com.sun.javafx.reflect.MethodUtil::invoke@20 (line 270)
  0x0000770bb53f9ce0: a506 e93b | e4ff ff48 

  0x0000770bb53f9ce8: ;   {runtime_call fast_new_instance Runtime1 stub}
  0x0000770bb53f9ce8: 8bd2 e811 

  0x0000770bb53f9cec: ; ImmutableOopMap {rbx=Oop [432]=Oop [440]=Oop [448]=Oop }
                      ;*new {reexecute=0 rethrow=0 return_oop=0}
                      ; - java.lang.Class::cast@12 (line 4069)
                      ; - java.lang.invoke.DirectMethodHandle$Holder::invokeSpecial@11
                      ; - java.lang.invoke.LambdaForm$MH/0x0000770b54003c00::invoke@21
                      ; - java.lang.invoke.LambdaForm$MH/0x0000770b5420c000::invoke@24
                      ; - java.lang.invoke.LambdaForm$MH/0x0000770b54004c00::invokeExact_MT@24
                      ; - jdk.internal.reflect.DirectMethodHandleAccessor::invokeImpl@92 (line 156)
                      ; - jdk.internal.reflect.DirectMethodHandleAccessor::invoke@23 (line 103)
                      ; - java.lang.reflect.Method::invoke@102 (line 580)
                      ; - com.sun.javafx.reflect.MethodUtil::invoke@20 (line 270)
  0x0000770bb53f9cec: 9ca5 06e9 | 1be5 ffff 

  0x0000770bb53f9cf4: ;   {metadata({method} {0x0000770b533c8280} 'isIllegalArgument' '(Ljava/lang/RuntimeException;)Z' in 'jdk/internal/reflect/DirectMethodHandleAccessor')}
  0x0000770bb53f9cf4: 49ba 8082 | 3c53 0b77 | 0000 4c89 | 5424 0848 | c704 24ff 

  0x0000770bb53f9d08: ;   {runtime_call counter_overflow Runtime1 stub}
  0x0000770bb53f9d08: ffff ffe8 

  0x0000770bb53f9d0c: ; ImmutableOopMap {rax=Oop }
                      ;*synchronization entry
                      ; - jdk.internal.reflect.DirectMethodHandleAccessor::isIllegalArgument@-1 (line 191)
                      ; - jdk.internal.reflect.DirectMethodHandleAccessor::invoke@58 (line 112)
                      ; - java.lang.reflect.Method::invoke@102 (line 580)
                      ; - com.sun.javafx.reflect.MethodUtil::invoke@20 (line 270)
  0x0000770bb53f9d0c: 7010 a606 | e9e5 e5ff 

  0x0000770bb53f9d14: ;   {metadata({method} {0x0000770b533c8280} 'isIllegalArgument' '(Ljava/lang/RuntimeException;)Z' in 'jdk/internal/reflect/DirectMethodHandleAccessor')}
  0x0000770bb53f9d14: ff49 ba80 | 823c 530b | 7700 004c | 8954 2408 | 48c7 0424 | ffff ffff 

  0x0000770bb53f9d2c: ;   {runtime_call counter_overflow Runtime1 stub}
  0x0000770bb53f9d2c: e84f 10a6 

  0x0000770bb53f9d30: ; ImmutableOopMap {rax=Oop }
                      ;*synchronization entry
                      ; - jdk.internal.reflect.DirectMethodHandleAccessor::isIllegalArgument@-1 (line 191)
                      ; - jdk.internal.reflect.DirectMethodHandleAccessor::invoke@30 (line 105)
                      ; - java.lang.reflect.Method::invoke@102 (line 580)
                      ; - com.sun.javafx.reflect.MethodUtil::invoke@20 (line 270)
  0x0000770bb53f9d30: 06e9 7ae6 

  0x0000770bb53f9d34: ;   {metadata(nullptr)}
  0x0000770bb53f9d34: ffff 48ba | 0000 0000 | 0000 0000 | b800 0f05 

  0x0000770bb53f9d44: ;   {runtime_call load_klass_patching Runtime1 stub}
  0x0000770bb53f9d44: 0ae8 36fb 

  0x0000770bb53f9d48: ; ImmutableOopMap {}
                      ;*new {reexecute=1 rethrow=0 return_oop=0}
                      ; - (reexecute) jdk.internal.reflect.DirectMethodHandleAccessor::invoke@36 (line 107)
                      ; - java.lang.reflect.Method::invoke@102 (line 580)
                      ; - com.sun.javafx.reflect.MethodUtil::invoke@20 (line 270)
  0x0000770bb53f9d48: a506 e9b9 | e6ff ff48 

  0x0000770bb53f9d50: ;   {runtime_call fast_new_instance Runtime1 stub}
  0x0000770bb53f9d50: 8bd2 e8a9 

  0x0000770bb53f9d54: ; ImmutableOopMap {}
                      ;*new {reexecute=0 rethrow=0 return_oop=0}
                      ; - jdk.internal.reflect.DirectMethodHandleAccessor::invoke@36 (line 107)
                      ; - java.lang.reflect.Method::invoke@102 (line 580)
                      ; - com.sun.javafx.reflect.MethodUtil::invoke@20 (line 270)
  0x0000770bb53f9d54: 9ba5 06e9 | 04e7 ffff 

  0x0000770bb53f9d5c: ;   {metadata(nullptr)}
  0x0000770bb53f9d5c: 48ba 0000 | 0000 0000 | 0000 b800 

  0x0000770bb53f9d68: ;   {runtime_call load_klass_patching Runtime1 stub}
  0x0000770bb53f9d68: 0f05 0ae8 

  0x0000770bb53f9d6c: ; ImmutableOopMap {rbx=Oop }
                      ;*new {reexecute=1 rethrow=0 return_oop=0}
                      ; - (reexecute) jdk.internal.reflect.DirectMethodHandleAccessor::invoke@46 (line 109)
                      ; - java.lang.reflect.Method::invoke@102 (line 580)
                      ; - com.sun.javafx.reflect.MethodUtil::invoke@20 (line 270)
  0x0000770bb53f9d6c: 10fb a506 | e943 e7ff 

  0x0000770bb53f9d74: ;   {runtime_call throw_null_pointer_exception Runtime1 stub}
  0x0000770bb53f9d74: ffe8 2681 

  0x0000770bb53f9d78: ; ImmutableOopMap {rbx=Oop }
                      ;*new {reexecute=0 rethrow=0 return_oop=0}
                      ; - jdk.internal.reflect.DirectMethodHandleAccessor::invoke@46 (line 109)
                      ; - java.lang.reflect.Method::invoke@102 (line 580)
                      ; - com.sun.javafx.reflect.MethodUtil::invoke@20 (line 270)
  0x0000770bb53f9d78: a506 488b 

  0x0000770bb53f9d7c: ;   {runtime_call fast_new_instance_init_check Runtime1 stub}
  0x0000770bb53f9d7c: d2e8 fe9e 

  0x0000770bb53f9d80: ; ImmutableOopMap {rbx=Oop }
                      ;*new {reexecute=0 rethrow=0 return_oop=0}
                      ; - jdk.internal.reflect.DirectMethodHandleAccessor::invoke@46 (line 109)
                      ; - java.lang.reflect.Method::invoke@102 (line 580)
                      ; - com.sun.javafx.reflect.MethodUtil::invoke@20 (line 270)
  0x0000770bb53f9d80: a506 e996 

  0x0000770bb53f9d84: ;   {metadata(nullptr)}
  0x0000770bb53f9d84: e7ff ff48 | ba00 0000 | 0000 0000 | 00b8 000f 

  0x0000770bb53f9d94: ;   {runtime_call load_klass_patching Runtime1 stub}
  0x0000770bb53f9d94: 050a e8e5 

  0x0000770bb53f9d98: ; ImmutableOopMap {[488]=Oop }
                      ;*new {reexecute=1 rethrow=0 return_oop=0}
                      ; - (reexecute) jdk.internal.reflect.DirectMethodHandleAccessor::invoke@64 (line 113)
                      ; - java.lang.reflect.Method::invoke@102 (line 580)
                      ; - com.sun.javafx.reflect.MethodUtil::invoke@20 (line 270)
  0x0000770bb53f9d98: faa5 06e9 | d0e7 ffff 

  0x0000770bb53f9da0: ;   {runtime_call fast_new_instance Runtime1 stub}
  0x0000770bb53f9da0: 488b d2e8 

  0x0000770bb53f9da4: ; ImmutableOopMap {[488]=Oop }
                      ;*new {reexecute=0 rethrow=0 return_oop=0}
                      ; - jdk.internal.reflect.DirectMethodHandleAccessor::invoke@64 (line 113)
                      ; - java.lang.reflect.Method::invoke@102 (line 580)
                      ; - com.sun.javafx.reflect.MethodUtil::invoke@20 (line 270)
  0x0000770bb53f9da4: 589b a506 | e91b e8ff 

  0x0000770bb53f9dac: ;   {metadata(nullptr)}
  0x0000770bb53f9dac: ff48 ba00 | 0000 0000 | 0000 00b8 | 000f 050a 

  0x0000770bb53f9dbc: ;   {runtime_call load_klass_patching Runtime1 stub}
  0x0000770bb53f9dbc: e8bf faa5 

  0x0000770bb53f9dc0: ; ImmutableOopMap {rbx=Oop }
                      ;*new {reexecute=1 rethrow=0 return_oop=0}
                      ; - (reexecute) jdk.internal.reflect.DirectMethodHandleAccessor::invoke@73 (line 115)
                      ; - java.lang.reflect.Method::invoke@102 (line 580)
                      ; - com.sun.javafx.reflect.MethodUtil::invoke@20 (line 270)
  0x0000770bb53f9dc0: 06e9 5ae8 

  0x0000770bb53f9dc4: ;   {runtime_call throw_null_pointer_exception Runtime1 stub}
  0x0000770bb53f9dc4: ffff e8d5 

  0x0000770bb53f9dc8: ; ImmutableOopMap {rbx=Oop }
                      ;*new {reexecute=0 rethrow=0 return_oop=0}
                      ; - jdk.internal.reflect.DirectMethodHandleAccessor::invoke@73 (line 115)
                      ; - java.lang.reflect.Method::invoke@102 (line 580)
                      ; - com.sun.javafx.reflect.MethodUtil::invoke@20 (line 270)
  0x0000770bb53f9dc8: 80a5 0648 

  0x0000770bb53f9dcc: ;   {runtime_call fast_new_instance_init_check Runtime1 stub}
  0x0000770bb53f9dcc: 8bd2 e8ad 

  0x0000770bb53f9dd0: ; ImmutableOopMap {rbx=Oop }
                      ;*new {reexecute=0 rethrow=0 return_oop=0}
                      ; - jdk.internal.reflect.DirectMethodHandleAccessor::invoke@73 (line 115)
                      ; - java.lang.reflect.Method::invoke@102 (line 580)
                      ; - com.sun.javafx.reflect.MethodUtil::invoke@20 (line 270)
  0x0000770bb53f9dd0: 9ea5 06e9 | ade8 ffff 

  0x0000770bb53f9dd8: ;   {metadata(nullptr)}
  0x0000770bb53f9dd8: 48ba 0000 | 0000 0000 | 0000 b800 

  0x0000770bb53f9de4: ;   {runtime_call load_klass_patching Runtime1 stub}
  0x0000770bb53f9de4: 0f05 0ae8 

  0x0000770bb53f9de8: ; ImmutableOopMap {[408]=Oop [424]=Oop }
                      ;*new {reexecute=1 rethrow=0 return_oop=0}
                      ; - (reexecute) java.util.Objects::requireNonNull@4 (line 233)
                      ; - java.lang.invoke.MethodHandleImpl$1::reflectiveInvoker@1 (line 1655)
                      ; - jdk.internal.reflect.DirectMethodHandleAccessor::invokeImpl@121 (line 176)
                      ; - jdk.internal.reflect.DirectMethodHandleAccessor::invoke@24 (line 130)
                      ; - java.lang.reflect.Method::invoke@90 (line 580)
                      ; - com.sun.javafx.reflect.MethodUtil::invoke@20 (line 270)
  0x0000770bb53f9de8: 94fa a506 | e9ef e8ff | ff48 8bd2 

  0x0000770bb53f9df4: ;   {runtime_call fast_new_instance Runtime1 stub}
  0x0000770bb53f9df4: e807 9ba5 

  0x0000770bb53f9df8: ; ImmutableOopMap {[408]=Oop [424]=Oop }
                      ;*new {reexecute=0 rethrow=0 return_oop=0}
                      ; - java.util.Objects::requireNonNull@4 (line 233)
                      ; - java.lang.invoke.MethodHandleImpl$1::reflectiveInvoker@1 (line 1655)
                      ; - jdk.internal.reflect.DirectMethodHandleAccessor::invokeImpl@121 (line 176)
                      ; - jdk.internal.reflect.DirectMethodHandleAccessor::invoke@24 (line 130)
                      ; - java.lang.reflect.Method::invoke@90 (line 580)
                      ; - com.sun.javafx.reflect.MethodUtil::invoke@20 (line 270)
  0x0000770bb53f9df8: 06e9 3ee9 

  0x0000770bb53f9dfc: ;   {metadata({method} {0x0000770b533c8280} 'isIllegalArgument' '(Ljava/lang/RuntimeException;)Z' in 'jdk/internal/reflect/DirectMethodHandleAccessor')}
  0x0000770bb53f9dfc: ffff 49ba | 8082 3c53 | 0b77 0000 | 4c89 5424 | 0848 c704 | 24ff ffff 

  0x0000770bb53f9e14: ;   {runtime_call counter_overflow Runtime1 stub}
  0x0000770bb53f9e14: ffe8 660f 

  0x0000770bb53f9e18: ; ImmutableOopMap {rax=Oop }
                      ;*synchronization entry
                      ; - jdk.internal.reflect.DirectMethodHandleAccessor::isIllegalArgument@-1 (line 191)
                      ; - jdk.internal.reflect.DirectMethodHandleAccessor::invoke@64 (line 139)
                      ; - java.lang.reflect.Method::invoke@90 (line 580)
                      ; - com.sun.javafx.reflect.MethodUtil::invoke@20 (line 270)
  0x0000770bb53f9e18: a606 e9c3 

  0x0000770bb53f9e1c: ;   {metadata({method} {0x0000770b533c8280} 'isIllegalArgument' '(Ljava/lang/RuntimeException;)Z' in 'jdk/internal/reflect/DirectMethodHandleAccessor')}
  0x0000770bb53f9e1c: e9ff ff49 | ba80 823c | 530b 7700 | 004c 8954 | 2408 48c7 | 0424 ffff 

  0x0000770bb53f9e34: ;   {runtime_call counter_overflow Runtime1 stub}
  0x0000770bb53f9e34: ffff e845 

  0x0000770bb53f9e38: ; ImmutableOopMap {rax=Oop }
                      ;*synchronization entry
                      ; - jdk.internal.reflect.DirectMethodHandleAccessor::isIllegalArgument@-1 (line 191)
                      ; - jdk.internal.reflect.DirectMethodHandleAccessor::invoke@33 (line 132)
                      ; - java.lang.reflect.Method::invoke@90 (line 580)
                      ; - com.sun.javafx.reflect.MethodUtil::invoke@20 (line 270)
  0x0000770bb53f9e38: 0fa6 06e9 | 58ea ffff 

  0x0000770bb53f9e40: ;   {metadata(nullptr)}
  0x0000770bb53f9e40: 48ba 0000 | 0000 0000 | 0000 b800 

  0x0000770bb53f9e4c: ;   {runtime_call load_klass_patching Runtime1 stub}
  0x0000770bb53f9e4c: 0f05 0ae8 

  0x0000770bb53f9e50: ; ImmutableOopMap {}
                      ;*new {reexecute=1 rethrow=0 return_oop=0}
                      ; - (reexecute) jdk.internal.reflect.DirectMethodHandleAccessor::invoke@39 (line 134)
                      ; - java.lang.reflect.Method::invoke@90 (line 580)
                      ; - com.sun.javafx.reflect.MethodUtil::invoke@20 (line 270)
  0x0000770bb53f9e50: 2cfa a506 | e997 eaff | ff48 8bd2 

  0x0000770bb53f9e5c: ;   {runtime_call fast_new_instance Runtime1 stub}
  0x0000770bb53f9e5c: e89f 9aa5 

  0x0000770bb53f9e60: ; ImmutableOopMap {}
                      ;*new {reexecute=0 rethrow=0 return_oop=0}
                      ; - jdk.internal.reflect.DirectMethodHandleAccessor::invoke@39 (line 134)
                      ; - java.lang.reflect.Method::invoke@90 (line 580)
                      ; - com.sun.javafx.reflect.MethodUtil::invoke@20 (line 270)
  0x0000770bb53f9e60: 06e9 e2ea 

  0x0000770bb53f9e64: ;   {metadata(nullptr)}
  0x0000770bb53f9e64: ffff 48ba | 0000 0000 | 0000 0000 | b800 0f05 

  0x0000770bb53f9e74: ;   {runtime_call load_klass_patching Runtime1 stub}
  0x0000770bb53f9e74: 0ae8 06fa 

  0x0000770bb53f9e78: ; ImmutableOopMap {rbx=Oop }
                      ;*new {reexecute=1 rethrow=0 return_oop=0}
                      ; - (reexecute) jdk.internal.reflect.DirectMethodHandleAccessor::invoke@49 (line 136)
                      ; - java.lang.reflect.Method::invoke@90 (line 580)
                      ; - com.sun.javafx.reflect.MethodUtil::invoke@20 (line 270)
  0x0000770bb53f9e78: a506 e921 

  0x0000770bb53f9e7c: ;   {runtime_call throw_null_pointer_exception Runtime1 stub}
  0x0000770bb53f9e7c: ebff ffe8 

  0x0000770bb53f9e80: ; ImmutableOopMap {rbx=Oop }
                      ;*new {reexecute=0 rethrow=0 return_oop=0}
                      ; - jdk.internal.reflect.DirectMethodHandleAccessor::invoke@49 (line 136)
                      ; - java.lang.reflect.Method::invoke@90 (line 580)
                      ; - com.sun.javafx.reflect.MethodUtil::invoke@20 (line 270)
  0x0000770bb53f9e80: 1c80 a506 

  0x0000770bb53f9e84: ;   {runtime_call fast_new_instance_init_check Runtime1 stub}
  0x0000770bb53f9e84: 488b d2e8 

  0x0000770bb53f9e88: ; ImmutableOopMap {rbx=Oop }
                      ;*new {reexecute=0 rethrow=0 return_oop=0}
                      ; - jdk.internal.reflect.DirectMethodHandleAccessor::invoke@49 (line 136)
                      ; - java.lang.reflect.Method::invoke@90 (line 580)
                      ; - com.sun.javafx.reflect.MethodUtil::invoke@20 (line 270)
  0x0000770bb53f9e88: f49d a506 | e974 ebff 

  0x0000770bb53f9e90: ;   {metadata(nullptr)}
  0x0000770bb53f9e90: ff48 ba00 | 0000 0000 | 0000 00b8 | 000f 050a 

  0x0000770bb53f9ea0: ;   {runtime_call load_klass_patching Runtime1 stub}
  0x0000770bb53f9ea0: e8db f9a5 

  0x0000770bb53f9ea4: ; ImmutableOopMap {[544]=Oop }
                      ;*new {reexecute=1 rethrow=0 return_oop=0}
                      ; - (reexecute) jdk.internal.reflect.DirectMethodHandleAccessor::invoke@70 (line 140)
                      ; - java.lang.reflect.Method::invoke@90 (line 580)
                      ; - com.sun.javafx.reflect.MethodUtil::invoke@20 (line 270)
  0x0000770bb53f9ea4: 06e9 aeeb | ffff 488b 

  0x0000770bb53f9eac: ;   {runtime_call fast_new_instance Runtime1 stub}
  0x0000770bb53f9eac: d2e8 4e9a 

  0x0000770bb53f9eb0: ; ImmutableOopMap {[544]=Oop }
                      ;*new {reexecute=0 rethrow=0 return_oop=0}
                      ; - jdk.internal.reflect.DirectMethodHandleAccessor::invoke@70 (line 140)
                      ; - java.lang.reflect.Method::invoke@90 (line 580)
                      ; - com.sun.javafx.reflect.MethodUtil::invoke@20 (line 270)
  0x0000770bb53f9eb0: a506 e9f9 

  0x0000770bb53f9eb4: ;   {metadata(nullptr)}
  0x0000770bb53f9eb4: ebff ff48 | ba00 0000 | 0000 0000 | 00b8 000f 

  0x0000770bb53f9ec4: ;   {runtime_call load_klass_patching Runtime1 stub}
  0x0000770bb53f9ec4: 050a e8b5 

  0x0000770bb53f9ec8: ; ImmutableOopMap {rbx=Oop }
                      ;*new {reexecute=1 rethrow=0 return_oop=0}
                      ; - (reexecute) jdk.internal.reflect.DirectMethodHandleAccessor::invoke@80 (line 142)
                      ; - java.lang.reflect.Method::invoke@90 (line 580)
                      ; - com.sun.javafx.reflect.MethodUtil::invoke@20 (line 270)
  0x0000770bb53f9ec8: f9a5 06e9 | 38ec ffff 

  0x0000770bb53f9ed0: ;   {runtime_call throw_null_pointer_exception Runtime1 stub}
  0x0000770bb53f9ed0: e8cb 7fa5 

  0x0000770bb53f9ed4: ; ImmutableOopMap {rbx=Oop }
                      ;*new {reexecute=0 rethrow=0 return_oop=0}
                      ; - jdk.internal.reflect.DirectMethodHandleAccessor::invoke@80 (line 142)
                      ; - java.lang.reflect.Method::invoke@90 (line 580)
                      ; - com.sun.javafx.reflect.MethodUtil::invoke@20 (line 270)
  0x0000770bb53f9ed4: 0648 8bd2 

  0x0000770bb53f9ed8: ;   {runtime_call fast_new_instance_init_check Runtime1 stub}
  0x0000770bb53f9ed8: e8a3 9da5 

  0x0000770bb53f9edc: ; ImmutableOopMap {rbx=Oop }
                      ;*new {reexecute=0 rethrow=0 return_oop=0}
                      ; - jdk.internal.reflect.DirectMethodHandleAccessor::invoke@80 (line 142)
                      ; - java.lang.reflect.Method::invoke@90 (line 580)
                      ; - com.sun.javafx.reflect.MethodUtil::invoke@20 (line 270)
  0x0000770bb53f9edc: 06e9 8bec 

  0x0000770bb53f9ee0: ;   {metadata(nullptr)}
  0x0000770bb53f9ee0: ffff 48ba | 0000 0000 | 0000 0000 | b800 0f05 

  0x0000770bb53f9ef0: ;   {runtime_call load_klass_patching Runtime1 stub}
  0x0000770bb53f9ef0: 0ae8 8af9 

  0x0000770bb53f9ef4: ; ImmutableOopMap {rbx=Oop }
                      ;*new {reexecute=1 rethrow=0 return_oop=0}
                      ; - (reexecute) jdk.internal.reflect.DirectMethodHandleAccessor::invoke@92 (line 145)
                      ; - java.lang.reflect.Method::invoke@90 (line 580)
                      ; - com.sun.javafx.reflect.MethodUtil::invoke@20 (line 270)
  0x0000770bb53f9ef4: a506 e9e5 

  0x0000770bb53f9ef8: ;   {runtime_call throw_null_pointer_exception Runtime1 stub}
  0x0000770bb53f9ef8: ecff ffe8 

  0x0000770bb53f9efc: ; ImmutableOopMap {rbx=Oop }
                      ;*new {reexecute=0 rethrow=0 return_oop=0}
                      ; - jdk.internal.reflect.DirectMethodHandleAccessor::invoke@92 (line 145)
                      ; - java.lang.reflect.Method::invoke@90 (line 580)
                      ; - com.sun.javafx.reflect.MethodUtil::invoke@20 (line 270)
  0x0000770bb53f9efc: a07f a506 

  0x0000770bb53f9f00: ;   {runtime_call fast_new_instance_init_check Runtime1 stub}
  0x0000770bb53f9f00: 488b d2e8 

  0x0000770bb53f9f04: ; ImmutableOopMap {rbx=Oop }
                      ;*new {reexecute=0 rethrow=0 return_oop=0}
                      ; - jdk.internal.reflect.DirectMethodHandleAccessor::invoke@92 (line 145)
                      ; - java.lang.reflect.Method::invoke@90 (line 580)
                      ; - com.sun.javafx.reflect.MethodUtil::invoke@20 (line 270)
  0x0000770bb53f9f04: 789d a506 | e938 edff 

  0x0000770bb53f9f0c: ;   {metadata(nullptr)}
  0x0000770bb53f9f0c: ff48 ba00 | 0000 0000 | 0000 00b8 | 000f 050a 

  0x0000770bb53f9f1c: ;   {runtime_call load_klass_patching Runtime1 stub}
  0x0000770bb53f9f1c: e85f f9a5 

  0x0000770bb53f9f20: ; ImmutableOopMap {rbx=Oop }
                      ;*new {reexecute=1 rethrow=0 return_oop=0}
                      ; - (reexecute) jdk.internal.reflect.DirectMethodHandleAccessor::invoke@83 (line 118)
                      ; - java.lang.reflect.Method::invoke@102 (line 580)
                      ; - com.sun.javafx.reflect.MethodUtil::invoke@20 (line 270)
  0x0000770bb53f9f20: 06e9 92ed 

  0x0000770bb53f9f24: ;   {runtime_call throw_null_pointer_exception Runtime1 stub}
  0x0000770bb53f9f24: ffff e875 

  0x0000770bb53f9f28: ; ImmutableOopMap {rbx=Oop }
                      ;*new {reexecute=0 rethrow=0 return_oop=0}
                      ; - jdk.internal.reflect.DirectMethodHandleAccessor::invoke@83 (line 118)
                      ; - java.lang.reflect.Method::invoke@102 (line 580)
                      ; - com.sun.javafx.reflect.MethodUtil::invoke@20 (line 270)
  0x0000770bb53f9f28: 7fa5 0648 

  0x0000770bb53f9f2c: ;   {runtime_call fast_new_instance_init_check Runtime1 stub}
  0x0000770bb53f9f2c: 8bd2 e84d 

  0x0000770bb53f9f30: ; ImmutableOopMap {rbx=Oop }
                      ;*new {reexecute=0 rethrow=0 return_oop=0}
                      ; - jdk.internal.reflect.DirectMethodHandleAccessor::invoke@83 (line 118)
                      ; - java.lang.reflect.Method::invoke@102 (line 580)
                      ; - com.sun.javafx.reflect.MethodUtil::invoke@20 (line 270)
  0x0000770bb53f9f30: 9da5 06e9 | e5ed ffff | 4889 1c24 

  0x0000770bb53f9f3c: ;   {runtime_call throw_class_cast_exception Runtime1 stub}
  0x0000770bb53f9f3c: e8df c8a5 

  0x0000770bb53f9f40: ; ImmutableOopMap {}
                      ;*checkcast {reexecute=0 rethrow=0 return_oop=0}
                      ; - com.sun.javafx.reflect.MethodUtil::invoke@83 (line 281)
                      ;   {runtime_call throw_null_pointer_exception Runtime1 stub}
  0x0000770bb53f9f40: 06e8 5a7f 

  0x0000770bb53f9f44: ; ImmutableOopMap {rax=Oop }
                      ;*athrow {reexecute=1 rethrow=0 return_oop=0}
                      ; - (reexecute) com.sun.javafx.reflect.MethodUtil::invoke@86 (line 281)
                      ;   {metadata(nullptr)}
  0x0000770bb53f9f44: a506 48ba | 0000 0000 | 0000 0000 | b800 0f05 

  0x0000770bb53f9f54: ;   {runtime_call load_klass_patching Runtime1 stub}
  0x0000770bb53f9f54: 0ae8 26f9 

  0x0000770bb53f9f58: ; ImmutableOopMap {rbx=Oop }
                      ;*new {reexecute=1 rethrow=0 return_oop=0}
                      ; - (reexecute) com.sun.javafx.reflect.MethodUtil::invoke@87 (line 283)
  0x0000770bb53f9f58: a506 e951 | f4ff ff48 

  0x0000770bb53f9f60: ;   {runtime_call fast_new_instance Runtime1 stub}
  0x0000770bb53f9f60: 8bd2 e899 

  0x0000770bb53f9f64: ; ImmutableOopMap {rbx=Oop }
                      ;*new {reexecute=0 rethrow=0 return_oop=0}
                      ; - com.sun.javafx.reflect.MethodUtil::invoke@87 (line 283)
  0x0000770bb53f9f64: 99a5 06e9 | 9cf4 ffff | 4889 1c24 

  0x0000770bb53f9f70: ;   {runtime_call throw_class_cast_exception Runtime1 stub}
  0x0000770bb53f9f70: e8ab c8a5 

  0x0000770bb53f9f74: ; ImmutableOopMap {}
                      ;*checkcast {reexecute=0 rethrow=0 return_oop=0}
                      ; - com.sun.javafx.reflect.MethodUtil::invoke@69 (line 279)
                      ;   {runtime_call throw_null_pointer_exception Runtime1 stub}
  0x0000770bb53f9f74: 06e8 267f 

  0x0000770bb53f9f78: ; ImmutableOopMap {rax=Oop }
                      ;*athrow {reexecute=1 rethrow=0 return_oop=0}
                      ; - (reexecute) com.sun.javafx.reflect.MethodUtil::invoke@72 (line 279)
  0x0000770bb53f9f78: a506 4889 

  0x0000770bb53f9f7c: ;   {runtime_call throw_class_cast_exception Runtime1 stub}
  0x0000770bb53f9f7c: 1c24 e89d 

  0x0000770bb53f9f80: ; ImmutableOopMap {}
                      ;*checkcast {reexecute=0 rethrow=0 return_oop=0}
                      ; - com.sun.javafx.reflect.MethodUtil::invoke@55 (line 277)
                      ;   {runtime_call throw_null_pointer_exception Runtime1 stub}
  0x0000770bb53f9f80: c8a5 06e8 

  0x0000770bb53f9f84: ; ImmutableOopMap {rax=Oop }
                      ;*athrow {reexecute=1 rethrow=0 return_oop=0}
                      ; - (reexecute) com.sun.javafx.reflect.MethodUtil::invoke@58 (line 277)
  0x0000770bb53f9f84: 187f a506 | 4889 1c24 

  0x0000770bb53f9f8c: ;   {runtime_call throw_class_cast_exception Runtime1 stub}
  0x0000770bb53f9f8c: e88f c8a5 

  0x0000770bb53f9f90: ; ImmutableOopMap {}
                      ;*checkcast {reexecute=0 rethrow=0 return_oop=0}
                      ; - com.sun.javafx.reflect.MethodUtil::invoke@41 (line 275)
                      ;   {runtime_call throw_null_pointer_exception Runtime1 stub}
  0x0000770bb53f9f90: 06e8 0a7f 

  0x0000770bb53f9f94: ; ImmutableOopMap {rax=Oop }
                      ;*athrow {reexecute=1 rethrow=0 return_oop=0}
                      ; - (reexecute) com.sun.javafx.reflect.MethodUtil::invoke@44 (line 275)
                      ;   {metadata(nullptr)}
  0x0000770bb53f9f94: a506 48ba | 0000 0000 | 0000 0000 | b800 0f05 

  0x0000770bb53f9fa4: ;   {runtime_call load_klass_patching Runtime1 stub}
  0x0000770bb53f9fa4: 0ae8 d6f8 

  0x0000770bb53f9fa8: ; ImmutableOopMap {rbx=Oop }
                      ;*new {reexecute=1 rethrow=0 return_oop=0}
                      ; - (reexecute) com.sun.javafx.reflect.MethodUtil::invoke@100 (line 287)
  0x0000770bb53f9fa8: a506 e999 | f7ff ff48 

  0x0000770bb53f9fb0: ;   {runtime_call fast_new_instance Runtime1 stub}
  0x0000770bb53f9fb0: 8bd2 e849 

  0x0000770bb53f9fb4: ; ImmutableOopMap {rbx=Oop }
                      ;*new {reexecute=0 rethrow=0 return_oop=0}
                      ; - com.sun.javafx.reflect.MethodUtil::invoke@100 (line 287)
  0x0000770bb53f9fb4: 99a5 06e9 | e4f7 ffff | 498b 8700 | 0500 0049 | c787 0005 | 0000 0000 | 0000 49c7 | 8708 0500 
  0x0000770bb53f9fd4: 0000 0000 | 0048 81c4 | 8002 0000 

  0x0000770bb53f9fe0: ;   {runtime_call unwind_exception Runtime1 stub}
  0x0000770bb53f9fe0: 5de9 9a6f | a506 f4f4 
[Stub Code]
  0x0000770bb53f9fe8: ;   {no_reloc}
  0x0000770bb53f9fe8: 0f1f 4400 

  0x0000770bb53f9fec: ;   {static_stub}
  0x0000770bb53f9fec: 0048 bb00 | 0000 0000 

  0x0000770bb53f9ff4: ;   {runtime_call nmethod}
  0x0000770bb53f9ff4: 0000 00e9 | fbff ffff 

  0x0000770bb53f9ffc: ;   {static_stub}
  0x0000770bb53f9ffc: 9048 bb00 | 0000 0000 

  0x0000770bb53fa004: ;   {runtime_call nmethod}
  0x0000770bb53fa004: 0000 00e9 | fbff ffff 

  0x0000770bb53fa00c: ;   {static_stub}
  0x0000770bb53fa00c: 9048 bb00 | 0000 0000 

  0x0000770bb53fa014: ;   {runtime_call nmethod}
  0x0000770bb53fa014: 0000 00e9 | fbff ffff 

  0x0000770bb53fa01c: ;   {static_stub}
  0x0000770bb53fa01c: 9048 bb00 | 0000 0000 

  0x0000770bb53fa024: ;   {runtime_call nmethod}
  0x0000770bb53fa024: 0000 00e9 | fbff ffff 

  0x0000770bb53fa02c: ;   {static_stub}
  0x0000770bb53fa02c: 9048 bb00 | 0000 0000 

  0x0000770bb53fa034: ;   {runtime_call nmethod}
  0x0000770bb53fa034: 0000 00e9 | fbff ffff 

  0x0000770bb53fa03c: ;   {static_stub}
  0x0000770bb53fa03c: 9048 bb00 | 0000 0000 

  0x0000770bb53fa044: ;   {runtime_call nmethod}
  0x0000770bb53fa044: 0000 00e9 | fbff ffff 

  0x0000770bb53fa04c: ;   {static_stub}
  0x0000770bb53fa04c: 9048 bb00 | 0000 0000 

  0x0000770bb53fa054: ;   {runtime_call nmethod}
  0x0000770bb53fa054: 0000 00e9 | fbff ffff 

  0x0000770bb53fa05c: ;   {static_stub}
  0x0000770bb53fa05c: 9048 bb00 | 0000 0000 

  0x0000770bb53fa064: ;   {runtime_call nmethod}
  0x0000770bb53fa064: 0000 00e9 | fbff ffff 

  0x0000770bb53fa06c: ;   {static_stub}
  0x0000770bb53fa06c: 9048 bb00 | 0000 0000 

  0x0000770bb53fa074: ;   {runtime_call nmethod}
  0x0000770bb53fa074: 0000 00e9 | fbff ffff 

  0x0000770bb53fa07c: ;   {static_stub}
  0x0000770bb53fa07c: 9048 bb00 | 0000 0000 

  0x0000770bb53fa084: ;   {runtime_call nmethod}
  0x0000770bb53fa084: 0000 00e9 | fbff ffff 

  0x0000770bb53fa08c: ;   {static_stub}
  0x0000770bb53fa08c: 9048 bb00 | 0000 0000 

  0x0000770bb53fa094: ;   {runtime_call nmethod}
  0x0000770bb53fa094: 0000 00e9 | fbff ffff 

  0x0000770bb53fa09c: ;   {static_stub}
  0x0000770bb53fa09c: 9048 bb00 | 0000 0000 

  0x0000770bb53fa0a4: ;   {runtime_call nmethod}
  0x0000770bb53fa0a4: 0000 00e9 | fbff ffff 

  0x0000770bb53fa0ac: ;   {static_stub}
  0x0000770bb53fa0ac: 9048 bb00 | 0000 0000 

  0x0000770bb53fa0b4: ;   {runtime_call nmethod}
  0x0000770bb53fa0b4: 0000 00e9 | fbff ffff 

  0x0000770bb53fa0bc: ;   {static_stub}
  0x0000770bb53fa0bc: 9048 bb00 | 0000 0000 

  0x0000770bb53fa0c4: ;   {runtime_call nmethod}
  0x0000770bb53fa0c4: 0000 00e9 | fbff ffff 

  0x0000770bb53fa0cc: ;   {static_stub}
  0x0000770bb53fa0cc: 9048 bb00 | 0000 0000 

  0x0000770bb53fa0d4: ;   {runtime_call nmethod}
  0x0000770bb53fa0d4: 0000 00e9 | fbff ffff 

  0x0000770bb53fa0dc: ;   {static_stub}
  0x0000770bb53fa0dc: 48bb d0c4 | 9d4f 0b77 

  0x0000770bb53fa0e4: ;   {runtime_call I2C/C2I adapters}
  0x0000770bb53fa0e4: 0000 e998 

  0x0000770bb53fa0e8: ;   {static_stub}
  0x0000770bb53fa0e8: 0699 0648 | bbf8 5a04 | 530b 7700 

  0x0000770bb53fa0f4: ;   {runtime_call I2C/C2I adapters}
  0x0000770bb53fa0f4: 00e9 8906 

  0x0000770bb53fa0f8: ;   {static_stub}
  0x0000770bb53fa0f8: 9906 48bb | 0000 0000 | 0000 0000 

  0x0000770bb53fa104: ;   {runtime_call nmethod}
  0x0000770bb53fa104: e9fb ffff 

  0x0000770bb53fa108: ;   {static_stub}
  0x0000770bb53fa108: ff48 bb00 | 0000 0000 

  0x0000770bb53fa110: ;   {runtime_call nmethod}
  0x0000770bb53fa110: 0000 00e9 | fbff ffff 

  0x0000770bb53fa118: ;   {static_stub}
  0x0000770bb53fa118: 48bb 0000 | 0000 0000 

  0x0000770bb53fa120: ;   {runtime_call nmethod}
  0x0000770bb53fa120: 0000 e9fb 

  0x0000770bb53fa124: ;   {static_stub}
  0x0000770bb53fa124: ffff ff48 | bb00 0000 | 0000 0000 

  0x0000770bb53fa130: ;   {runtime_call nmethod}
  0x0000770bb53fa130: 00e9 fbff 

  0x0000770bb53fa134: ;   {static_stub}
  0x0000770bb53fa134: ffff 48bb | 0000 0000 | 0000 0000 

  0x0000770bb53fa140: ;   {runtime_call nmethod}
  0x0000770bb53fa140: e9fb ffff 

  0x0000770bb53fa144: ;   {static_stub}
  0x0000770bb53fa144: ff48 bb00 | 0000 0000 

  0x0000770bb53fa14c: ;   {runtime_call nmethod}
  0x0000770bb53fa14c: 0000 00e9 | fbff ffff 

  0x0000770bb53fa154: ;   {static_stub}
  0x0000770bb53fa154: 48bb 0000 | 0000 0000 

  0x0000770bb53fa15c: ;   {runtime_call nmethod}
  0x0000770bb53fa15c: 0000 e9fb 

  0x0000770bb53fa160: ;   {static_stub}
  0x0000770bb53fa160: ffff ff48 | bb00 0000 | 0000 0000 

  0x0000770bb53fa16c: ;   {runtime_call nmethod}
  0x0000770bb53fa16c: 00e9 fbff 

  0x0000770bb53fa170: ;   {static_stub}
  0x0000770bb53fa170: ffff 48bb | 0000 0000 | 0000 0000 

  0x0000770bb53fa17c: ;   {runtime_call nmethod}
  0x0000770bb53fa17c: e9fb ffff 

  0x0000770bb53fa180: ;   {static_stub}
  0x0000770bb53fa180: ff48 bb00 | 0000 0000 

  0x0000770bb53fa188: ;   {runtime_call nmethod}
  0x0000770bb53fa188: 0000 00e9 | fbff ffff 

  0x0000770bb53fa190: ;   {static_stub}
  0x0000770bb53fa190: 48bb 0000 | 0000 0000 

  0x0000770bb53fa198: ;   {runtime_call nmethod}
  0x0000770bb53fa198: 0000 e9fb 

  0x0000770bb53fa19c: ;   {runtime_call handle_exception_from_callee Runtime1 stub}
  0x0000770bb53fa19c: ffff ffe8 | dcb4 a506 

  0x0000770bb53fa1a4: ;   {external_word}
  0x0000770bb53fa1a4: 48bf 5321 | 12d4 0b77 | 0000 4883 

  0x0000770bb53fa1b0: ;   {runtime_call MacroAssembler::debug64(char*, long, long*)}
  0x0000770bb53fa1b0: e4f0 e889 | 2980 1ef4 
[Deopt Handler Code]
  0x0000770bb53fa1b8: ;   {section_word}
  0x0000770bb53fa1b8: 49ba b8a1 | 3fb5 0b77 | 0000 4152 

  0x0000770bb53fa1c4: ;   {runtime_call DeoptimizationBlob}
  0x0000770bb53fa1c4: e9d7 4699 | 06f4 f4f4 | f4f4 f4f4 
[/MachCode]


Compiled method (c1) 11652 5865   !   3       com.sun.javafx.fxml.MethodHelper::invoke (146 bytes)
 total in heap  [0x0000770bb53f2b10,0x0000770bb53f4730] = 7200
 relocation     [0x0000770bb53f2c68,0x0000770bb53f2e28] = 448
 main code      [0x0000770bb53f2e40,0x0000770bb53f3cf8] = 3768
 stub code      [0x0000770bb53f3cf8,0x0000770bb53f3db0] = 184
 oops           [0x0000770bb53f3db0,0x0000770bb53f3dc0] = 16
 metadata       [0x0000770bb53f3dc0,0x0000770bb53f3e00] = 64
 scopes data    [0x0000770bb53f3e00,0x0000770bb53f4180] = 896
 scopes pcs     [0x0000770bb53f4180,0x0000770bb53f4460] = 736
 dependencies   [0x0000770bb53f4460,0x0000770bb53f4468] = 8
 handler table  [0x0000770bb53f4468,0x0000770bb53f46f0] = 648
 nul chk table  [0x0000770bb53f46f0,0x0000770bb53f4730] = 64

[Constant Pool (empty)]

[MachCode]
[Verified Entry Point]
  # {method} {0x0000770b4f9d6198} 'invoke' '(Ljava/lang/reflect/Method;Ljava/lang/Object;[Ljava/lang/Object;)Ljava/lang/Object;' in 'com/sun/javafx/fxml/MethodHelper'
  # parm0:    rsi:rsi   = 'java/lang/reflect/Method'
  # parm1:    rdx:rdx   = 'java/lang/Object'
  # parm2:    rcx:rcx   = '[Ljava/lang/Object;'
  #           [sp+0x110]  (sp of caller)
  0x0000770bb53f2e40: 8984 2400 | c0fe ff55 | 4881 ec00 | 0100 0090 | 4181 7f20 | 0300 0000 

  0x0000770bb53f2e58: ;   {runtime_call StubRoutines (final stubs)}
  0x0000770bb53f2e58: 7405 e8c1 | a397 0648 | 89b4 2490 | 0000 0048 | 8994 2498 | 0000 0048 | 898c 24a0 

  0x0000770bb53f2e74: ;   {metadata(method data for {method} {0x0000770b4f9d6198} 'invoke' '(Ljava/lang/reflect/Method;Ljava/lang/Object;[Ljava/lang/Object;)Ljava/lang/Object;' in 'com/sun/javafx/fxml/MethodHelper')}
  0x0000770bb53f2e74: 0000 0048 | bf68 1d80 | 500b 7700 | 008b 9ff4 | 0000 0083 | c302 899f | f400 0000 | 81e3 fe07 
  0x0000770bb53f2e94: 0000 85db | 0f84 b30b | 0000 483b | 0648 8bfe 

  0x0000770bb53f2ea4: ;   {metadata(method data for {method} {0x0000770b4f9d6198} 'invoke' '(Ljava/lang/reflect/Method;Ljava/lang/Object;[Ljava/lang/Object;)Ljava/lang/Object;' in 'com/sun/javafx/fxml/MethodHelper')}
  0x0000770bb53f2ea4: 48bb 681d | 8050 0b77 | 0000 4883 | 8338 0100 | 0001 8b7e | 2448 c1e7 | 0348 89bc | 2488 0000 
  0x0000770bb53f2ec4: 0048 3b07 

  0x0000770bb53f2ec8: ;   {metadata(method data for {method} {0x0000770b4f9d6198} 'invoke' '(Ljava/lang/reflect/Method;Ljava/lang/Object;[Ljava/lang/Object;)Ljava/lang/Object;' in 'com/sun/javafx/fxml/MethodHelper')}
  0x0000770bb53f2ec8: 488b df48 | b868 1d80 | 500b 7700 | 0048 8380 | 7001 0000 | 0148 8bf7 | 0f1f 8000 

  0x0000770bb53f2ee4: ;   {optimized virtual_call}
  0x0000770bb53f2ee4: 0000 00e8 

  0x0000770bb53f2ee8: ; ImmutableOopMap {[136]=Oop [144]=Oop [152]=Oop [160]=Oop }
                      ;*invokevirtual getPackage {reexecute=0 rethrow=0 return_oop=0}
                      ; - com.sun.javafx.fxml.MethodHelper::invoke@6 (line 55)
  0x0000770bb53f2ee8: 54bf cfff 

  0x0000770bb53f2eec: ;   {other}
  0x0000770bb53f2eec: 0f1f 8400 | dc03 0000 

  0x0000770bb53f2ef4: ; implicit exception: dispatches to 0x0000770bb53f3a7c
  0x0000770bb53f2ef4: 483b 0048 

  0x0000770bb53f2ef8: ;   {metadata(method data for {method} {0x0000770b4f9d6198} 'invoke' '(Ljava/lang/reflect/Method;Ljava/lang/Object;[Ljava/lang/Object;)Ljava/lang/Object;' in 'com/sun/javafx/fxml/MethodHelper')}
  0x0000770bb53f2ef8: 8bd0 48b9 | 681d 8050 | 0b77 0000 

  0x0000770bb53f2f04: ;   {metadata('java/lang/Package')}
  0x0000770bb53f2f04: 49ba e8bd | 0153 0b77 | 0000 4c89 | 91b8 0100 | 0048 8381 | c001 0000 

  0x0000770bb53f2f1c: ;   {metadata(method data for {method} {0x0000770b5301cef8} 'getName' '()Ljava/lang/String;' in 'java/lang/Package')}
  0x0000770bb53f2f1c: 0148 baf0 | e814 500b | 7700 008b | 8af4 0000 | 0083 c102 | 898a f400 | 0000 81e1 | feff 1f00 
  0x0000770bb53f2f3c: 85c9 0f84 | 3d0b 0000 

  0x0000770bb53f2f44: ;   {metadata(method data for {method} {0x0000770b5301cef8} 'getName' '()Ljava/lang/String;' in 'java/lang/Package')}
  0x0000770bb53f2f44: 488b d048 | b9f0 e814 | 500b 7700 | 008b 5208 | 49ba 0000 | 0053 0b77 | 0000 4903 | d248 3b91 
  0x0000770bb53f2f64: 4801 0000 | 750d 4883 | 8150 0100 | 0001 e960 | 0000 0048 | 3b91 5801 | 0000 750d | 4883 8160 
  0x0000770bb53f2f84: 0100 0001 | e94a 0000 | 0048 83b9 | 4801 0000 | 0075 1748 | 8991 4801 | 0000 48c7 | 8150 0100 
  0x0000770bb53f2fa4: 0001 0000 | 00e9 2900 | 0000 4883 | b958 0100 | 0000 7517 | 4889 9158 | 0100 0048 | c781 6001 
  0x0000770bb53f2fc4: 0000 0100 | 0000 e908 | 0000 0048 | 8381 3801 | 0000 018b | 780c 48c1 | e703 4889 | bc24 b000 
  0x0000770bb53f2fe4: 0000 488b | 9424 8800 

  0x0000770bb53f2fec: ;   {metadata(method data for {method} {0x0000770b4f9d6198} 'invoke' '(Ljava/lang/reflect/Method;Ljava/lang/Object;[Ljava/lang/Object;)Ljava/lang/Object;' in 'com/sun/javafx/fxml/MethodHelper')}
  0x0000770bb53f2fec: 0000 48b9 | 681d 8050 | 0b77 0000 | 4883 81e0 | 0100 0001 | 488b 9c24 | 8800 0000 | 8b43 3048 
  0x0000770bb53f300c: c1e0 0348 | 8984 24a8 

  0x0000770bb53f3014: ;   {oop(a 'java/lang/Class'{0x0000000710555690} = 'com/sun/javafx/fxml/MethodHelper')}
  0x0000770bb53f3014: 0000 0048 | ba90 5655 | 1007 0000 | 0048 8bca 

  0x0000770bb53f3024: ;   {metadata(method data for {method} {0x0000770b4f9d6198} 'invoke' '(Ljava/lang/reflect/Method;Ljava/lang/Object;[Ljava/lang/Object;)Ljava/lang/Object;' in 'com/sun/javafx/fxml/MethodHelper')}
  0x0000770bb53f3024: 49b8 681d | 8050 0b77 | 0000 4983 | 8018 0200 | 0001 448b | 4a30 49c1 | e103 4c89 | 8c24 b800 
  0x0000770bb53f3044: 0000 483b | 0048 8bd0 

  0x0000770bb53f304c: ;   {metadata(method data for {method} {0x0000770b4f9d6198} 'invoke' '(Ljava/lang/reflect/Method;Ljava/lang/Object;[Ljava/lang/Object;)Ljava/lang/Object;' in 'com/sun/javafx/fxml/MethodHelper')}
  0x0000770bb53f304c: 48b9 681d | 8050 0b77 | 0000 4883 | 8150 0200 

  0x0000770bb53f305c: ;   {metadata(method data for {method} {0x0000770b53021528} 'isExported' '(Ljava/lang/String;)Z' in 'java/lang/Module')}
  0x0000770bb53f305c: 0001 48ba | 40ea 094f | 0b77 0000 | 8b8a f400 | 0000 83c1 | 0289 8af4 | 0000 0081 | e1fe ff1f 
  0x0000770bb53f307c: 0085 c90f | 8427 0a00 

  0x0000770bb53f3084: ;   {metadata(method data for {method} {0x0000770b53021528} 'isExported' '(Ljava/lang/String;)Z' in 'java/lang/Module')}
  0x0000770bb53f3084: 0048 ba40 | ea09 4f0b | 7700 0048 | 8382 3801 

  0x0000770bb53f3094: ;   {metadata(method data for {method} {0x0000770b53056360} 'requireNonNull' '(Ljava/lang/Object;)Ljava/lang/Object;' in 'java/util/Objects')}
  0x0000770bb53f3094: 0000 0148 | ba78 1801 | 4f0b 7700 | 008b 8af4 | 0000 0083 | c102 898a | f400 0000 | 81e1 feff 
  0x0000770bb53f30b4: 1f00 85c9 | 0f84 0f0a | 0000 4885 

  0x0000770bb53f30c0: ;   {metadata(method data for {method} {0x0000770b53056360} 'requireNonNull' '(Ljava/lang/Object;)Ljava/lang/Object;' in 'java/util/Objects')}
  0x0000770bb53f30c0: ff48 ba78 | 1801 4f0b | 7700 0048 | c7c1 4801 | 0000 7407 | 48c7 c138 | 0100 004c | 8b04 0a4d 
  0x0000770bb53f30e0: 8d40 014c | 8904 0a0f | 8494 0800 | 0048 8bd0 

  0x0000770bb53f30f0: ;   {metadata(method data for {method} {0x0000770b53021528} 'isExported' '(Ljava/lang/String;)Z' in 'java/lang/Module')}
  0x0000770bb53f30f0: 48b9 40ea | 094f 0b77 | 0000 4883 | 8148 0100 | 0001 488b 

  0x0000770bb53f3104: ;   {oop(a 'java/lang/Module'{0x00000007ffc0e1c8})}
  0x0000770bb53f3104: d748 b9c8 | e1c0 ff07 | 0000 0041 | b800 0000 | 0048 8bf0 | 0f1f 8000 

  0x0000770bb53f311c: ;   {optimized virtual_call}
  0x0000770bb53f311c: 0000 00e8 

  0x0000770bb53f3120: ; ImmutableOopMap {[136]=Oop [144]=Oop [152]=Oop [160]=Oop [168]=Oop [176]=Oop [184]=Oop }
                      ;*invokevirtual implIsExportedOrOpen {reexecute=0 rethrow=0 return_oop=0}
                      ; - java.lang.Module::isExported@11 (line 654)
                      ; - com.sun.javafx.fxml.MethodHelper::invoke@31 (line 62)
  0x0000770bb53f3120: 3cfe 78ff 

  0x0000770bb53f3124: ;   {other}
  0x0000770bb53f3124: 0f1f 8400 | 1406 0001 | 83e0 0185 

  0x0000770bb53f3130: ;   {metadata(method data for {method} {0x0000770b4f9d6198} 'invoke' '(Ljava/lang/reflect/Method;Ljava/lang/Object;[Ljava/lang/Object;)Ljava/lang/Object;' in 'com/sun/javafx/fxml/MethodHelper')}
  0x0000770bb53f3130: c048 ba68 | 1d80 500b | 7700 0048 | c7c1 8802 | 0000 7507 | 48c7 c198 | 0200 004c | 8b04 0a4d 
  0x0000770bb53f3150: 8d40 014c | 8904 0a0f | 85df 0400 | 0048 8bbc | 24b0 0000 | 0048 8b84 | 24a8 0000 

  0x0000770bb53f316c: ;   {metadata(method data for {method} {0x0000770b4f9d6198} 'invoke' '(Ljava/lang/reflect/Method;Ljava/lang/Object;[Ljava/lang/Object;)Ljava/lang/Object;' in 'com/sun/javafx/fxml/MethodHelper')}
  0x0000770bb53f316c: 0048 ba68 | 1d80 500b | 7700 0048 | 8382 a802 

  0x0000770bb53f317c: ;   {metadata(method data for {method} {0x0000770b53020770} 'isOpen' '(Ljava/lang/String;Ljava/lang/Module;)Z' in 'java/lang/Module')}
  0x0000770bb53f317c: 0000 0148 | ba38 6378 | 500b 7700 | 008b 8af4 | 0000 0083 | c102 898a | f400 0000 | 81e1 feff 
  0x0000770bb53f319c: 1f00 85c9 | 0f84 4809 

  0x0000770bb53f31a4: ;   {metadata(method data for {method} {0x0000770b53020770} 'isOpen' '(Ljava/lang/String;Ljava/lang/Module;)Z' in 'java/lang/Module')}
  0x0000770bb53f31a4: 0000 48ba | 3863 7850 | 0b77 0000 | 4883 8238 | 0100 0001 

  0x0000770bb53f31b8: ;   {metadata(method data for {method} {0x0000770b53056360} 'requireNonNull' '(Ljava/lang/Object;)Ljava/lang/Object;' in 'java/util/Objects')}
  0x0000770bb53f31b8: 48ba 7818 | 014f 0b77 | 0000 8b8a | f400 0000 | 83c1 0289 | 8af4 0000 | 0081 e1fe | ff1f 0085 
  0x0000770bb53f31d8: c90f 8430 | 0900 0048 

  0x0000770bb53f31e0: ;   {metadata(method data for {method} {0x0000770b53056360} 'requireNonNull' '(Ljava/lang/Object;)Ljava/lang/Object;' in 'java/util/Objects')}
  0x0000770bb53f31e0: 85ff 48ba | 7818 014f | 0b77 0000 | 48c7 c148 | 0100 0074 | 0748 c7c1 | 3801 0000 | 4c8b 040a 
  0x0000770bb53f3200: 4d8d 4001 | 4c89 040a | 0f84 d306 | 0000 4c8b | 8c24 b800 

  0x0000770bb53f3214: ;   {metadata(method data for {method} {0x0000770b53020770} 'isOpen' '(Ljava/lang/String;Ljava/lang/Module;)Z' in 'java/lang/Module')}
  0x0000770bb53f3214: 0000 48ba | 3863 7850 | 0b77 0000 | 4883 8248 | 0100 0001 

  0x0000770bb53f3228: ;   {metadata(method data for {method} {0x0000770b53056360} 'requireNonNull' '(Ljava/lang/Object;)Ljava/lang/Object;' in 'java/util/Objects')}
  0x0000770bb53f3228: 48ba 7818 | 014f 0b77 | 0000 8b8a | f400 0000 | 83c1 0289 | 8af4 0000 | 0081 e1fe | ff1f 0085 
  0x0000770bb53f3248: c90f 84e1 | 0800 004d 

  0x0000770bb53f3250: ;   {metadata(method data for {method} {0x0000770b53056360} 'requireNonNull' '(Ljava/lang/Object;)Ljava/lang/Object;' in 'java/util/Objects')}
  0x0000770bb53f3250: 85c9 48ba | 7818 014f | 0b77 0000 | 48c7 c148 | 0100 0074 | 0748 c7c1 | 3801 0000 | 4c8b 040a 
  0x0000770bb53f3270: 4d8d 4001 | 4c89 040a | 0f84 c605 | 0000 488b | 8424 a800 

  0x0000770bb53f3284: ;   {metadata(method data for {method} {0x0000770b53020770} 'isOpen' '(Ljava/lang/String;Ljava/lang/Module;)Z' in 'java/lang/Module')}
  0x0000770bb53f3284: 0000 48ba | 3863 7850 | 0b77 0000 | 4883 8258 | 0100 0001 | 488b d749 | 8bc9 41b8 | 0100 0000 
  0x0000770bb53f32a4: 488b b424 | a800 0000 

  0x0000770bb53f32ac: ;   {optimized virtual_call}
  0x0000770bb53f32ac: 6666 90e8 

  0x0000770bb53f32b0: ; ImmutableOopMap {[136]=Oop [144]=Oop [152]=Oop [160]=Oop [168]=Oop [176]=Oop [184]=Oop }
                      ;*invokevirtual implIsExportedOrOpen {reexecute=0 rethrow=0 return_oop=0}
                      ; - java.lang.Module::isOpen@14 (line 631)
                      ; - com.sun.javafx.fxml.MethodHelper::invoke@43 (line 63)
  0x0000770bb53f32b0: cc24 9906 

  0x0000770bb53f32b4: ;   {other}
  0x0000770bb53f32b4: 0f1f 8400 | a407 0002 | 83e0 0185 

  0x0000770bb53f32c0: ;   {metadata(method data for {method} {0x0000770b4f9d6198} 'invoke' '(Ljava/lang/reflect/Method;Ljava/lang/Object;[Ljava/lang/Object;)Ljava/lang/Object;' in 'com/sun/javafx/fxml/MethodHelper')}
  0x0000770bb53f32c0: c048 ba68 | 1d80 500b | 7700 0048 | c7c6 e002 | 0000 7507 | 48c7 c6f0 | 0200 0048 | 8b3c 3248 
  0x0000770bb53f32e0: 8d7f 0148 | 893c 320f | 856f 0100 | 004c 8b8c | 24b8 0000 | 0048 8bbc | 2488 0000 | 0066 6690 
  0x0000770bb53f3300: ;   {no_reloc}
  0x0000770bb53f3300: e95b 0800 | 0000 0000 | 0000 488b | df80 ba31 | 0100 0004 | 0f85 5508 | 0000 498b | 87b8 0100 
  0x0000770bb53f3320: 0048 8d78 | 2849 3bbf | c801 0000 | 0f87 3d08 | 0000 4989 | bfb8 0100 | 0048 c700 | 0100 0000 
  0x0000770bb53f3340: 488b ca49 | ba00 0000 | 530b 7700 | 0049 2bca | 8948 0848 | 33c9 8948 | 0c48 33c9 | 4889 4810 
  0x0000770bb53f3360: 4889 4818 | 4889 4820 | 4889 8424 | c800 0000 

  0x0000770bb53f3370: ; implicit exception: dispatches to 0x0000770bb53f3b7c
  0x0000770bb53f3370: 493b 0149 

  0x0000770bb53f3374: ;   {metadata(method data for {method} {0x0000770b4f9d6198} 'invoke' '(Ljava/lang/reflect/Method;Ljava/lang/Object;[Ljava/lang/Object;)Ljava/lang/Object;' in 'com/sun/javafx/fxml/MethodHelper')}
  0x0000770bb53f3374: 8bf1 48bf | 681d 8050 | 0b77 0000 | 4883 8700 | 0300 0001 | 418b 791c | 48c1 e703 

  0x0000770bb53f3390: ;   {metadata(method data for {method} {0x0000770b4f9d6198} 'invoke' '(Ljava/lang/reflect/Method;Ljava/lang/Object;[Ljava/lang/Object;)Ljava/lang/Object;' in 'com/sun/javafx/fxml/MethodHelper')}
  0x0000770bb53f3390: 488b f348 | ba68 1d80 | 500b 7700 | 0048 8382 | 3803 0000 

  0x0000770bb53f33a4: ;   {metadata(method data for {method} {0x0000770b53469710} 'getName' '()Ljava/lang/String;' in 'java/lang/Class')}
  0x0000770bb53f33a4: 0148 be78 | b107 4f0b | 7700 008b | 96f4 0000 | 0083 c202 | 8996 f400 | 0000 81e2 | feff 1f00 
  0x0000770bb53f33c4: 85d2 0f84 | b507 0000 | 8b73 2c48 | c1e6 0348 

  0x0000770bb53f33d4: ;   {metadata(method data for {method} {0x0000770b53469710} 'getName' '()Ljava/lang/String;' in 'java/lang/Class')}
  0x0000770bb53f33d4: 85f6 48ba | 78b1 074f | 0b77 0000 | 48c7 c138 | 0100 0074 | 0748 c7c1 | 4801 0000 | 4c8b 040a 
  0x0000770bb53f33f4: 4d8d 4001 | 4c89 040a | 0f84 2000 

  0x0000770bb53f3400: ;   {metadata(method data for {method} {0x0000770b53469710} 'getName' '()Ljava/lang/String;' in 'java/lang/Class')}
  0x0000770bb53f3400: 0000 48bb | 78b1 074f | 0b77 0000 | ff83 5801 | 0000 488b | de48 89bc | 24c0 0000 | 00e9 1703 
  0x0000770bb53f3420: 0000 4889 | bc24 c000 | 0000 488b 

  0x0000770bb53f342c: ;   {metadata(method data for {method} {0x0000770b53469710} 'getName' '()Ljava/lang/String;' in 'java/lang/Class')}
  0x0000770bb53f342c: f348 ba78 | b107 4f0b | 7700 0048 | 8382 7001 | 0000 0148 | 8bf3 0f1f 

  0x0000770bb53f3444: ;   {optimized virtual_call}
  0x0000770bb53f3444: 4400 00e8 

  0x0000770bb53f3448: ; ImmutableOopMap {[168]=Oop [176]=Oop [184]=Oop [192]=Oop [200]=Oop }
                      ;*invokevirtual initClassName {reexecute=0 rethrow=0 return_oop=0}
                      ; - java.lang.Class::getName@14 (line 950)
                      ; - com.sun.javafx.fxml.MethodHelper::invoke@59 (line 66)
  0x0000770bb53f3448: 3423 9906 

  0x0000770bb53f344c: ;   {other}
  0x0000770bb53f344c: 0f1f 8400 | 3c09 0003 | 488b d8e9 | dd02 0000 | 488b bc24 | b000 0000 | 488b 8424 | a800 0000 
  0x0000770bb53f346c: ;   {metadata(method data for {method} {0x0000770b4f9d6198} 'invoke' '(Ljava/lang/reflect/Method;Ljava/lang/Object;[Ljava/lang/Object;)Ljava/lang/Object;' in 'com/sun/javafx/fxml/MethodHelper')}
  0x0000770bb53f346c: 48ba 681d | 8050 0b77 | 0000 4883 | 8268 0400 

  0x0000770bb53f347c: ;   {metadata(method data for {method} {0x0000770b53020770} 'isOpen' '(Ljava/lang/String;Ljava/lang/Module;)Z' in 'java/lang/Module')}
  0x0000770bb53f347c: 0001 48ba | 3863 7850 | 0b77 0000 | 8b8a f400 | 0000 83c1 | 0289 8af4 | 0000 0081 | e1fe ff1f 
  0x0000770bb53f349c: 0085 c90f | 84fd 0600 

  0x0000770bb53f34a4: ;   {metadata(method data for {method} {0x0000770b53020770} 'isOpen' '(Ljava/lang/String;Ljava/lang/Module;)Z' in 'java/lang/Module')}
  0x0000770bb53f34a4: 0048 ba38 | 6378 500b | 7700 0048 | 8382 3801 

  0x0000770bb53f34b4: ;   {metadata(method data for {method} {0x0000770b53056360} 'requireNonNull' '(Ljava/lang/Object;)Ljava/lang/Object;' in 'java/util/Objects')}
  0x0000770bb53f34b4: 0000 0148 | ba78 1801 | 4f0b 7700 | 008b 8af4 | 0000 0083 | c102 898a | f400 0000 | 81e1 feff 
  0x0000770bb53f34d4: 1f00 85c9 | 0f84 e506 | 0000 4885 

  0x0000770bb53f34e0: ;   {metadata(method data for {method} {0x0000770b53056360} 'requireNonNull' '(Ljava/lang/Object;)Ljava/lang/Object;' in 'java/util/Objects')}
  0x0000770bb53f34e0: ff48 ba78 | 1801 4f0b | 7700 0048 | c7c1 4801 | 0000 7407 | 48c7 c138 | 0100 004c | 8b04 0a4d 
  0x0000770bb53f3500: 8d40 014c | 8904 0a0f | 848d 0100 

  0x0000770bb53f350c: ;   {metadata(method data for {method} {0x0000770b53020770} 'isOpen' '(Ljava/lang/String;Ljava/lang/Module;)Z' in 'java/lang/Module')}
  0x0000770bb53f350c: 0048 ba38 | 6378 500b | 7700 0048 | 8382 4801 

  0x0000770bb53f351c: ;   {metadata(method data for {method} {0x0000770b53056360} 'requireNonNull' '(Ljava/lang/Object;)Ljava/lang/Object;' in 'java/util/Objects')}
  0x0000770bb53f351c: 0000 0148 | ba78 1801 | 4f0b 7700 | 008b 8af4 | 0000 0083 | c102 898a | f400 0000 | 81e1 feff 
  0x0000770bb53f353c: 1f00 85c9 | 0f84 9e06 

  0x0000770bb53f3544: ;   {metadata(method data for {method} {0x0000770b53056360} 'requireNonNull' '(Ljava/lang/Object;)Ljava/lang/Object;' in 'java/util/Objects')}
  0x0000770bb53f3544: 0000 48ba | 7818 014f | 0b77 0000 | ff82 3801 | 0000 488b | 8424 a800 

  0x0000770bb53f355c: ;   {metadata(method data for {method} {0x0000770b53020770} 'isOpen' '(Ljava/lang/String;Ljava/lang/Module;)Z' in 'java/lang/Module')}
  0x0000770bb53f355c: 0000 48ba | 3863 7850 | 0b77 0000 | 4883 8258 | 0100 0001 

  0x0000770bb53f3570: ;   {oop(a 'java/lang/Module'{0x00000007ffb13ff8})}
  0x0000770bb53f3570: 48b9 f83f | b1ff 0700 | 0000 488b | d741 b801 | 0000 0048 | 8bb4 24a8 | 0000 000f 

  0x0000770bb53f358c: ;   {optimized virtual_call}
  0x0000770bb53f358c: 1f40 00e8 

  0x0000770bb53f3590: ; ImmutableOopMap {[144]=Oop [152]=Oop [160]=Oop [168]=Oop [176]=Oop }
                      ;*invokevirtual implIsExportedOrOpen {reexecute=0 rethrow=0 return_oop=0}
                      ; - java.lang.Module::isOpen@14 (line 631)
                      ; - com.sun.javafx.fxml.MethodHelper::invoke@95 (line 72)
  0x0000770bb53f3590: ec21 9906 

  0x0000770bb53f3594: ;   {other}
  0x0000770bb53f3594: 0f1f 8400 | 840a 0004 | 83e0 0185 

  0x0000770bb53f35a0: ;   {metadata(method data for {method} {0x0000770b4f9d6198} 'invoke' '(Ljava/lang/reflect/Method;Ljava/lang/Object;[Ljava/lang/Object;)Ljava/lang/Object;' in 'com/sun/javafx/fxml/MethodHelper')}
  0x0000770bb53f35a0: c048 be68 | 1d80 500b | 7700 0048 | c7c7 a004 | 0000 7507 | 48c7 c7b0 | 0400 0048 | 8b1c 3e48 
  0x0000770bb53f35c0: 8d5b 0148 | 891c 3e0f | 856f 0000 

  0x0000770bb53f35cc: ;   {metadata(method data for {method} {0x0000770b4f9d6198} 'invoke' '(Ljava/lang/reflect/Method;Ljava/lang/Object;[Ljava/lang/Object;)Ljava/lang/Object;' in 'com/sun/javafx/fxml/MethodHelper')}
  0x0000770bb53f35cc: 0048 be68 | 1d80 500b | 7700 0048 | 8386 c004 | 0000 0148 | 8bb4 24b0 

  0x0000770bb53f35e4: ;   {static_call}
  0x0000770bb53f35e4: 0000 00e8 

  0x0000770bb53f35e8: ; ImmutableOopMap {[144]=Oop [152]=Oop [160]=Oop [168]=Oop [176]=Oop }
                      ;*invokestatic checkPackageAccess {reexecute=0 rethrow=0 return_oop=0}
                      ; - com.sun.javafx.fxml.MethodHelper::invoke@103 (line 73)
  0x0000770bb53f35e8: 942b 9906 

  0x0000770bb53f35ec: ;   {other}
  0x0000770bb53f35ec: 0f1f 8400 | dc0a 0005 | 488b 8424 | a800 0000 

  0x0000770bb53f35fc: ;   {metadata(method data for {method} {0x0000770b4f9d6198} 'invoke' '(Ljava/lang/reflect/Method;Ljava/lang/Object;[Ljava/lang/Object;)Ljava/lang/Object;' in 'com/sun/javafx/fxml/MethodHelper')}
  0x0000770bb53f35fc: 48ba 681d | 8050 0b77 | 0000 4883 | 82d0 0400 

  0x0000770bb53f360c: ;   {oop(a 'java/lang/Module'{0x00000007ffb13ff8})}
  0x0000770bb53f360c: 0001 48b9 | f83f b1ff | 0700 0000 | 488b 9424 | b000 0000 | 488b b424 | a800 0000 | 0f1f 8000 
  0x0000770bb53f362c: ;   {optimized virtual_call}
  0x0000770bb53f362c: 0000 00e8 

  0x0000770bb53f3630: ; ImmutableOopMap {[144]=Oop [152]=Oop [160]=Oop }
                      ;*invokevirtual addOpens {reexecute=0 rethrow=0 return_oop=0}
                      ; - com.sun.javafx.fxml.MethodHelper::invoke@113 (line 74)
  0x0000770bb53f3630: 4c21 9906 

  0x0000770bb53f3634: ;   {other}
  0x0000770bb53f3634: 0f1f 8400 | 240b 0006 

  0x0000770bb53f363c: ;   {metadata(method data for {method} {0x0000770b4f9d6198} 'invoke' '(Ljava/lang/reflect/Method;Ljava/lang/Object;[Ljava/lang/Object;)Ljava/lang/Object;' in 'com/sun/javafx/fxml/MethodHelper')}
  0x0000770bb53f363c: 48be 681d | 8050 0b77 | 0000 ff86 | 0805 0000 

  0x0000770bb53f364c: ;   {metadata(method data for {method} {0x0000770b4f9d6198} 'invoke' '(Ljava/lang/reflect/Method;Ljava/lang/Object;[Ljava/lang/Object;)Ljava/lang/Object;' in 'com/sun/javafx/fxml/MethodHelper')}
  0x0000770bb53f364c: 48be 681d | 8050 0b77 | 0000 4883 | 8678 0500 | 0001 488b | b424 9000 | 0000 488b | 9424 9800 
  0x0000770bb53f366c: 0000 488b | 8c24 a000 

  0x0000770bb53f3674: ;   {static_call}
  0x0000770bb53f3674: 0000 90e8 

  0x0000770bb53f3678: ; ImmutableOopMap {}
                      ;*invokestatic invoke {reexecute=0 rethrow=0 return_oop=0}
                      ; - com.sun.javafx.fxml.MethodHelper::invoke@142 (line 84)
  0x0000770bb53f3678: e428 0000 

  0x0000770bb53f367c: ;   {other}
  0x0000770bb53f367c: 0f1f 8400 | 6c0b 0007 | 4881 c400 | 0100 005d 

  0x0000770bb53f368c: ;   {poll_return}
  0x0000770bb53f368c: 493b a750 | 0400 000f | 876c 0500 | 00c3 660f | 1f44 0000 

  0x0000770bb53f36a0: ;   {no_reloc}
  0x0000770bb53f36a0: e985 0500 | 0000 0000 | 0000 498b | 87b8 0100 | 0048 8d78 | 3049 3bbf | c801 0000 | 0f87 7205 
  0x0000770bb53f36c0: 0000 4989 | bfb8 0100 | 0048 c700 | 0100 0000 | 488b ca49 | ba00 0000 | 530b 7700 | 0049 2bca 
  0x0000770bb53f36e0: 8948 0848 | 33c9 8948 | 0c48 33c9 | 4889 4810 | 4889 4818 | 4889 4820 | 4889 4828 

  0x0000770bb53f36fc: ;   {metadata(method data for {method} {0x0000770b53056360} 'requireNonNull' '(Ljava/lang/Object;)Ljava/lang/Object;' in 'java/util/Objects')}
  0x0000770bb53f36fc: 488b f048 | bf78 1801 | 4f0b 7700 | 0048 8387 | 5801 0000 | 0148 8bf0 | 4889 8424 | d000 0000 
  0x0000770bb53f371c: ;   {optimized virtual_call}
  0x0000770bb53f371c: 6666 90e8 

  0x0000770bb53f3720: ; ImmutableOopMap {[144]=Oop [152]=Oop [160]=Oop [168]=Oop [176]=Oop [208]=Oop }
                      ;*invokespecial <init> {reexecute=0 rethrow=0 return_oop=0}
                      ; - java.util.Objects::requireNonNull@8 (line 233)
                      ; - java.lang.Module::isOpen@1 (line 629)
                      ; - com.sun.javafx.fxml.MethodHelper::invoke@95 (line 72)
  0x0000770bb53f3720: 5c20 9906 

  0x0000770bb53f3724: ;   {other}
  0x0000770bb53f3724: 0f1f 8400 | 140c 0008 | 488b 8424 | d000 0000 | e9b0 0500 | 0048 8bbc | 24c0 0000 | 004c 8b8c 
  0x0000770bb53f3744: 24b8 0000 | 0048 8b84 | 24a8 0000 | 0048 8bf0 

  0x0000770bb53f3754: ;   {metadata(method data for {method} {0x0000770b4f9d6198} 'invoke' '(Ljava/lang/reflect/Method;Ljava/lang/Object;[Ljava/lang/Object;)Ljava/lang/Object;' in 'com/sun/javafx/fxml/MethodHelper')}
  0x0000770bb53f3754: 48ba 681d | 8050 0b77 | 0000 4883 | 8270 0300 | 0001 448b | 401c 49c1 

  0x0000770bb53f376c: ;   {metadata(method data for {method} {0x0000770b4f9d6198} 'invoke' '(Ljava/lang/reflect/Method;Ljava/lang/Object;[Ljava/lang/Object;)Ljava/lang/Object;' in 'com/sun/javafx/fxml/MethodHelper')}
  0x0000770bb53f376c: e003 48be | 681d 8050 | 0b77 0000 | 4883 86a8 | 0300 0001 

  0x0000770bb53f3780: ;   {metadata(method data for {method} {0x0000770b4f9d6198} 'invoke' '(Ljava/lang/reflect/Method;Ljava/lang/Object;[Ljava/lang/Object;)Ljava/lang/Object;' in 'com/sun/javafx/fxml/MethodHelper')}
  0x0000770bb53f3780: 498b f148 | ba68 1d80 | 500b 7700 | 0048 8382 | e003 0000 | 0141 8b41 | 1c48 c1e0 | 0366 6690 
  0x0000770bb53f37a0: ;   {no_reloc}
  0x0000770bb53f37a0: e9ab 0400 | 0090 9090 | 9090 488b | f748 8bd3 | 498b c84c | 8b8c 24b0 | 0000 0048 | 8bf8 4c89 
  0x0000770bb53f37c0: 2c24 0f1f 

  0x0000770bb53f37c4: ;   {static_call}
  0x0000770bb53f37c4: 4400 00e8 

  0x0000770bb53f37c8: ; ImmutableOopMap {[200]=Oop }
                      ;*invokedynamic {reexecute=0 rethrow=0 return_oop=0}
                      ; - com.sun.javafx.fxml.MethodHelper::invoke@79 (line 70)
  0x0000770bb53f37c8: b429 9906 

  0x0000770bb53f37cc: ;   {other}
  0x0000770bb53f37cc: 0f1f 8400 | bc0c 0009 

  0x0000770bb53f37d4: ;   {metadata(method data for {method} {0x0000770b4f9d6198} 'invoke' '(Ljava/lang/reflect/Method;Ljava/lang/Object;[Ljava/lang/Object;)Ljava/lang/Object;' in 'com/sun/javafx/fxml/MethodHelper')}
  0x0000770bb53f37d4: 48ba 681d | 8050 0b77 | 0000 488d | 9248 0400 | 0048 85c0 | 750a f602 | 0175 05f0 | 4883 0a01 
  0x0000770bb53f37f4: 488b 9424 | c800 0000 

  0x0000770bb53f37fc: ;   {metadata(method data for {method} {0x0000770b4f9d6198} 'invoke' '(Ljava/lang/reflect/Method;Ljava/lang/Object;[Ljava/lang/Object;)Ljava/lang/Object;' in 'com/sun/javafx/fxml/MethodHelper')}
  0x0000770bb53f37fc: 48be 681d | 8050 0b77 | 0000 4883 | 8658 0400 | 0001 488b | d048 8bb4 | 24c8 0000 | 0066 0f1f 
  0x0000770bb53f381c: ;   {optimized virtual_call}
  0x0000770bb53f381c: 4400 00e8 

  0x0000770bb53f3820: ; ImmutableOopMap {[200]=Oop }
                      ;*invokespecial <init> {reexecute=0 rethrow=0 return_oop=0}
                      ; - com.sun.javafx.fxml.MethodHelper::invoke@84 (line 70)
  0x0000770bb53f3820: 5c1f 9906 

  0x0000770bb53f3824: ;   {other}
  0x0000770bb53f3824: 0f1f 8400 | 140d 000a | 488b 8424 

  0x0000770bb53f3830: ; ImmutableOopMap {rax=Oop }
                      ;*athrow {reexecute=1 rethrow=0 return_oop=0}
                      ; - (reexecute) com.sun.javafx.fxml.MethodHelper::invoke@87 (line 70)
  0x0000770bb53f3830: c800 0000 

  0x0000770bb53f3834: ;   {section_word}
  0x0000770bb53f3834: 48ba 3438 | 3fb5 0b77 

  0x0000770bb53f383c: ;   {runtime_call handle_exception_nofpu Runtime1 stub}
  0x0000770bb53f383c: 0000 e8bd | 17a6 0690 | 0f1f 4000 

  0x0000770bb53f3848: ;   {no_reloc}
  0x0000770bb53f3848: e91c 0400 | 0000 0000 | 0000 498b | 87b8 0100 | 0048 8d78 | 3049 3bbf | c801 0000 | 0f87 0904 
  0x0000770bb53f3868: 0000 4989 | bfb8 0100 | 0048 c700 | 0100 0000 | 488b ca49 | ba00 0000 | 530b 7700 | 0049 2bca 
  0x0000770bb53f3888: 8948 0848 | 33c9 8948 | 0c48 33c9 | 4889 4810 | 4889 4818 | 4889 4820 | 4889 4828 

  0x0000770bb53f38a4: ;   {metadata(method data for {method} {0x0000770b53056360} 'requireNonNull' '(Ljava/lang/Object;)Ljava/lang/Object;' in 'java/util/Objects')}
  0x0000770bb53f38a4: 488b f048 | bf78 1801 | 4f0b 7700 | 0048 8387 | 5801 0000 | 0148 8bf0 | 4889 8424 | d800 0000 
  0x0000770bb53f38c4: ;   {optimized virtual_call}
  0x0000770bb53f38c4: 6666 90e8 

  0x0000770bb53f38c8: ; ImmutableOopMap {[136]=Oop [144]=Oop [152]=Oop [160]=Oop [168]=Oop [176]=Oop [184]=Oop [216]=Oop }
                      ;*invokespecial <init> {reexecute=0 rethrow=0 return_oop=0}
                      ; - java.util.Objects::requireNonNull@8 (line 233)
                      ; - java.lang.Module::isOpen@6 (line 630)
                      ; - com.sun.javafx.fxml.MethodHelper::invoke@43 (line 63)
  0x0000770bb53f38c8: b41e 9906 

  0x0000770bb53f38cc: ;   {other}
  0x0000770bb53f38cc: 0f1f 8400 | bc0d 000c | 488b 8424 | d800 0000 | e908 0400 | 000f 1f80 | 0000 0000 

  0x0000770bb53f38e8: ;   {no_reloc}
  0x0000770bb53f38e8: e9a2 0300 | 0000 0000 | 0000 498b | 87b8 0100 | 0048 8d78 | 3049 3bbf | c801 0000 | 0f87 8f03 
  0x0000770bb53f3908: 0000 4989 | bfb8 0100 | 0048 c700 | 0100 0000 | 488b ca49 | ba00 0000 | 530b 7700 | 0049 2bca 
  0x0000770bb53f3928: 8948 0848 | 33c9 8948 | 0c48 33c9 | 4889 4810 | 4889 4818 | 4889 4820 | 4889 4828 

  0x0000770bb53f3944: ;   {metadata(method data for {method} {0x0000770b53056360} 'requireNonNull' '(Ljava/lang/Object;)Ljava/lang/Object;' in 'java/util/Objects')}
  0x0000770bb53f3944: 488b f048 | bf78 1801 | 4f0b 7700 | 0048 8387 | 5801 0000 | 0148 8bf0 | 4889 8424 | e000 0000 
  0x0000770bb53f3964: ;   {optimized virtual_call}
  0x0000770bb53f3964: 6666 90e8 

  0x0000770bb53f3968: ; ImmutableOopMap {[136]=Oop [144]=Oop [152]=Oop [160]=Oop [168]=Oop [176]=Oop [184]=Oop [224]=Oop }
                      ;*invokespecial <init> {reexecute=0 rethrow=0 return_oop=0}
                      ; - java.util.Objects::requireNonNull@8 (line 233)
                      ; - java.lang.Module::isOpen@1 (line 629)
                      ; - com.sun.javafx.fxml.MethodHelper::invoke@43 (line 63)
  0x0000770bb53f3968: 141e 9906 

  0x0000770bb53f396c: ;   {other}
  0x0000770bb53f396c: 0f1f 8400 | 5c0e 000d | 488b 8424 | e000 0000 | e968 0300 | 000f 1f80 | 0000 0000 

  0x0000770bb53f3988: ;   {no_reloc}
  0x0000770bb53f3988: e928 0300 | 0000 0000 | 0000 498b | 87b8 0100 | 0048 8d78 | 3049 3bbf | c801 0000 | 0f87 1503 
  0x0000770bb53f39a8: 0000 4989 | bfb8 0100 | 0048 c700 | 0100 0000 | 488b ca49 | ba00 0000 | 530b 7700 | 0049 2bca 
  0x0000770bb53f39c8: 8948 0848 | 33c9 8948 | 0c48 33c9 | 4889 4810 | 4889 4818 | 4889 4820 | 4889 4828 

  0x0000770bb53f39e4: ;   {metadata(method data for {method} {0x0000770b53056360} 'requireNonNull' '(Ljava/lang/Object;)Ljava/lang/Object;' in 'java/util/Objects')}
  0x0000770bb53f39e4: 488b f048 | bf78 1801 | 4f0b 7700 | 0048 8387 | 5801 0000 | 0148 8bf0 | 4889 8424 | e800 0000 
  0x0000770bb53f3a04: ;   {optimized virtual_call}
  0x0000770bb53f3a04: 6666 90e8 

  0x0000770bb53f3a08: ; ImmutableOopMap {[136]=Oop [144]=Oop [152]=Oop [160]=Oop [168]=Oop [176]=Oop [184]=Oop [232]=Oop }
                      ;*invokespecial <init> {reexecute=0 rethrow=0 return_oop=0}
                      ; - java.util.Objects::requireNonNull@8 (line 233)
                      ; - java.lang.Module::isExported@1 (line 653)
                      ; - com.sun.javafx.fxml.MethodHelper::invoke@31 (line 62)
  0x0000770bb53f3a08: 741d 9906 

  0x0000770bb53f3a0c: ;   {other}
  0x0000770bb53f3a0c: 0f1f 8400 | fc0e 000e | 488b 8424 | e800 0000 | e9c8 0200 | 0049 8b87 | 0005 0000 | 4d33 d24d 
  0x0000770bb53f3a2c: 8997 0005 | 0000 4d33 | d24d 8997 | 0805 0000 

  0x0000770bb53f3a3c: ;   {metadata(method data for {method} {0x0000770b4f9d6198} 'invoke' '(Ljava/lang/reflect/Method;Ljava/lang/Object;[Ljava/lang/Object;)Ljava/lang/Object;' in 'com/sun/javafx/fxml/MethodHelper')}
  0x0000770bb53f3a3c: 48be 681d | 8050 0b77 | 0000 ff86 | 2005 0000 | e998 0200 

  0x0000770bb53f3a50: ;   {metadata({method} {0x0000770b4f9d6198} 'invoke' '(Ljava/lang/reflect/Method;Ljava/lang/Object;[Ljava/lang/Object;)Ljava/lang/Object;' in 'com/sun/javafx/fxml/MethodHelper')}
  0x0000770bb53f3a50: 0049 ba98 | 619d 4f0b | 7700 004c | 8954 2408 | 48c7 0424 | ffff ffff 

  0x0000770bb53f3a68: ;   {runtime_call counter_overflow Runtime1 stub}
  0x0000770bb53f3a68: e813 73a6 

  0x0000770bb53f3a6c: ; ImmutableOopMap {rsi=Oop rdx=Oop rcx=Oop [144]=Oop [152]=Oop [160]=Oop }
                      ;*synchronization entry
                      ; - com.sun.javafx.fxml.MethodHelper::invoke@-1 (line 54)
  0x0000770bb53f3a6c: 06e9 2cf4 

  0x0000770bb53f3a70: ;   {runtime_call throw_null_pointer_exception Runtime1 stub}
  0x0000770bb53f3a70: ffff e829 

  0x0000770bb53f3a74: ; ImmutableOopMap {rsi=Oop [144]=Oop [152]=Oop [160]=Oop }
                      ;*invokevirtual getDeclaringClass {reexecute=0 rethrow=0 return_oop=0}
                      ; - com.sun.javafx.fxml.MethodHelper::invoke@1 (line 54)
                      ;   {runtime_call throw_null_pointer_exception Runtime1 stub}
  0x0000770bb53f3a74: e4a5 06e8 

  0x0000770bb53f3a78: ; ImmutableOopMap {rsi=Oop rdi=Oop [136]=Oop [144]=Oop [152]=Oop [160]=Oop }
                      ;*invokevirtual getPackage {reexecute=0 rethrow=0 return_oop=0}
                      ; - com.sun.javafx.fxml.MethodHelper::invoke@6 (line 55)
  0x0000770bb53f3a78: 24e4 a506 

  0x0000770bb53f3a7c: ;   {runtime_call throw_null_pointer_exception Runtime1 stub}
  0x0000770bb53f3a7c: e81f e4a5 

  0x0000770bb53f3a80: ; ImmutableOopMap {rax=Oop [136]=Oop [144]=Oop [152]=Oop [160]=Oop }
                      ;*invokevirtual getName {reexecute=0 rethrow=0 return_oop=0}
                      ; - com.sun.javafx.fxml.MethodHelper::invoke@9 (line 55)
                      ;   {metadata({method} {0x0000770b5301cef8} 'getName' '()Ljava/lang/String;' in 'java/lang/Package')}
  0x0000770bb53f3a80: 0649 baf8 | ce01 530b | 7700 004c | 8954 2408 | 48c7 0424 | ffff ffff 

  0x0000770bb53f3a98: ;   {runtime_call counter_overflow Runtime1 stub}
  0x0000770bb53f3a98: e8e3 72a6 

  0x0000770bb53f3a9c: ; ImmutableOopMap {rax=Oop [136]=Oop [144]=Oop [152]=Oop [160]=Oop }
                      ;*synchronization entry
                      ; - java.lang.Package::getName@-1 (line 128)
                      ; - com.sun.javafx.fxml.MethodHelper::invoke@9 (line 55)
  0x0000770bb53f3a9c: 06e9 a2f4 

  0x0000770bb53f3aa0: ;   {runtime_call throw_null_pointer_exception Runtime1 stub}
  0x0000770bb53f3aa0: ffff e8f9 

  0x0000770bb53f3aa4: ; ImmutableOopMap {rdi=Oop rbx=Oop rax=Oop [136]=Oop [144]=Oop [152]=Oop [160]=Oop [168]=Oop [176]=Oop }
                      ;*getfield module {reexecute=1 rethrow=0 return_oop=0}
                      ; - (reexecute) java.lang.Class::getModule@1 (line 1013)
                      ; - com.sun.javafx.fxml.MethodHelper::invoke@22 (line 57)
                      ;   {runtime_call throw_null_pointer_exception Runtime1 stub}
  0x0000770bb53f3aa4: e3a5 06e8 

  0x0000770bb53f3aa8: ; ImmutableOopMap {rdi=Oop rbx=Oop rax=Oop r9=Oop [136]=Oop [144]=Oop [152]=Oop [160]=Oop [168]=Oop [176]=Oop [184]=Oop }
                      ;*invokevirtual isExported {reexecute=0 rethrow=0 return_oop=0}
                      ; - com.sun.javafx.fxml.MethodHelper::invoke@31 (line 62)
  0x0000770bb53f3aa8: f4e3 a506 

  0x0000770bb53f3aac: ;   {metadata({method} {0x0000770b53021528} 'isExported' '(Ljava/lang/String;)Z' in 'java/lang/Module')}
  0x0000770bb53f3aac: 49ba 2815 | 0253 0b77 | 0000 4c89 | 5424 0848 | c704 24ff 

  0x0000770bb53f3ac0: ;   {runtime_call counter_overflow Runtime1 stub}
  0x0000770bb53f3ac0: ffff ffe8 

  0x0000770bb53f3ac4: ; ImmutableOopMap {rdi=Oop rbx=Oop rax=Oop r9=Oop [136]=Oop [144]=Oop [152]=Oop [160]=Oop [168]=Oop [176]=Oop [184]=Oop }
                      ;*synchronization entry
                      ; - java.lang.Module::isExported@-1 (line 653)
                      ; - com.sun.javafx.fxml.MethodHelper::invoke@31 (line 62)
  0x0000770bb53f3ac4: b872 a606 | e9b8 f5ff 

  0x0000770bb53f3acc: ;   {metadata({method} {0x0000770b53056360} 'requireNonNull' '(Ljava/lang/Object;)Ljava/lang/Object;' in 'java/util/Objects')}
  0x0000770bb53f3acc: ff49 ba60 | 6305 530b | 7700 004c | 8954 2408 | 48c7 0424 | ffff ffff 

  0x0000770bb53f3ae4: ;   {runtime_call counter_overflow Runtime1 stub}
  0x0000770bb53f3ae4: e897 72a6 

  0x0000770bb53f3ae8: ; ImmutableOopMap {rdi=Oop rbx=Oop rax=Oop r9=Oop [136]=Oop [144]=Oop [152]=Oop [160]=Oop [168]=Oop [176]=Oop [184]=Oop }
                      ;*synchronization entry
                      ; - java.util.Objects::requireNonNull@-1 (line 232)
                      ; - java.lang.Module::isExported@1 (line 653)
                      ; - com.sun.javafx.fxml.MethodHelper::invoke@31 (line 62)
  0x0000770bb53f3ae8: 06e9 d0f5 

  0x0000770bb53f3aec: ;   {metadata({method} {0x0000770b53020770} 'isOpen' '(Ljava/lang/String;Ljava/lang/Module;)Z' in 'java/lang/Module')}
  0x0000770bb53f3aec: ffff 49ba | 7007 0253 | 0b77 0000 | 4c89 5424 | 0848 c704 | 24ff ffff 

  0x0000770bb53f3b04: ;   {runtime_call counter_overflow Runtime1 stub}
  0x0000770bb53f3b04: ffe8 7672 

  0x0000770bb53f3b08: ; ImmutableOopMap {rdi=Oop [136]=Oop [144]=Oop [152]=Oop [160]=Oop [168]=Oop [176]=Oop [184]=Oop }
                      ;*synchronization entry
                      ; - java.lang.Module::isOpen@-1 (line 629)
                      ; - com.sun.javafx.fxml.MethodHelper::invoke@43 (line 63)
  0x0000770bb53f3b08: a606 e997 

  0x0000770bb53f3b0c: ;   {metadata({method} {0x0000770b53056360} 'requireNonNull' '(Ljava/lang/Object;)Ljava/lang/Object;' in 'java/util/Objects')}
  0x0000770bb53f3b0c: f6ff ff49 | ba60 6305 | 530b 7700 | 004c 8954 | 2408 48c7 | 0424 ffff 

  0x0000770bb53f3b24: ;   {runtime_call counter_overflow Runtime1 stub}
  0x0000770bb53f3b24: ffff e855 

  0x0000770bb53f3b28: ; ImmutableOopMap {rdi=Oop [136]=Oop [144]=Oop [152]=Oop [160]=Oop [168]=Oop [176]=Oop [184]=Oop }
                      ;*synchronization entry
                      ; - java.util.Objects::requireNonNull@-1 (line 232)
                      ; - java.lang.Module::isOpen@1 (line 629)
                      ; - com.sun.javafx.fxml.MethodHelper::invoke@43 (line 63)
  0x0000770bb53f3b28: 72a6 06e9 | aff6 ffff 

  0x0000770bb53f3b30: ;   {metadata({method} {0x0000770b53056360} 'requireNonNull' '(Ljava/lang/Object;)Ljava/lang/Object;' in 'java/util/Objects')}
  0x0000770bb53f3b30: 49ba 6063 | 0553 0b77 | 0000 4c89 | 5424 0848 | c704 24ff 

  0x0000770bb53f3b44: ;   {runtime_call counter_overflow Runtime1 stub}
  0x0000770bb53f3b44: ffff ffe8 

  0x0000770bb53f3b48: ; ImmutableOopMap {rdi=Oop r9=Oop [136]=Oop [144]=Oop [152]=Oop [160]=Oop [168]=Oop [176]=Oop [184]=Oop }
                      ;*synchronization entry
                      ; - java.util.Objects::requireNonNull@-1 (line 232)
                      ; - java.lang.Module::isOpen@6 (line 630)
                      ; - com.sun.javafx.fxml.MethodHelper::invoke@43 (line 63)
  0x0000770bb53f3b48: 3472 a606 | e9fe f6ff 

  0x0000770bb53f3b50: ;   {metadata(nullptr)}
  0x0000770bb53f3b50: ff48 ba00 | 0000 0000 | 0000 00b8 | 000f 050a 

  0x0000770bb53f3b60: ;   {runtime_call load_klass_patching Runtime1 stub}
  0x0000770bb53f3b60: e81b 5da6 

  0x0000770bb53f3b64: ; ImmutableOopMap {r9=Oop rdi=Oop [136]=Oop [168]=Oop [176]=Oop [184]=Oop }
                      ;*new {reexecute=1 rethrow=0 return_oop=0}
                      ; - (reexecute) com.sun.javafx.fxml.MethodHelper::invoke@49 (line 64)
  0x0000770bb53f3b64: 06e9 96f7 

  0x0000770bb53f3b68: ;   {runtime_call throw_null_pointer_exception Runtime1 stub}
  0x0000770bb53f3b68: ffff e831 

  0x0000770bb53f3b6c: ; ImmutableOopMap {r9=Oop rbx=Oop [136]=Oop [168]=Oop [176]=Oop [184]=Oop }
                      ;*new {reexecute=0 rethrow=0 return_oop=0}
                      ; - com.sun.javafx.fxml.MethodHelper::invoke@49 (line 64)
  0x0000770bb53f3b6c: e3a5 0648 

  0x0000770bb53f3b70: ;   {runtime_call fast_new_instance_init_check Runtime1 stub}
  0x0000770bb53f3b70: 8bd2 e809 

  0x0000770bb53f3b74: ; ImmutableOopMap {r9=Oop rbx=Oop [136]=Oop [168]=Oop [176]=Oop [184]=Oop }
                      ;*new {reexecute=0 rethrow=0 return_oop=0}
                      ; - com.sun.javafx.fxml.MethodHelper::invoke@49 (line 64)
  0x0000770bb53f3b74: 01a6 06e9 | ecf7 ffff 

  0x0000770bb53f3b7c: ;   {runtime_call throw_null_pointer_exception Runtime1 stub}
  0x0000770bb53f3b7c: e81f e3a5 

  0x0000770bb53f3b80: ; ImmutableOopMap {r9=Oop rbx=Oop rax=Oop [136]=Oop [168]=Oop [176]=Oop [184]=Oop [200]=Oop }
                      ;*invokevirtual getName {reexecute=0 rethrow=0 return_oop=0}
                      ; - com.sun.javafx.fxml.MethodHelper::invoke@55 (line 65)
                      ;   {metadata({method} {0x0000770b53469710} 'getName' '()Ljava/lang/String;' in 'java/lang/Class')}
  0x0000770bb53f3b80: 0649 ba10 | 9746 530b | 7700 004c | 8954 2408 | 48c7 0424 | ffff ffff 

  0x0000770bb53f3b98: ;   {runtime_call counter_overflow Runtime1 stub}
  0x0000770bb53f3b98: e8e3 71a6 

  0x0000770bb53f3b9c: ; ImmutableOopMap {r9=Oop rbx=Oop rax=Oop rdi=Oop [136]=Oop [168]=Oop [176]=Oop [184]=Oop [200]=Oop }
                      ;*synchronization entry
                      ; - java.lang.Class::getName@-1 (line 949)
                      ; - com.sun.javafx.fxml.MethodHelper::invoke@59 (line 66)
  0x0000770bb53f3b9c: 06e9 2af8 

  0x0000770bb53f3ba0: ;   {metadata({method} {0x0000770b53020770} 'isOpen' '(Ljava/lang/String;Ljava/lang/Module;)Z' in 'java/lang/Module')}
  0x0000770bb53f3ba0: ffff 49ba | 7007 0253 | 0b77 0000 | 4c89 5424 | 0848 c704 | 24ff ffff 

  0x0000770bb53f3bb8: ;   {runtime_call counter_overflow Runtime1 stub}
  0x0000770bb53f3bb8: ffe8 c271 

  0x0000770bb53f3bbc: ; ImmutableOopMap {rdi=Oop [144]=Oop [152]=Oop [160]=Oop [168]=Oop [176]=Oop }
                      ;*synchronization entry
                      ; - java.lang.Module::isOpen@-1 (line 629)
                      ; - com.sun.javafx.fxml.MethodHelper::invoke@95 (line 72)
  0x0000770bb53f3bbc: a606 e9e2 

  0x0000770bb53f3bc0: ;   {metadata({method} {0x0000770b53056360} 'requireNonNull' '(Ljava/lang/Object;)Ljava/lang/Object;' in 'java/util/Objects')}
  0x0000770bb53f3bc0: f8ff ff49 | ba60 6305 | 530b 7700 | 004c 8954 | 2408 48c7 | 0424 ffff 

  0x0000770bb53f3bd8: ;   {runtime_call counter_overflow Runtime1 stub}
  0x0000770bb53f3bd8: ffff e8a1 

  0x0000770bb53f3bdc: ; ImmutableOopMap {rdi=Oop [144]=Oop [152]=Oop [160]=Oop [168]=Oop [176]=Oop }
                      ;*synchronization entry
                      ; - java.util.Objects::requireNonNull@-1 (line 232)
                      ; - java.lang.Module::isOpen@1 (line 629)
                      ; - com.sun.javafx.fxml.MethodHelper::invoke@95 (line 72)
  0x0000770bb53f3bdc: 71a6 06e9 | faf8 ffff 

  0x0000770bb53f3be4: ;   {metadata({method} {0x0000770b53056360} 'requireNonNull' '(Ljava/lang/Object;)Ljava/lang/Object;' in 'java/util/Objects')}
  0x0000770bb53f3be4: 49ba 6063 | 0553 0b77 | 0000 4c89 | 5424 0848 | c704 24ff 

  0x0000770bb53f3bf8: ;   {runtime_call counter_overflow Runtime1 stub}
  0x0000770bb53f3bf8: ffff ffe8 

  0x0000770bb53f3bfc: ; ImmutableOopMap {rdi=Oop [144]=Oop [152]=Oop [160]=Oop [168]=Oop [176]=Oop }
                      ;*synchronization entry
                      ; - java.util.Objects::requireNonNull@-1 (line 232)
                      ; - java.lang.Module::isOpen@6 (line 630)
                      ; - com.sun.javafx.fxml.MethodHelper::invoke@95 (line 72)
  0x0000770bb53f3bfc: 8071 a606 | e941 f9ff 

  0x0000770bb53f3c04: ;   {internal_word}
  0x0000770bb53f3c04: ff49 ba8c | 363f b50b | 7700 004d | 8997 6804 

  0x0000770bb53f3c14: ;   {runtime_call SafepointBlob}
  0x0000770bb53f3c14: 0000 e9e5 

  0x0000770bb53f3c18: ;   {metadata(nullptr)}
  0x0000770bb53f3c18: 9799 0648 | ba00 0000 | 0000 0000 | 00b8 000f 

  0x0000770bb53f3c28: ;   {runtime_call load_klass_patching Runtime1 stub}
  0x0000770bb53f3c28: 050a e851 

  0x0000770bb53f3c2c: ; ImmutableOopMap {[144]=Oop [152]=Oop [160]=Oop [168]=Oop [176]=Oop }
                      ;*new {reexecute=1 rethrow=0 return_oop=0}
                      ; - (reexecute) java.util.Objects::requireNonNull@4 (line 233)
                      ; - java.lang.Module::isOpen@1 (line 629)
                      ; - com.sun.javafx.fxml.MethodHelper::invoke@95 (line 72)
  0x0000770bb53f3c2c: 5ca6 06e9 | 6cfa ffff 

  0x0000770bb53f3c34: ;   {runtime_call fast_new_instance Runtime1 stub}
  0x0000770bb53f3c34: 488b d2e8 

  0x0000770bb53f3c38: ; ImmutableOopMap {[144]=Oop [152]=Oop [160]=Oop [168]=Oop [176]=Oop }
                      ;*new {reexecute=0 rethrow=0 return_oop=0}
                      ; - java.util.Objects::requireNonNull@4 (line 233)
                      ; - java.lang.Module::isOpen@1 (line 629)
                      ; - com.sun.javafx.fxml.MethodHelper::invoke@95 (line 72)
  0x0000770bb53f3c38: c4fc a506 | e9bb faff | ff49 bd00 | 0000 0000 | 0000 00b8 | 000f 050a 

  0x0000770bb53f3c50: ;   {runtime_call load_appendix_patching Runtime1 stub}
  0x0000770bb53f3c50: e82b 68a6 

  0x0000770bb53f3c54: ; ImmutableOopMap {rbx=Oop rdi=Oop r8=Oop rax=Oop [176]=Oop [200]=Oop }
                      ;*invokedynamic {reexecute=1 rethrow=0 return_oop=0}
                      ; - (reexecute) com.sun.javafx.fxml.MethodHelper::invoke@79 (line 70)
  0x0000770bb53f3c54: 06e9 46fb 

  0x0000770bb53f3c58: ;   {metadata(nullptr)}
  0x0000770bb53f3c58: ffff 48ba | 0000 0000 | 0000 0000 | b800 0f05 

  0x0000770bb53f3c68: ;   {runtime_call load_klass_patching Runtime1 stub}
  0x0000770bb53f3c68: 0ae8 125c 

  0x0000770bb53f3c6c: ; ImmutableOopMap {[136]=Oop [144]=Oop [152]=Oop [160]=Oop [168]=Oop [176]=Oop [184]=Oop }
                      ;*new {reexecute=1 rethrow=0 return_oop=0}
                      ; - (reexecute) java.util.Objects::requireNonNull@4 (line 233)
                      ; - java.lang.Module::isOpen@6 (line 630)
                      ; - com.sun.javafx.fxml.MethodHelper::invoke@43 (line 63)
  0x0000770bb53f3c6c: a606 e9d5 | fbff ff48 

  0x0000770bb53f3c74: ;   {runtime_call fast_new_instance Runtime1 stub}
  0x0000770bb53f3c74: 8bd2 e885 

  0x0000770bb53f3c78: ; ImmutableOopMap {[136]=Oop [144]=Oop [152]=Oop [160]=Oop [168]=Oop [176]=Oop [184]=Oop }
                      ;*new {reexecute=0 rethrow=0 return_oop=0}
                      ; - java.util.Objects::requireNonNull@4 (line 233)
                      ; - java.lang.Module::isOpen@6 (line 630)
                      ; - com.sun.javafx.fxml.MethodHelper::invoke@43 (line 63)
  0x0000770bb53f3c78: fca5 06e9 | 24fc ffff 

  0x0000770bb53f3c80: ;   {metadata(nullptr)}
  0x0000770bb53f3c80: 48ba 0000 | 0000 0000 | 0000 b800 

  0x0000770bb53f3c8c: ;   {runtime_call load_klass_patching Runtime1 stub}
  0x0000770bb53f3c8c: 0f05 0ae8 

  0x0000770bb53f3c90: ; ImmutableOopMap {[136]=Oop [144]=Oop [152]=Oop [160]=Oop [168]=Oop [176]=Oop [184]=Oop }
                      ;*new {reexecute=1 rethrow=0 return_oop=0}
                      ; - (reexecute) java.util.Objects::requireNonNull@4 (line 233)
                      ; - java.lang.Module::isOpen@1 (line 629)
                      ; - com.sun.javafx.fxml.MethodHelper::invoke@43 (line 63)
  0x0000770bb53f3c90: ec5b a606 | e94f fcff | ff48 8bd2 

  0x0000770bb53f3c9c: ;   {runtime_call fast_new_instance Runtime1 stub}
  0x0000770bb53f3c9c: e85f fca5 

  0x0000770bb53f3ca0: ; ImmutableOopMap {[136]=Oop [144]=Oop [152]=Oop [160]=Oop [168]=Oop [176]=Oop [184]=Oop }
                      ;*new {reexecute=0 rethrow=0 return_oop=0}
                      ; - java.util.Objects::requireNonNull@4 (line 233)
                      ; - java.lang.Module::isOpen@1 (line 629)
                      ; - com.sun.javafx.fxml.MethodHelper::invoke@43 (line 63)
  0x0000770bb53f3ca0: 06e9 9efc 

  0x0000770bb53f3ca4: ;   {metadata(nullptr)}
  0x0000770bb53f3ca4: ffff 48ba | 0000 0000 | 0000 0000 | b800 0f05 

  0x0000770bb53f3cb4: ;   {runtime_call load_klass_patching Runtime1 stub}
  0x0000770bb53f3cb4: 0ae8 c65b 

  0x0000770bb53f3cb8: ; ImmutableOopMap {[136]=Oop [144]=Oop [152]=Oop [160]=Oop [168]=Oop [176]=Oop [184]=Oop }
                      ;*new {reexecute=1 rethrow=0 return_oop=0}
                      ; - (reexecute) java.util.Objects::requireNonNull@4 (line 233)
                      ; - java.lang.Module::isExported@1 (line 653)
                      ; - com.sun.javafx.fxml.MethodHelper::invoke@31 (line 62)
  0x0000770bb53f3cb8: a606 e9c9 | fcff ff48 

  0x0000770bb53f3cc0: ;   {runtime_call fast_new_instance Runtime1 stub}
  0x0000770bb53f3cc0: 8bd2 e839 

  0x0000770bb53f3cc4: ; ImmutableOopMap {[136]=Oop [144]=Oop [152]=Oop [160]=Oop [168]=Oop [176]=Oop [184]=Oop }
                      ;*new {reexecute=0 rethrow=0 return_oop=0}
                      ; - java.util.Objects::requireNonNull@4 (line 233)
                      ; - java.lang.Module::isExported@1 (line 653)
                      ; - com.sun.javafx.fxml.MethodHelper::invoke@31 (line 62)
  0x0000770bb53f3cc4: fca5 06e9 | 18fd ffff | 498b 8700 | 0500 0049 | c787 0005 | 0000 0000 | 0000 49c7 | 8708 0500 
  0x0000770bb53f3ce4: 0000 0000 | 0048 81c4 | 0001 0000 

  0x0000770bb53f3cf0: ;   {runtime_call unwind_exception Runtime1 stub}
  0x0000770bb53f3cf0: 5de9 8ad2 | a506 f4f4 
[Stub Code]
  0x0000770bb53f3cf8: ;   {no_reloc}
  0x0000770bb53f3cf8: 0f1f 4400 

  0x0000770bb53f3cfc: ;   {static_stub}
  0x0000770bb53f3cfc: 0048 bb00 | 0000 0000 

  0x0000770bb53f3d04: ;   {runtime_call nmethod}
  0x0000770bb53f3d04: 0000 00e9 | fbff ffff 

  0x0000770bb53f3d0c: ;   {static_stub}
  0x0000770bb53f3d0c: 9048 bb00 | 0000 0000 

  0x0000770bb53f3d14: ;   {runtime_call nmethod}
  0x0000770bb53f3d14: 0000 00e9 | fbff ffff 

  0x0000770bb53f3d1c: ;   {static_stub}
  0x0000770bb53f3d1c: 48bb 0000 | 0000 0000 

  0x0000770bb53f3d24: ;   {runtime_call nmethod}
  0x0000770bb53f3d24: 0000 e9fb 

  0x0000770bb53f3d28: ;   {static_stub}
  0x0000770bb53f3d28: ffff ff48 | bb00 0000 | 0000 0000 

  0x0000770bb53f3d34: ;   {runtime_call nmethod}
  0x0000770bb53f3d34: 00e9 fbff 

  0x0000770bb53f3d38: ;   {static_stub}
  0x0000770bb53f3d38: ffff 48bb | 0000 0000 | 0000 0000 

  0x0000770bb53f3d44: ;   {runtime_call nmethod}
  0x0000770bb53f3d44: e9fb ffff 

  0x0000770bb53f3d48: ;   {static_stub}
  0x0000770bb53f3d48: ff48 bb00 | 0000 0000 

  0x0000770bb53f3d50: ;   {runtime_call nmethod}
  0x0000770bb53f3d50: 0000 00e9 | fbff ffff 

  0x0000770bb53f3d58: ;   {static_stub}
  0x0000770bb53f3d58: 48bb 0000 | 0000 0000 

  0x0000770bb53f3d60: ;   {runtime_call nmethod}
  0x0000770bb53f3d60: 0000 e9fb 

  0x0000770bb53f3d64: ;   {static_stub}
  0x0000770bb53f3d64: ffff ff48 | bb78 5d9d | 4f0b 7700 

  0x0000770bb53f3d70: ;   {runtime_call I2C/C2I adapters}
  0x0000770bb53f3d70: 00e9 95dc 

  0x0000770bb53f3d74: ;   {static_stub}
  0x0000770bb53f3d74: 9806 48bb | 0000 0000 | 0000 0000 

  0x0000770bb53f3d80: ;   {runtime_call nmethod}
  0x0000770bb53f3d80: e9fb ffff 

  0x0000770bb53f3d84: ;   {runtime_call handle_exception_from_callee Runtime1 stub}
  0x0000770bb53f3d84: ffe8 f618 

  0x0000770bb53f3d88: ;   {external_word}
  0x0000770bb53f3d88: a606 48bf | 5321 12d4 | 0b77 0000 | 4883 e4f0 

  0x0000770bb53f3d98: ;   {runtime_call MacroAssembler::debug64(char*, long, long*)}
  0x0000770bb53f3d98: e8a3 8d80 

  0x0000770bb53f3d9c: ;   {section_word}
  0x0000770bb53f3d9c: 1ef4 49ba | 9e3d 3fb5 | 0b77 0000 

  0x0000770bb53f3da8: ;   {runtime_call DeoptimizationBlob}
  0x0000770bb53f3da8: 4152 e9f1 | aa99 06f4 
[/MachCode]


---------------  P R O C E S S  ---------------

Threads class SMR info:
_java_thread_list=0x0000770b200ab8e0, length=21, elements={
0x0000770bcc01b8a0, 0x0000770bcc151080, 0x0000770bcc152600, 0x0000770bcc153db0,
0x0000770bcc155400, 0x0000770bcc1569b0, 0x0000770bcc158500, 0x0000770bcc159bd0,
0x0000770bcc170290, 0x0000770bcc1c9580, 0x0000770bcc2a1b70, 0x0000770bcc3fffa0,
0x0000770bcc3d2230, 0x0000770bcc46c830, 0x0000770ae819a800, 0x0000770ae819dfb0,
0x0000770aea092210, 0x0000770aea0fc1b0, 0x0000770aea219560, 0x0000770a9c03e290,
0x0000770b1ce26630
}

Java Threads: ( => current thread )
  0x0000770bcc01b8a0 JavaThread "main"                              [_thread_blocked, id=16550, stack(0x0000770bd2b00000,0x0000770bd2c00000) (1024K)]
  0x0000770bcc151080 JavaThread "Reference Handler"          daemon [_thread_blocked, id=16558, stack(0x0000770bd012f000,0x0000770bd022f000) (1024K)]
  0x0000770bcc152600 JavaThread "Finalizer"                  daemon [_thread_blocked, id=16559, stack(0x0000770bd002f000,0x0000770bd012f000) (1024K)]
  0x0000770bcc153db0 JavaThread "Signal Dispatcher"          daemon [_thread_blocked, id=16560, stack(0x0000770bcbf00000,0x0000770bcc000000) (1024K)]
  0x0000770bcc155400 JavaThread "Service Thread"             daemon [_thread_blocked, id=16561, stack(0x0000770bb0500000,0x0000770bb0600000) (1024K)]
  0x0000770bcc1569b0 JavaThread "Monitor Deflation Thread"   daemon [_thread_blocked, id=16562, stack(0x0000770bb0400000,0x0000770bb0500000) (1024K)]
  0x0000770bcc158500 JavaThread "C2 CompilerThread0"         daemon [_thread_blocked, id=16563, stack(0x0000770bb0300000,0x0000770bb0400000) (1024K)]
  0x0000770bcc159bd0 JavaThread "C1 CompilerThread0"         daemon [_thread_blocked, id=16564, stack(0x0000770bb0200000,0x0000770bb0300000) (1024K)]
  0x0000770bcc170290 JavaThread "Common-Cleaner"             daemon [_thread_blocked, id=16565, stack(0x0000770bb002f000,0x0000770bb012f000) (1024K)]
  0x0000770bcc1c9580 JavaThread "Notification Thread"        daemon [_thread_blocked, id=16568, stack(0x0000770ba1d00000,0x0000770ba1e00000) (1024K)]
  0x0000770bcc2a1b70 JavaThread "QuantumRenderer-0"          daemon [_thread_blocked, id=16569, stack(0x0000770ba1c00000,0x0000770ba1d00000) (1024K)]
  0x0000770bcc3fffa0 JavaThread "InvokeLaterDispatcher"      daemon [_thread_blocked, id=16578, stack(0x0000770afe6ff000,0x0000770afe7ff000) (1024K)]
=>0x0000770bcc3d2230 JavaThread "JavaFX Application Thread"         [_thread_in_vm, id=16579, stack(0x0000770afe5ff000,0x0000770afe6ff000) (1024K)]
  0x0000770bcc46c830 JavaThread "JavaFX-Launcher"                   [_thread_blocked, id=16585, stack(0x0000770afc3ba000,0x0000770afc4ba000) (1024K)]
  0x0000770ae819a800 JavaThread "process reaper"             daemon [_thread_blocked, id=16592, stack(0x0000770b0c015000,0x0000770b0c037000) (136K)]
  0x0000770ae819dfb0 JavaThread "JNA Cleaner"                daemon [_thread_blocked, id=16593, stack(0x0000770adf4fd000,0x0000770adf5fd000) (1024K)]
  0x0000770aea092210 JavaThread "ForkJoinPool.commonPool-worker-1" daemon [_thread_blocked, id=16601, stack(0x0000770add373000,0x0000770add473000) (1024K)]
  0x0000770aea0fc1b0 JavaThread "JNativeHook Hook Thread"           [_thread_in_native, id=16602, stack(0x0000770add193000,0x0000770add293000) (1024K)]
  0x0000770aea219560 JavaThread "Prism Font Disposer"        daemon [_thread_blocked, id=16606, stack(0x0000770adcf14000,0x0000770add014000) (1024K)]
  0x0000770a9c03e290 JavaThread "JNativeHook Dispatch Thread" daemon [_thread_blocked, id=16609, stack(0x0000770aa8353000,0x0000770aa8453000) (1024K)]
  0x0000770b1ce26630 JavaThread "Cleaner-0"                  daemon [_thread_blocked, id=16610, stack(0x0000770aa8053000,0x0000770aa8153000) (1024K)]
Total: 21

Other Threads:
  0x0000770bcc147aa0 VMThread "VM Thread"                           [id=16557, stack(0x0000770bd0230000,0x0000770bd0330000) (1024K)]
  0x0000770bcc135c80 WatcherThread "VM Periodic Task Thread"        [id=16556, stack(0x0000770bd0331000,0x0000770bd0431000) (1024K)]
  0x0000770bcc081710 WorkerThread "GC Thread#0"                     [id=16551, stack(0x0000770bd111a000,0x0000770bd121a000) (1024K)]
  0x0000770b48007a30 WorkerThread "GC Thread#1"                     [id=16586, stack(0x0000770afc2ba000,0x0000770afc3ba000) (1024K)]
  0x0000770b480085d0 WorkerThread "GC Thread#2"                     [id=16587, stack(0x0000770afc1b9000,0x0000770afc2b9000) (1024K)]
  0x0000770b48009170 WorkerThread "GC Thread#3"                     [id=16588, stack(0x0000770afc0b8000,0x0000770afc1b8000) (1024K)]
  0x0000770b48009d10 WorkerThread "GC Thread#4"                     [id=16589, stack(0x0000770adf6ff000,0x0000770adf7ff000) (1024K)]
  0x0000770b4800a8d0 WorkerThread "GC Thread#5"                     [id=16590, stack(0x0000770adf5fe000,0x0000770adf6fe000) (1024K)]
  0x0000770b4800d040 WorkerThread "GC Thread#6"                     [id=16599, stack(0x0000770addb0d000,0x0000770addc0d000) (1024K)]
  0x0000770b4800d800 WorkerThread "GC Thread#7"                     [id=16600, stack(0x0000770add700000,0x0000770add800000) (1024K)]
  0x0000770bcc091cd0 ConcurrentGCThread "G1 Main Marker"            [id=16552, stack(0x0000770bd1019000,0x0000770bd1119000) (1024K)]
  0x0000770bcc092b90 WorkerThread "G1 Conc#0"                       [id=16553, stack(0x0000770bd0f18000,0x0000770bd1018000) (1024K)]
  0x0000770ba4000d80 WorkerThread "G1 Conc#1"                       [id=16605, stack(0x0000770add093000,0x0000770add193000) (1024K)]
  0x0000770bcc1232b0 ConcurrentGCThread "G1 Refine#0"               [id=16554, stack(0x0000770bd060f000,0x0000770bd070f000) (1024K)]
  0x0000770bcc124190 ConcurrentGCThread "G1 Service"                [id=16555, stack(0x0000770bd050e000,0x0000770bd060e000) (1024K)]
Total: 15

Threads with active compile tasks:
Total: 0

VM state: not at safepoint (normal execution)

VM Mutex/Monitor currently owned by a thread: None

Heap address: 0x000000070f800000, size: 3848 MB, Compressed Oops mode: Zero based, Oop shift amount: 3

CDS archive(s) mapped at: [0x0000770b53000000-0x0000770b53c9c000-0x0000770b53c9c000), size 13221888, SharedBaseAddress: 0x0000770b53000000, ArchiveRelocationMode: 1.
Compressed class space mapped at: 0x0000770b54000000-0x0000770b94000000, reserved size: 1073741824
Narrow klass base: 0x0000770b53000000, Narrow klass shift: 0, Narrow klass range: 0x100000000

GC Precious Log:
 CardTable entry size: 512
 Card Set container configuration: InlinePtr #cards 4 size 8 Array Of Cards #cards 16 size 48 Howl #buckets 8 coarsen threshold 3686 Howl Bitmap #cards 512 size 80 coarsen threshold 460 Card regions per heap region 1 cards per card region 4096
 CPUs: 8 total, 8 available
 Memory: 15386M
 Large Page Support: Disabled
 NUMA Support: Disabled
 Compressed Oops: Enabled (Zero based)
 Heap Region Size: 2M
 Heap Min Capacity: 8M
 Heap Initial Capacity: 242M
 Heap Max Capacity: 3848M
 Pre-touch: Disabled
 Parallel Workers: 8
 Concurrent Workers: 2
 Concurrent Refinement Workers: 8
 Periodic GC: Disabled

Heap:
 garbage-first heap   total 81920K, used 60823K [0x000000070f800000, 0x0000000800000000)
  region size 2048K, 18 young (36864K), 3 survivors (6144K)
 Metaspace       used 29377K, committed 29824K, reserved 1114112K
  class space    used 4158K, committed 4352K, reserved 1048576K

Heap Regions: E=young(eden), S=young(survivor), O=old, HS=humongous(starts), HC=humongous(continues), CS=collection set, F=free, TAMS=top-at-mark-start, PB=parsable bottom
|   0|0x000000070f800000, 0x000000070fa00000, 0x000000070fa00000|100%| O|  |TAMS 0x000000070f800000| PB 0x000000070f800000| Untracked 
|   1|0x000000070fa00000, 0x000000070fc00000, 0x000000070fc00000|100%|HS|  |TAMS 0x000000070fa00000| PB 0x000000070fa00000| Complete 
|   2|0x000000070fc00000, 0x000000070fe00000, 0x000000070fe00000|100%| O|  |TAMS 0x000000070fc00000| PB 0x000000070fc00000| Untracked 
|   3|0x000000070fe00000, 0x0000000710000000, 0x0000000710000000|100%| O|  |TAMS 0x000000070fe00000| PB 0x000000070fe00000| Untracked 
|   4|0x0000000710000000, 0x0000000710200000, 0x0000000710200000|100%|HS|  |TAMS 0x0000000710000000| PB 0x0000000710000000| Complete 
|   5|0x0000000710200000, 0x0000000710400000, 0x0000000710400000|100%|HC|  |TAMS 0x0000000710200000| PB 0x0000000710200000| Complete 
|   6|0x0000000710400000, 0x0000000710600000, 0x0000000710600000|100%| O|  |TAMS 0x0000000710400000| PB 0x0000000710400000| Untracked 
|   7|0x0000000710600000, 0x0000000710800000, 0x0000000710800000|100%| O|  |TAMS 0x0000000710600000| PB 0x0000000710600000| Untracked 
|   8|0x0000000710800000, 0x0000000710a00000, 0x0000000710a00000|100%| O|  |TAMS 0x0000000710800000| PB 0x0000000710800000| Untracked 
|   9|0x0000000710a00000, 0x0000000710a59920, 0x0000000710c00000| 17%| O|  |TAMS 0x0000000710a00000| PB 0x0000000710a00000| Untracked 
|  10|0x0000000710c00000, 0x0000000710e00000, 0x0000000710e00000|100%| S|CS|TAMS 0x0000000710c00000| PB 0x0000000710c00000| Complete 
|  11|0x0000000710e00000, 0x0000000711000000, 0x0000000711000000|100%| S|CS|TAMS 0x0000000710e00000| PB 0x0000000710e00000| Complete 
|  12|0x0000000711000000, 0x0000000711200000, 0x0000000711200000|100%| S|CS|TAMS 0x0000000711000000| PB 0x0000000711000000| Complete 
|  13|0x0000000711200000, 0x0000000711400000, 0x0000000711400000|100%|HS|  |TAMS 0x0000000711200000| PB 0x0000000711200000| Complete 
|  14|0x0000000711400000, 0x0000000711400000, 0x0000000711600000|  0%| F|  |TAMS 0x0000000711400000| PB 0x0000000711400000| Untracked 
|  15|0x0000000711600000, 0x0000000711600000, 0x0000000711800000|  0%| F|  |TAMS 0x0000000711600000| PB 0x0000000711600000| Untracked 
|  16|0x0000000711800000, 0x0000000711800000, 0x0000000711a00000|  0%| F|  |TAMS 0x0000000711800000| PB 0x0000000711800000| Untracked 
|  17|0x0000000711a00000, 0x0000000711a00000, 0x0000000711c00000|  0%| F|  |TAMS 0x0000000711a00000| PB 0x0000000711a00000| Untracked 
|  18|0x0000000711c00000, 0x0000000711c00000, 0x0000000711e00000|  0%| F|  |TAMS 0x0000000711c00000| PB 0x0000000711c00000| Untracked 
|  19|0x0000000711e00000, 0x0000000711e00000, 0x0000000712000000|  0%| F|  |TAMS 0x0000000711e00000| PB 0x0000000711e00000| Untracked 
|  20|0x0000000712000000, 0x0000000712000000, 0x0000000712200000|  0%| F|  |TAMS 0x0000000712000000| PB 0x0000000712000000| Untracked 
|  21|0x0000000712200000, 0x0000000712200000, 0x0000000712400000|  0%| F|  |TAMS 0x0000000712200000| PB 0x0000000712200000| Untracked 
|  22|0x0000000712400000, 0x000000071250b2a8, 0x0000000712600000| 52%| E|  |TAMS 0x0000000712400000| PB 0x0000000712400000| Complete 
|  23|0x0000000712600000, 0x0000000712800000, 0x0000000712800000|100%| E|CS|TAMS 0x0000000712600000| PB 0x0000000712600000| Complete 
|  24|0x0000000712800000, 0x0000000712a00000, 0x0000000712a00000|100%| E|CS|TAMS 0x0000000712800000| PB 0x0000000712800000| Complete 
|  25|0x0000000712a00000, 0x0000000712c00000, 0x0000000712c00000|100%| E|CS|TAMS 0x0000000712a00000| PB 0x0000000712a00000| Complete 
|  26|0x0000000712c00000, 0x0000000712e00000, 0x0000000712e00000|100%| E|CS|TAMS 0x0000000712c00000| PB 0x0000000712c00000| Complete 
|  27|0x0000000712e00000, 0x0000000713000000, 0x0000000713000000|100%| E|CS|TAMS 0x0000000712e00000| PB 0x0000000712e00000| Complete 
|  28|0x0000000713000000, 0x0000000713200000, 0x0000000713200000|100%| E|CS|TAMS 0x0000000713000000| PB 0x0000000713000000| Complete 
|  29|0x0000000713200000, 0x0000000713400000, 0x0000000713400000|100%| E|CS|TAMS 0x0000000713200000| PB 0x0000000713200000| Complete 
|  75|0x0000000718e00000, 0x0000000719000000, 0x0000000719000000|100%| E|CS|TAMS 0x0000000718e00000| PB 0x0000000718e00000| Complete 
|  76|0x0000000719000000, 0x0000000719200000, 0x0000000719200000|100%| E|CS|TAMS 0x0000000719000000| PB 0x0000000719000000| Complete 
|  77|0x0000000719200000, 0x0000000719400000, 0x0000000719400000|100%| E|CS|TAMS 0x0000000719200000| PB 0x0000000719200000| Complete 
|  78|0x0000000719400000, 0x0000000719600000, 0x0000000719600000|100%| E|CS|TAMS 0x0000000719400000| PB 0x0000000719400000| Complete 
|  79|0x0000000719600000, 0x0000000719800000, 0x0000000719800000|100%| E|CS|TAMS 0x0000000719600000| PB 0x0000000719600000| Complete 
|  80|0x0000000719800000, 0x0000000719a00000, 0x0000000719a00000|100%| E|CS|TAMS 0x0000000719800000| PB 0x0000000719800000| Complete 
| 120|0x000000071e800000, 0x000000071ea00000, 0x000000071ea00000|100%| E|CS|TAMS 0x000000071e800000| PB 0x000000071e800000| Complete 
|1921|0x00000007ffa00000, 0x00000007ffc00000, 0x00000007ffc00000|100%| O|  |TAMS 0x00000007ffa00000| PB 0x00000007ffa00000| Untracked 
|1922|0x00000007ffc00000, 0x00000007ffe00000, 0x00000007ffe00000|100%| O|  |TAMS 0x00000007ffc00000| PB 0x00000007ffc00000| Untracked 
|1923|0x00000007ffe00000, 0x00000007fff0c610, 0x0000000800000000| 52%| O|  |TAMS 0x00000007ffe00000| PB 0x00000007ffe00000| Untracked 

Card table byte_map: [0x0000770bd121a000,0x0000770bd199e000] _byte_map_base: 0x0000770bcd99e000

Marking Bits: (CMBitMap*) 0x0000770bcc082160
 Bits: [0x0000770bb0be0000, 0x0000770bb4800000)

Polling page: 0x0000770bd488b000

Metaspace:

Usage:
  Non-class:     24,63 MB used.
      Class:      4,06 MB used.
       Both:     28,69 MB used.

Virtual space:
  Non-class space:       64,00 MB reserved,      24,88 MB ( 39%) committed,  1 nodes.
      Class space:        1,00 GB reserved,       4,25 MB ( <1%) committed,  1 nodes.
             Both:        1,06 GB reserved,      29,12 MB (  3%) committed. 

Chunk freelists:
   Non-Class:  6,89 MB
       Class:  11,72 MB
        Both:  18,61 MB

MaxMetaspaceSize: unlimited
CompressedClassSpaceSize: 1,00 GB
Initial GC threshold: 21,00 MB
Current GC threshold: 35,44 MB
CDS: on
 - commit_granule_bytes: 65536.
 - commit_granule_words: 8192.
 - virtual_space_node_default_size: 8388608.
 - enlarge_chunks_in_place: 1.
 - use_allocation_guard: 0.


Internal statistics:

num_allocs_failed_limit: 3.
num_arena_births: 532.
num_arena_deaths: 0.
num_vsnodes_births: 2.
num_vsnodes_deaths: 0.
num_space_committed: 466.
num_space_uncommitted: 0.
num_chunks_returned_to_freelist: 3.
num_chunks_taken_from_freelist: 1546.
num_chunk_merges: 3.
num_chunk_splits: 1078.
num_chunks_enlarged: 790.
num_inconsistent_stats: 0.

CodeHeap 'non-profiled nmethods': size=120028Kb used=3965Kb max_used=3965Kb free=116062Kb
 bounds [0x0000770bbc2c9000, 0x0000770bbc6a9000, 0x0000770bc3800000]
CodeHeap 'profiled nmethods': size=120028Kb used=14791Kb max_used=14791Kb free=105236Kb
 bounds [0x0000770bb4800000, 0x0000770bb5680000, 0x0000770bbbd37000]
CodeHeap 'non-nmethods': size=5704Kb used=2097Kb max_used=2147Kb free=3606Kb
 bounds [0x0000770bbbd37000, 0x0000770bbbfa7000, 0x0000770bbc2c9000]
CodeCache: size=245760Kb, used=20853Kb, max_used=20903Kb, free=224904Kb
 total_blobs=7642, nmethods=6747, adapters=798, full_count=0
Compilation: enabled, stopped_count=0, restarted_count=0

Compilation events (20 events):
Event: 11,385 Thread 0x0000770bcc159bd0 6741       3       java.lang.String::valueOf (39 bytes)
Event: 11,385 Thread 0x0000770bcc158500 6742       4       java.util.WeakHashMap$HashIterator::nextEntry (81 bytes)
Event: 11,385 Thread 0x0000770bcc159bd0 nmethod 6741 0x0000770bb566f590 code [0x0000770bb566f780, 0x0000770bb566fe70]
Event: 11,387 Thread 0x0000770bcc158500 nmethod 6742 0x0000770bbc6a1f90 code [0x0000770bbc6a2120, 0x0000770bbc6a2560]
Event: 11,418 Thread 0x0000770bcc158500 6743       4       java.util.ArrayList::iterator (9 bytes)
Event: 11,419 Thread 0x0000770bcc158500 nmethod 6743 0x0000770bbc6a2690 code [0x0000770bbc6a2820, 0x0000770bbc6a2928]
Event: 11,435 Thread 0x0000770bcc158500 6744       4       java.util.WeakHashMap$EntryIterator::next (5 bytes)
Event: 11,436 Thread 0x0000770bcc158500 nmethod 6744 0x0000770bbc6a2a10 code [0x0000770bbc6a2ba0, 0x0000770bbc6a2fe0]
Event: 11,467 Thread 0x0000770bcc159bd0 6745       3       java.util.Formatter$FixedString::<init> (20 bytes)
Event: 11,467 Thread 0x0000770bcc159bd0 nmethod 6745 0x0000770bb5670090 code [0x0000770bb5670220, 0x0000770bb56703f0]
Event: 11,467 Thread 0x0000770bcc159bd0 6746       3       java.util.Formatter$FixedString::print (23 bytes)
Event: 11,467 Thread 0x0000770bcc159bd0 nmethod 6746 0x0000770bb5670490 code [0x0000770bb5670640, 0x0000770bb5670828]
Event: 11,470 Thread 0x0000770bcc159bd0 6747       3       javafx.scene.input.KeyEvent::getEventType (5 bytes)
Event: 11,470 Thread 0x0000770bcc159bd0 nmethod 6747 0x0000770bb5670910 code [0x0000770bb5670aa0, 0x0000770bb5670c20]
Event: 11,470 Thread 0x0000770bcc159bd0 6748       3       com.sun.javafx.scene.control.inputmap.KeyBinding::getSpecificity (165 bytes)
Event: 11,470 Thread 0x0000770bcc159bd0 nmethod 6748 0x0000770bb5670d10 code [0x0000770bb5670f40, 0x0000770bb56716a8]
Event: 11,471 Thread 0x0000770bcc158500 6749       4       jdk.internal.org.objectweb.asm.SymbolTable::addConstantMemberReference (147 bytes)
Event: 11,472 Thread 0x0000770bcc159bd0 6751       1       javafx.scene.input.KeyCode::getName (5 bytes)
Event: 11,472 Thread 0x0000770bcc159bd0 nmethod 6751 0x0000770bbc6a3110 code [0x0000770bbc6a32a0, 0x0000770bbc6a3368]
Event: 11,472 Thread 0x0000770bcc159bd0 6752       3       javafx.scene.layout.Region::getCssMetaData (4 bytes)

GC Heap History (10 events):
Event: 0,357 GC heap before
{Heap before GC invocations=0 (full 0):
 garbage-first heap   total 249856K, used 23601K [0x000000070f800000, 0x0000000800000000)
  region size 2048K, 11 young (22528K), 0 survivors (0K)
 Metaspace       used 4529K, committed 4800K, reserved 1114112K
  class space    used 535K, committed 640K, reserved 1048576K
}
Event: 0,359 GC heap after
{Heap after GC invocations=1 (full 0):
 garbage-first heap   total 249856K, used 3915K [0x000000070f800000, 0x0000000800000000)
  region size 2048K, 2 young (4096K), 2 survivors (4096K)
 Metaspace       used 4529K, committed 4800K, reserved 1114112K
  class space    used 535K, committed 640K, reserved 1048576K
}
Event: 1,117 GC heap before
{Heap before GC invocations=1 (full 0):
 garbage-first heap   total 249856K, used 63307K [0x000000070f800000, 0x0000000800000000)
  region size 2048K, 31 young (63488K), 2 survivors (4096K)
 Metaspace       used 15728K, committed 16064K, reserved 1114112K
  class space    used 2095K, committed 2240K, reserved 1048576K
}
Event: 1,122 GC heap after
{Heap after GC invocations=2 (full 0):
 garbage-first heap   total 249856K, used 9636K [0x000000070f800000, 0x0000000800000000)
  region size 2048K, 4 young (8192K), 4 survivors (8192K)
 Metaspace       used 15728K, committed 16064K, reserved 1114112K
  class space    used 2095K, committed 2240K, reserved 1048576K
}
Event: 1,769 GC heap before
{Heap before GC invocations=2 (full 0):
 garbage-first heap   total 249856K, used 85412K [0x000000070f800000, 0x0000000800000000)
  region size 2048K, 40 young (81920K), 4 survivors (8192K)
 Metaspace       used 21120K, committed 21504K, reserved 1114112K
  class space    used 2881K, committed 3072K, reserved 1048576K
}
Event: 1,780 GC heap after
{Heap after GC invocations=3 (full 0):
 garbage-first heap   total 249856K, used 15548K [0x000000070f800000, 0x0000000800000000)
  region size 2048K, 6 young (12288K), 6 survivors (12288K)
 Metaspace       used 21120K, committed 21504K, reserved 1114112K
  class space    used 2881K, committed 3072K, reserved 1048576K
}
Event: 2,299 GC heap before
{Heap before GC invocations=4 (full 0):
 garbage-first heap   total 61440K, used 58556K [0x000000070f800000, 0x0000000800000000)
  region size 2048K, 23 young (47104K), 6 survivors (12288K)
 Metaspace       used 24962K, committed 25408K, reserved 1114112K
  class space    used 3683K, committed 3904K, reserved 1048576K
}
Event: 2,307 GC heap after
{Heap after GC invocations=5 (full 0):
 garbage-first heap   total 81920K, used 22936K [0x000000070f800000, 0x0000000800000000)
  region size 2048K, 8 young (16384K), 8 survivors (16384K)
 Metaspace       used 24962K, committed 25408K, reserved 1114112K
  class space    used 3683K, committed 3904K, reserved 1048576K
}
Event: 2,720 GC heap before
{Heap before GC invocations=5 (full 0):
 garbage-first heap   total 81920K, used 55704K [0x000000070f800000, 0x0000000800000000)
  region size 2048K, 24 young (49152K), 8 survivors (16384K)
 Metaspace       used 26393K, committed 26816K, reserved 1114112K
  class space    used 3823K, committed 4032K, reserved 1048576K
}
Event: 2,728 GC heap after
{Heap after GC invocations=6 (full 0):
 garbage-first heap   total 81920K, used 28055K [0x000000070f800000, 0x0000000800000000)
  region size 2048K, 3 young (6144K), 3 survivors (6144K)
 Metaspace       used 26393K, committed 26816K, reserved 1114112K
  class space    used 3823K, committed 4032K, reserved 1048576K
}

Dll operation events (16 events):
Event: 0,002 Loaded shared library /usr/lib/jvm/java-21-openjdk-amd64/lib/libjava.so
Event: 0,018 Loaded shared library /usr/lib/jvm/java-21-openjdk-amd64/lib/libjsvml.so
Event: 0,018 Loaded shared library /usr/lib/jvm/java-21-openjdk-amd64/lib/libnio.so
Event: 0,037 Loaded shared library /usr/lib/jvm/java-21-openjdk-amd64/lib/libzip.so
Event: 0,171 Loaded shared library /home/bloch/.openjfx/cache/21+31/amd64/libprism_es2.so
Event: 0,229 Loaded shared library /home/bloch/.openjfx/cache/21+31/amd64/libglass.so
Event: 0,242 Loaded shared library /home/bloch/.openjfx/cache/21+31/amd64/libglassgtk3.so
Event: 0,326 Loaded shared library /usr/lib/jvm/java-21-openjdk-amd64/lib/libjimage.so
Event: 0,416 Loaded shared library /home/bloch/.cache/JNA/temp/jna13334865771475318131.tmp
Event: 0,587 Loaded shared library /usr/lib/jvm/java-21-openjdk-amd64/lib/libnet.so
Event: 0,647 Loaded shared library /tmp/sqlite-3.45.1.0-ec3faf51-4443-43f9-9498-b87a5985fd1a-libsqlitejdbc.so
Event: 0,742 Loaded shared library /home/bloch/.openjfx/cache/21+31/amd64/libjavafx_font.so
Event: 1,235 Loaded shared library /home/bloch/.openjfx/cache/21+31/amd64/libjavafx_font_freetype.so
Event: 1,473 Loaded shared library /usr/lib/jvm/java-21-openjdk-amd64/lib/libverify.so
Event: 1,666 Loaded shared library /home/bloch/.gradle/caches/modules-2/files-2.1/com.github.kwhat/jnativehook/2.2.2/183dd1fb8927b008761802bb402629d5749b15d0/libJNativeHook-2.2.2.x86_64.so
Event: 2,012 Loaded shared library /home/bloch/.openjfx/cache/21+31/amd64/libjavafx_font_pango.so

Deoptimization events (20 events):
Event: 6,945 Thread 0x0000770bcc3d2230 Uncommon trap: trap_request=0xffffffc6 fr.pc=0x0000770bbc672be4 relative=0x0000000000000824
Event: 6,945 Thread 0x0000770bcc3d2230 Uncommon trap: reason=bimorphic_or_optimized_type_check action=maybe_recompile pc=0x0000770bbc672be4 method=javafx.beans.property.StringPropertyBase.get()Ljava/lang/String; @ 23 c2
Event: 6,945 Thread 0x0000770bcc3d2230 DEOPT PACKING pc=0x0000770bbc672be4 sp=0x0000770afe6fa450
Event: 6,945 Thread 0x0000770bcc3d2230 DEOPT UNPACKING pc=0x0000770bbbd8e619 sp=0x0000770afe6fa230 mode 2
Event: 6,945 Thread 0x0000770bcc3d2230 Uncommon trap: trap_request=0xffffffc6 fr.pc=0x0000770bbc612a78 relative=0x00000000000005d8
Event: 6,945 Thread 0x0000770bcc3d2230 Uncommon trap: reason=bimorphic_or_optimized_type_check action=maybe_recompile pc=0x0000770bbc612a78 method=javafx.beans.property.StringPropertyBase.get()Ljava/lang/String; @ 23 c2
Event: 6,945 Thread 0x0000770bcc3d2230 DEOPT PACKING pc=0x0000770bbc612a78 sp=0x0000770afe6fa450
Event: 6,945 Thread 0x0000770bcc3d2230 DEOPT UNPACKING pc=0x0000770bbbd8e619 sp=0x0000770afe6fa2a0 mode 2
Event: 6,946 Thread 0x0000770bcc3d2230 Uncommon trap: trap_request=0xffffffc6 fr.pc=0x0000770bbc672be4 relative=0x0000000000000824
Event: 6,946 Thread 0x0000770bcc3d2230 Uncommon trap: reason=bimorphic_or_optimized_type_check action=maybe_recompile pc=0x0000770bbc672be4 method=javafx.beans.property.StringPropertyBase.get()Ljava/lang/String; @ 23 c2
Event: 6,946 Thread 0x0000770bcc3d2230 DEOPT PACKING pc=0x0000770bbc672be4 sp=0x0000770afe6fa3c0
Event: 6,946 Thread 0x0000770bcc3d2230 DEOPT UNPACKING pc=0x0000770bbbd8e619 sp=0x0000770afe6fa198 mode 2
Event: 10,559 Thread 0x0000770bcc3d2230 Uncommon trap: trap_request=0xffffff45 fr.pc=0x0000770bbc384cc0 relative=0x0000000000000040
Event: 10,559 Thread 0x0000770bcc3d2230 Uncommon trap: reason=unstable_if action=reinterpret pc=0x0000770bbc384cc0 method=java.lang.Math.abs(I)I @ 1 c2
Event: 10,559 Thread 0x0000770bcc3d2230 DEOPT PACKING pc=0x0000770bbc384cc0 sp=0x0000770afe6f90e0
Event: 10,559 Thread 0x0000770bcc3d2230 DEOPT UNPACKING pc=0x0000770bbbd8e619 sp=0x0000770afe6f90a0 mode 2
Event: 10,727 Thread 0x0000770bcc3d2230 Uncommon trap: trap_request=0xffffff45 fr.pc=0x0000770bbc61fd6c relative=0x000000000000014c
Event: 10,727 Thread 0x0000770bcc3d2230 Uncommon trap: reason=unstable_if action=reinterpret pc=0x0000770bbc61fd6c method=com.sun.javafx.text.TextRun.getPosX(I)F @ 75 c2
Event: 10,727 Thread 0x0000770bcc3d2230 DEOPT PACKING pc=0x0000770bbc61fd6c sp=0x0000770afe6f8910
Event: 10,727 Thread 0x0000770bcc3d2230 DEOPT UNPACKING pc=0x0000770bbbd8e619 sp=0x0000770afe6f88c8 mode 2

Classes loaded (20 events):
Event: 2,767 Loading class java/nio/DirectFloatBufferU
Event: 2,767 Loading class java/nio/DirectFloatBufferU done
Event: 2,825 Loading class java/lang/FdLibm$Acos
Event: 2,825 Loading class java/lang/FdLibm$Acos done
Event: 4,670 Loading class java/util/BitSet$1BitSetSpliterator
Event: 4,670 Loading class java/util/BitSet$1BitSetSpliterator done
Event: 4,670 Loading class java/util/stream/IntPipeline$Head
Event: 4,670 Loading class java/util/stream/IntPipeline
Event: 4,670 Loading class java/util/stream/IntStream
Event: 4,670 Loading class java/util/stream/IntStream done
Event: 4,671 Loading class java/util/stream/IntPipeline done
Event: 4,671 Loading class java/util/stream/IntPipeline$Head done
Event: 4,671 Loading class java/util/stream/IntPipeline$1
Event: 4,671 Loading class java/util/stream/IntPipeline$1 done
Event: 4,671 Loading class java/util/stream/IntPipeline$1$1
Event: 4,671 Loading class java/util/stream/Sink$ChainedInt
Event: 4,671 Loading class java/util/stream/Sink$OfInt
Event: 4,671 Loading class java/util/stream/Sink$OfInt done
Event: 4,671 Loading class java/util/stream/Sink$ChainedInt done
Event: 4,671 Loading class java/util/stream/IntPipeline$1$1 done

Classes unloaded (0 events):
No events

Classes redefined (0 events):
No events

Internal exceptions (20 events):
Event: 1,311 Thread 0x0000770bcc3d2230 Implicit null exception at 0x0000770bbc37a21d to 0x0000770bbc37a44c
Event: 1,314 Thread 0x0000770bcc3d2230 Implicit null exception at 0x0000770bbc379a9d to 0x0000770bbc379cc0
Event: 1,386 Thread 0x0000770bcc3d2230 Exception <a 'java/lang/NoSuchMethodError'{0x000000071c5ea698}: 'long java.lang.invoke.DirectMethodHandle$Holder.invokeStatic(java.lang.Object, java.lang.Object)'> (0x000000071c5ea698) 
thrown [./src/hotspot/share/interpreter/linkResolver.cpp, line 772]
Event: 1,717 Thread 0x0000770bcc3d2230 Exception <a 'java/io/FileNotFoundException'{0x0000000719c95808}> (0x0000000719c95808) 
thrown [./src/hotspot/share/prims/jni.cpp, line 520]
Event: 1,825 Thread 0x0000770bcc3d2230 Exception <a 'java/lang/NoSuchMethodError'{0x000000071239bcd8}: 'java.lang.Object java.lang.invoke.DirectMethodHandle$Holder.invokeInterface(java.lang.Object, java.lang.Object, java.lang.Object)'> (0x000000071239bcd8) 
thrown [./src/hotspot/share/interpreter/linkResolver.cpp, line 772]
Event: 1,825 Thread 0x0000770bcc3d2230 Exception <a 'java/lang/IncompatibleClassChangeError'{0x000000071239f650}: Found class java.lang.Object, but interface was expected> (0x000000071239f650) 
thrown [./src/hotspot/share/interpreter/linkResolver.cpp, line 840]
Event: 1,920 Thread 0x0000770bcc3d2230 Exception <a 'java/lang/ClassNotFoundException'{0x0000000711d58990}: com/sun/javafx/scene/control/skin/resources/controls> (0x0000000711d58990) 
thrown [./src/hotspot/share/prims/jni.cpp, line 539]
Event: 1,921 Thread 0x0000770bcc3d2230 Exception <a 'java/lang/ClassNotFoundException'{0x0000000711d66ba0}: com/sun/javafx/scene/control/skin/resources/controls_fr> (0x0000000711d66ba0) 
thrown [./src/hotspot/share/prims/jni.cpp, line 539]
Event: 1,922 Thread 0x0000770bcc3d2230 Exception <a 'java/lang/ClassNotFoundException'{0x0000000711d746b0}: com/sun/javafx/scene/control/skin/resources/controls_fr_FR> (0x0000000711d746b0) 
thrown [./src/hotspot/share/prims/jni.cpp, line 539]
Event: 2,020 Thread 0x0000770bcc3d2230 Exception <a 'java/lang/NoSuchMethodError'{0x00000007116994a8}: 'int java.lang.invoke.DirectMethodHandle$Holder.invokeSpecial(java.lang.Object, java.lang.Object, int)'> (0x00000007116994a8) 
thrown [./src/hotspot/share/interpreter/linkResolver.cpp, line 772]
Event: 2,151 Thread 0x0000770bcc3d2230 Exception <a 'java/lang/NoSuchMethodError'{0x00000007111f6b50}: 'void java.lang.invoke.DirectMethodHandle$Holder.invokeSpecial(java.lang.Object, java.lang.Object, java.lang.Object, java.lang.Object, java.lang.Object, java.lang.Object)'> (0x00000007111f6b50) 
thrown [./src/hotspot/share/interpreter/linkResolver.cpp, line 772]
Event: 2,538 Thread 0x0000770bcc3d2230 Exception <a 'java/lang/NoSuchMethodError'{0x0000000712133750}: 'long java.lang.invoke.DirectMethodHandle$Holder.invokeStatic(java.lang.Object, java.lang.Object, java.lang.Object)'> (0x0000000712133750) 
thrown [./src/hotspot/share/interpreter/linkResolver.cpp, line 772]
Event: 2,538 Thread 0x0000770bcc3d2230 Exception <a 'java/lang/NoSuchMethodError'{0x0000000712136b60}: 'long java.lang.invoke.DirectMethodHandle$Holder.invokeStaticInit(java.lang.Object, java.lang.Object, java.lang.Object)'> (0x0000000712136b60) 
thrown [./src/hotspot/share/interpreter/linkResolver.cpp, line 772]
Event: 2,757 Thread 0x0000770bcc2a1b70 Exception <a 'java/lang/NoSuchMethodError'{0x000000071e9f9630}: 'java.lang.Object java.lang.invoke.DirectMethodHandle$Holder.invokeStaticInit(java.lang.Object, int)'> (0x000000071e9f9630) 
thrown [./src/hotspot/share/interpreter/linkResolver.cpp, line 772]
Event: 4,673 Thread 0x0000770bcc3d2230 Implicit null exception at 0x0000770bbc3a710a to 0x0000770bbc3a75bc
Event: 4,710 Thread 0x0000770bcc3d2230 Implicit null exception at 0x0000770bbc4bbaa8 to 0x0000770bbc4bc650
Event: 6,922 Thread 0x0000770bcc3d2230 Exception <a 'java/lang/NoSuchMethodError'{0x00000007128b1d20}: 'java.lang.Object java.lang.invoke.DirectMethodHandle$Holder.newInvokeSpecial(java.lang.Object, java.lang.Object, int, int, int, int, int, java.lang.Object)'> (0x00000007128b1d20) 
thrown [./src/hotspot/share/interpreter/linkResolver.cpp, line 772]
Event: 6,922 Thread 0x0000770bcc3d2230 Exception <a 'java/lang/NoSuchMethodError'{0x0000000712918560}: 'java.lang.Object java.lang.invoke.DirectMethodHandle$Holder.newInvokeSpecial(java.lang.Object, java.lang.Object, java.lang.Object, int, int, int, int, int)'> (0x0000000712918560) 
thrown [./src/hotspot/share/interpreter/linkResolver.cpp, line 772]
Event: 6,923 Thread 0x0000770bcc3d2230 Exception <a 'java/lang/NoSuchMethodError'{0x000000071291f970}: 'java.lang.Object java.lang.invoke.Invokers$Holder.linkToTargetMethod(java.lang.Object, java.lang.Object, int, int, int, int, int, java.lang.Object)'> (0x000000071291f970) 
thrown [./src/hotspot/share/interpreter/linkResolver.cpp, line 772]
Event: 6,936 Thread 0x0000770bcc3d2230 Implicit null exception at 0x0000770bbc6592dc to 0x0000770bbc6614e0

ZGC Phase Switch (0 events):
No events

VM Operations (20 events):
Event: 4,745 Executing non-safepoint VM operation: HandshakeAllThreads (Deoptimize)
Event: 4,745 Executing non-safepoint VM operation: HandshakeAllThreads (Deoptimize) done
Event: 4,775 Executing safepoint VM operation: ICBufferFull
Event: 4,775 Executing safepoint VM operation: ICBufferFull done
Event: 5,175 Executing safepoint VM operation: ICBufferFull
Event: 5,175 Executing safepoint VM operation: ICBufferFull done
Event: 6,175 Executing safepoint VM operation: Cleanup
Event: 6,175 Executing safepoint VM operation: Cleanup done
Event: 6,937 Executing non-safepoint VM operation: HandshakeAllThreads (Deoptimize)
Event: 6,937 Executing non-safepoint VM operation: HandshakeAllThreads (Deoptimize) done
Event: 6,940 Executing non-safepoint VM operation: HandshakeAllThreads (Deoptimize)
Event: 6,941 Executing non-safepoint VM operation: HandshakeAllThreads (Deoptimize) done
Event: 7,941 Executing safepoint VM operation: Cleanup
Event: 7,941 Executing safepoint VM operation: Cleanup done
Event: 8,941 Executing safepoint VM operation: Cleanup
Event: 8,941 Executing safepoint VM operation: Cleanup done
Event: 9,941 Executing safepoint VM operation: Cleanup
Event: 9,941 Executing safepoint VM operation: Cleanup done
Event: 10,941 Executing safepoint VM operation: Cleanup
Event: 10,941 Executing safepoint VM operation: Cleanup done

Memory protections (20 events):
Event: 0,016 Protecting memory [0x0000770bb0200000,0x0000770bb0204000] with protection modes 0
Event: 0,036 Protecting memory [0x0000770bb002f000,0x0000770bb0033000] with protection modes 0
Event: 0,055 Protecting memory [0x0000770ba1f00000,0x0000770ba1f04000] with protection modes 0
Event: 0,058 Protecting memory [0x0000770ba1e00000,0x0000770ba1e04000] with protection modes 0
Event: 0,088 Protecting memory [0x0000770ba1d00000,0x0000770ba1d04000] with protection modes 0
Event: 0,139 Protecting memory [0x0000770ba1c00000,0x0000770ba1c04000] with protection modes 0
Event: 0,282 Protecting memory [0x0000770afe6ff000,0x0000770afe703000] with protection modes 0
Event: 0,285 Protecting memory [0x0000770afe5ff000,0x0000770afe603000] with protection modes 0
Event: 0,335 Protecting memory [0x0000770afc3ba000,0x0000770afc3be000] with protection modes 0
Event: 0,428 Protecting memory [0x0000770b0c015000,0x0000770b0c019000] with protection modes 0
Event: 0,437 Protecting memory [0x0000770adf4fd000,0x0000770adf501000] with protection modes 0
Event: 0,479 Protecting memory [0x0000770bd2e7e000,0x0000770bd2e7f000] with protection modes 1
Event: 1,468 Protecting memory [0x0000770add373000,0x0000770add377000] with protection modes 0
Event: 1,670 Protecting memory [0x0000770add193000,0x0000770add197000] with protection modes 0
Event: 1,821 Protecting memory [0x0000770adcf14000,0x0000770adcf18000] with protection modes 0
Event: 2,613 Protecting memory [0x0000770aa8353000,0x0000770aa8357000] with protection modes 0
Event: 2,719 Protecting memory [0x0000770aa8053000,0x0000770aa8057000] with protection modes 0
Event: 4,704 Protecting memory [0x0000770ba1f00000,0x0000770ba1f04000] with protection modes 0
Event: 4,886 Protecting memory [0x0000770ba1e00000,0x0000770ba1e04000] with protection modes 0
Event: 6,943 Protecting memory [0x0000770ba1f00000,0x0000770ba1f04000] with protection modes 0

Nmethod flushes (0 events):
No events

Events (20 events):
Event: 0,088 Thread 0x0000770bcc01b8a0 Thread added: 0x0000770bcc1c9580
Event: 0,139 Thread 0x0000770bcc01b8a0 Thread added: 0x0000770bcc2a1b70
Event: 0,282 Thread 0x0000770bcc01b8a0 Thread added: 0x0000770bcc3fffa0
Event: 0,285 Thread 0x0000770bcc01b8a0 Thread added: 0x0000770bcc3d2230
Event: 0,335 Thread 0x0000770bcc01b8a0 Thread added: 0x0000770bcc46c830
Event: 0,428 Thread 0x0000770bcc3d2230 Thread added: 0x0000770ae819a800
Event: 0,437 Thread 0x0000770bcc3d2230 Thread added: 0x0000770ae819dfb0
Event: 1,468 Thread 0x0000770bcc3d2230 Thread added: 0x0000770aea092210
Event: 1,670 Thread 0x0000770bcc3d2230 Thread added: 0x0000770aea0fc1b0
Event: 1,821 Thread 0x0000770bcc3d2230 Thread added: 0x0000770aea219560
Event: 2,613 Thread 0x0000770aea0fc1b0 Thread added: 0x0000770a9c03e290
Event: 2,719 Thread 0x0000770bcc2a1b70 Thread added: 0x0000770b1ce26630
Event: 3,147 Thread 0x0000770b2810c740 Thread exited: 0x0000770b2810c740
Event: 3,764 Thread 0x0000770b2809abe0 Thread exited: 0x0000770b2809abe0
Event: 4,704 Thread 0x0000770bcc159bd0 Thread added: 0x0000770b2856a8f0
Event: 4,886 Thread 0x0000770bcc159bd0 Thread added: 0x0000770b28581290
Event: 5,340 Thread 0x0000770b28581290 Thread exited: 0x0000770b28581290
Event: 5,396 Thread 0x0000770b2856a8f0 Thread exited: 0x0000770b2856a8f0
Event: 6,943 Thread 0x0000770bcc159bd0 Thread added: 0x0000770b282cf680
Event: 7,190 Thread 0x0000770b282cf680 Thread exited: 0x0000770b282cf680


Dynamic libraries:
70f800000-713400000 rw-p 00000000 00:00 0 
713400000-718e00000 ---p 00000000 00:00 0 
718e00000-719a00000 rw-p 00000000 00:00 0 
719a00000-71e800000 ---p 00000000 00:00 0 
71e800000-71ea00000 rw-p 00000000 00:00 0 
71ea00000-7ffa00000 ---p 00000000 00:00 0 
7ffa00000-7ffe00000 rw-p 00000000 00:00 0 
7ffe00000-7fff0d000 rw-p 00cdb000 fc:01 15864276                         /usr/lib/jvm/java-21-openjdk-amd64/lib/server/classes.jsa
7fff0d000-800000000 rw-p 00000000 00:00 0 
5599714a6000-5599714a7000 r--p 00000000 fc:01 15864186                   /usr/lib/jvm/java-21-openjdk-amd64/bin/java
5599714a7000-5599714a8000 r-xp 00001000 fc:01 15864186                   /usr/lib/jvm/java-21-openjdk-amd64/bin/java
5599714a8000-5599714a9000 r--p 00002000 fc:01 15864186                   /usr/lib/jvm/java-21-openjdk-amd64/bin/java
5599714a9000-5599714aa000 r--p 00002000 fc:01 15864186                   /usr/lib/jvm/java-21-openjdk-amd64/bin/java
5599714aa000-5599714ab000 rw-p 00003000 fc:01 15864186                   /usr/lib/jvm/java-21-openjdk-amd64/bin/java
5599779cb000-559977a13000 rw-p 00000000 00:00 0                          [heap]
770a78000000-770a78021000 rw-p 00000000 00:00 0 
770a78021000-770a7c000000 ---p 00000000 00:00 0 
770a7c000000-770a7c021000 rw-p 00000000 00:00 0 
770a7c021000-770a80000000 ---p 00000000 00:00 0 
770a80000000-770a80021000 rw-p 00000000 00:00 0 
770a80021000-770a84000000 ---p 00000000 00:00 0 
770a84000000-770a88000000 rw-s 00000000 00:01 13772                      /memfd:pulseaudio (deleted)
770a88000000-770a88021000 rw-p 00000000 00:00 0 
770a88021000-770a8c000000 ---p 00000000 00:00 0 
770a8c1ff000-770a8c3ff000 rw-s 106f7b000 00:11 1064                      anon_inode:i915.gem
770a8c3ff000-770a8c5ff000 rw-s 1033c9000 00:11 1064                      anon_inode:i915.gem
770a8c5ff000-770a8c7ff000 rw-s 109fe1000 00:11 1064                      anon_inode:i915.gem
770a8c7ff000-770a8c9ff000 rw-s 109de1000 00:11 1064                      anon_inode:i915.gem
770a8cbff000-770a8cc00000 ---p 00000000 00:00 0 
770a8cc00000-770a8d400000 rw-p 00000000 00:00 0 
770a8d400000-770a8e815000 r--p 00000000 fc:01 14556325                   /usr/share/fonts/truetype/arphic/uming.ttc
770a8ea00000-770a8fe15000 r--p 00000000 fc:01 14556325                   /usr/share/fonts/truetype/arphic/uming.ttc
770a8fec0000-770a8ff40000 rw-s 105417000 00:11 1064                      anon_inode:i915.gem
770a8ff60000-770a8ff80000 rw-s 101668000 00:11 1064                      anon_inode:i915.gem
770a90000000-770a90021000 rw-p 00000000 00:00 0 
770a90021000-770a94000000 ---p 00000000 00:00 0 
770a94000000-770a94021000 rw-p 00000000 00:00 0 
770a94021000-770a98000000 ---p 00000000 00:00 0 
770a98000000-770a9842f000 rw-p 00000000 00:00 0 
770a9842f000-770a9c000000 ---p 00000000 00:00 0 
770a9c000000-770a9c043000 rw-p 00000000 00:00 0 
770a9c043000-770aa0000000 ---p 00000000 00:00 0 
770aa0000000-770aa0021000 rw-p 00000000 00:00 0 
770aa0021000-770aa4000000 ---p 00000000 00:00 0 
770aa4000000-770aa4021000 rw-p 00000000 00:00 0 
770aa4021000-770aa8000000 ---p 00000000 00:00 0 
770aa8033000-770aa8043000 rw-s 1054a7000 00:11 1064                      anon_inode:i915.gem
770aa8043000-770aa8053000 rw-s 107faf000 00:11 1064                      anon_inode:i915.gem
770aa8053000-770aa8057000 ---p 00000000 00:00 0 
770aa8057000-770aa8153000 rw-p 00000000 00:00 0 
770aa8153000-770aa8353000 rw-s 1099e1000 00:11 1064                      anon_inode:i915.gem
770aa8353000-770aa8357000 ---p 00000000 00:00 0 
770aa8357000-770aa8453000 rw-p 00000000 00:00 0 
770aa8453000-770aa8570000 r--p 00000000 fc:01 15746774                   /usr/share/fonts/truetype/unfonts-core/UnGraphicBold.ttf
770aa8570000-770aa8600000 r--p 00000000 fc:01 14549492                   /usr/share/fonts/truetype/noto/NotoSerifTibetan-Bold.ttf
770aa8600000-770aa89e2000 r--p 00000000 fc:01 15746772                   /usr/share/fonts/truetype/unfonts-core/UnDotumBold.ttf
770aa89e2000-770aa89ea000 rw-s 10263e000 00:11 1064                      anon_inode:i915.gem
770aa89ea000-770aa89fa000 rw-s 100aa1000 00:11 1064                      anon_inode:i915.gem
770aa89fa000-770aa89fe000 rw-s 101770000 00:11 1064                      anon_inode:i915.gem
770aa8a00000-770aa8fd2000 r--p 00000000 fc:01 15876667                   /usr/share/fonts/opentype/ipaexfont-gothic/ipaexg.ttf
770aa8fd4000-770aa8fd8000 rw-s 101776000 00:11 1064                      anon_inode:i915.gem
770aa8fd8000-770aa8fe8000 rw-s 10262a000 00:11 1064                      anon_inode:i915.gem
770aa8ff0000-770aa9000000 rw-s 1025a2000 00:11 1064                      anon_inode:i915.gem
770aa9000000-770aa92ed000 r--p 00000000 fc:01 15876238                   /usr/share/fonts/truetype/baekmuk/dotum.ttf
770aa9309000-770aa9349000 r--p 00000000 fc:01 14549400                   /usr/share/fonts/truetype/noto/NotoSansSymbols-Bold.ttf
770aa9349000-770aa9400000 r--p 00000000 fc:01 15876863                   /usr/share/fonts/truetype/andika/Andika-Bold.ttf
770aa9400000-770aaa815000 r--p 00000000 fc:01 14556325                   /usr/share/fonts/truetype/arphic/uming.ttc
770aaa816000-770aaa836000 rw-s 101341000 00:11 1064                      anon_inode:i915.gem
770aaa836000-770aaa838000 r--p 00000000 fc:01 14435388                   /usr/lib/x86_64-linux-gnu/libcanberra-0.30/libcanberra-pulse.so
770aaa838000-770aaa83c000 r-xp 00002000 fc:01 14435388                   /usr/lib/x86_64-linux-gnu/libcanberra-0.30/libcanberra-pulse.so
770aaa83c000-770aaa83d000 r--p 00006000 fc:01 14435388                   /usr/lib/x86_64-linux-gnu/libcanberra-0.30/libcanberra-pulse.so
770aaa83d000-770aaa83e000 r--p 00006000 fc:01 14435388                   /usr/lib/x86_64-linux-gnu/libcanberra-0.30/libcanberra-pulse.so
770aaa83e000-770aaa83f000 rw-p 00007000 fc:01 14435388                   /usr/lib/x86_64-linux-gnu/libcanberra-0.30/libcanberra-pulse.so
770aaa83f000-770aaa8ed000 r--p 00000000 fc:01 14549146                   /usr/share/fonts/truetype/dejavu/DejaVuSans-Bold.ttf
770aaa8ed000-770aaa8f7000 r--p 00000000 fc:01 14549418                   /usr/share/fonts/truetype/noto/NotoSansThai-Bold.ttf
770aaa8f7000-770aaa929000 r--p 00000000 fc:01 14549414                   /usr/share/fonts/truetype/noto/NotoSansTelugu-Bold.ttf
770aaa929000-770aaa93c000 r--p 00000000 fc:01 14549411                   /usr/share/fonts/truetype/noto/NotoSansTamil-Bold.ttf
770aaa93c000-770aaa954000 r--p 00000000 fc:01 14549407                   /usr/share/fonts/truetype/noto/NotoSansTaiTham-Bold.ttf
770aaa954000-770aaa95a000 r--p 00000000 fc:01 14549397                   /usr/share/fonts/truetype/noto/NotoSansSundanese-Bold.ttf
770aaa95a000-770aaa9ad000 r--p 00000000 fc:01 14549391                   /usr/share/fonts/truetype/noto/NotoSansSinhala-Bold.ttf
770aaa9ad000-770aaa9c4000 r--p 00000000 fc:01 14549373                   /usr/share/fonts/truetype/noto/NotoSansOriya-Bold.ttf
770aaa9c4000-770aaa9f8000 r--p 00000000 fc:01 14549355                   /usr/share/fonts/truetype/noto/NotoSansMyanmar-Bold.ttf
770aaa9f8000-770aaaa00000 r--p 00000000 fc:01 14549342                   /usr/share/fonts/truetype/noto/NotoSansMedefaidrin-Bold.ttf
770aaaa00000-770aabe15000 r--p 00000000 fc:01 14556325                   /usr/share/fonts/truetype/arphic/uming.ttc
770aabe17000-770aabe34000 r--p 00000000 fc:01 14549334                   /usr/share/fonts/truetype/noto/NotoSansMalayalam-Bold.ttf
770aabe34000-770aabe3c000 r--p 00000000 fc:01 14549323                   /usr/share/fonts/truetype/noto/NotoSansLao-Bold.ttf
770aabe3c000-770aabe58000 r--p 00000000 fc:01 14549319                   /usr/share/fonts/truetype/noto/NotoSansKhmer-Bold.ttf
770aabe58000-770aabe7f000 r--p 00000000 fc:01 14549314                   /usr/share/fonts/truetype/noto/NotoSansKannada-Bold.ttf
770aabe7f000-770aabe9d000 r--p 00000000 fc:01 14549311                   /usr/share/fonts/truetype/noto/NotoSansJavanese-Bold.ttf
770aabe9d000-770aabeaa000 r--p 00000000 fc:01 14549299                   /usr/share/fonts/truetype/noto/NotoSansGurmukhi-Bold.ttf
770aabeaa000-770aabedc000 r--p 00000000 fc:01 14549296                   /usr/share/fonts/truetype/noto/NotoSansGujarati-Bold.ttf
770aabedc000-770aabeea000 r--p 00000000 fc:01 14549291                   /usr/share/fonts/truetype/noto/NotoSansGeorgian-Bold.ttf
770aabeea000-770aabf3e000 r--p 00000000 fc:01 14549289                   /usr/share/fonts/truetype/noto/NotoSansEthiopic-Bold.ttf
770aabf3e000-770aabf79000 r--p 00000000 fc:01 14549279                   /usr/share/fonts/truetype/noto/NotoSansDevanagari-Bold.ttf
770aabf79000-770aabf94000 r--p 00000000 fc:01 14549273                   /usr/share/fonts/truetype/noto/NotoSansCherokee-Bold.ttf
770aabf94000-770aabfc8000 r--p 00000000 fc:01 14549260                   /usr/share/fonts/truetype/noto/NotoSansBengali-Bold.ttf
770aabfc8000-770aac000000 r--p 00000000 fc:01 14549256                   /usr/share/fonts/truetype/noto/NotoSansBamum-Bold.ttf
770aac000000-770ab0000000 rw-s 00000000 00:01 12751                      /memfd:pulseaudio (deleted)
770ab0000000-770ab0021000 rw-p 00000000 00:00 0 
770ab0021000-770ab4000000 ---p 00000000 00:00 0 
770ab4000000-770ab4021000 rw-p 00000000 00:00 0 
770ab4021000-770ab8000000 ---p 00000000 00:00 0 
770ab8000000-770ab8021000 rw-p 00000000 00:00 0 
770ab8021000-770abc000000 ---p 00000000 00:00 0 
770abc000000-770abc021000 rw-p 00000000 00:00 0 
770abc021000-770ac0000000 ---p 00000000 00:00 0 
770ac0000000-770ac0021000 rw-p 00000000 00:00 0 
770ac0021000-770ac4000000 ---p 00000000 00:00 0 
770ac4000000-770ac4021000 rw-p 00000000 00:00 0 
770ac4021000-770ac8000000 ---p 00000000 00:00 0 
770ac8000000-770ac8021000 rw-p 00000000 00:00 0 
770ac8021000-770acc000000 ---p 00000000 00:00 0 
770acc000000-770acc021000 rw-p 00000000 00:00 0 
770acc021000-770ad0000000 ---p 00000000 00:00 0 
770ad0000000-770ad0021000 rw-p 00000000 00:00 0 
770ad0021000-770ad4000000 ---p 00000000 00:00 0 
770ad4000000-770ad4021000 rw-p 00000000 00:00 0 
770ad4021000-770ad8000000 ---p 00000000 00:00 0 
770ad8000000-770ad8021000 rw-p 00000000 00:00 0 
770ad8021000-770adc000000 ---p 00000000 00:00 0 
770adc001000-770adc005000 r--p 00000000 fc:01 14549479                   /usr/share/fonts/truetype/noto/NotoSerifNyiakengPuachueHmong-Bold.ttf
770adc005000-770adc00c000 r--p 00000000 fc:01 14549305                   /usr/share/fonts/truetype/noto/NotoSansHebrew-Bold.ttf
770adc00c000-770adc022000 r--p 00000000 fc:01 14549266                   /usr/share/fonts/truetype/noto/NotoSansCanadianAboriginal-Bold.ttf
770adc022000-770adc039000 r--p 00000000 fc:01 14549254                   /usr/share/fonts/truetype/noto/NotoSansBalinese-Bold.ttf
770adc039000-770adc077000 r--p 00000000 fc:01 14549249                   /usr/share/fonts/truetype/noto/NotoSansArabic-Bold.ttf
770adc077000-770adc118000 r--p 00000000 fc:01 14549402                   /usr/share/fonts/truetype/noto/NotoSansSymbols2-Regular.ttf
770adc118000-770adc1cd000 r--p 00000000 fc:01 15876866                   /usr/share/fonts/truetype/andika/Andika-Regular.ttf
770adc1cd000-770adc200000 r--p 00000000 fc:01 14549065                   /usr/share/fonts/truetype/libreoffice/opens___.ttf
770adc200000-770adc578000 r--p 00000000 fc:01 15746771                   /usr/share/fonts/truetype/unfonts-core/UnDotum.ttf
770adc578000-770adc57d000 r--p 00000000 fc:01 14549344                   /usr/share/fonts/truetype/noto/NotoSansMeeteiMayek-Bold.ttf
770adc57d000-770adc585000 r--p 00000000 fc:01 14549271                   /usr/share/fonts/truetype/noto/NotoSansCham-Bold.ttf
770adc585000-770adc58d000 r--p 00000000 fc:01 14549251                   /usr/share/fonts/truetype/noto/NotoSansArmenian-Bold.ttf
770adc58d000-770adc5a5000 r--p 00000000 fc:01 14549244                   /usr/share/fonts/truetype/noto/NotoSansAdlam-Bold.ttf
770adc5a5000-770adc65f000 r--p 00000000 fc:01 14549156                   /usr/share/fonts/truetype/dejavu/DejaVuSans.ttf
770adc65f000-770adc6f0000 r--p 00000000 fc:01 14549340                   /usr/share/fonts/truetype/noto/NotoSansMath-Regular.ttf
770adc6f0000-770adc6f5000 r--p 00000000 fc:01 14549438                   /usr/share/fonts/truetype/noto/NotoSansZanabazarSquare-Regular.ttf
770adc6f5000-770adc722000 r--p 00000000 fc:01 14549437                   /usr/share/fonts/truetype/noto/NotoSansYi-Regular.ttf
770adc722000-770adc729000 r--p 00000000 fc:01 14549436                   /usr/share/fonts/truetype/noto/NotoSansWarangCiti-Regular.ttf
770adc729000-770adc72e000 r--p 00000000 fc:01 14549435                   /usr/share/fonts/truetype/noto/NotoSansWancho-Regular.ttf
770adc72e000-770adc745000 r--p 00000000 fc:01 14549434                   /usr/share/fonts/truetype/noto/NotoSansVai-Regular.ttf
770adc745000-770adc75d000 r--p 00000000 fc:01 14549432                   /usr/share/fonts/truetype/noto/NotoSansTirhuta-Regular.ttf
770adc75d000-770adc767000 r--p 00000000 fc:01 14549420                   /usr/share/fonts/truetype/noto/NotoSansTifinagh-Regular.ttf
770adc767000-770adc771000 r--p 00000000 fc:01 14549419                   /usr/share/fonts/truetype/noto/NotoSansThai-Regular.ttf
770adc771000-770adc7a1000 r--p 00000000 fc:01 14549415                   /usr/share/fonts/truetype/noto/NotoSansTelugu-Regular.ttf
770adc7a1000-770adc7a7000 r--p 00000000 fc:01 14549410                   /usr/share/fonts/truetype/noto/NotoSansTakri-Regular.ttf
770adc7a7000-770adc7b9000 r--p 00000000 fc:01 14549412                   /usr/share/fonts/truetype/noto/NotoSansTamil-Regular.ttf
770adc7b9000-770adc7c1000 r--p 00000000 fc:01 14549409                   /usr/share/fonts/truetype/noto/NotoSansTaiViet-Regular.ttf
770adc7c1000-770adc7d9000 r--p 00000000 fc:01 14549408                   /usr/share/fonts/truetype/noto/NotoSansTaiTham-Regular.ttf
770adc7d9000-770adc813000 r--p 00000000 fc:01 14549403                   /usr/share/fonts/truetype/noto/NotoSansSyriac-Regular.ttf
770adc813000-770adc819000 r--p 00000000 fc:01 14549398                   /usr/share/fonts/truetype/noto/NotoSansSundanese-Regular.ttf
770adc819000-770adc82a000 r--p 00000000 fc:01 14549396                   /usr/share/fonts/truetype/noto/NotoSansSoyombo-Regular.ttf
770adc82a000-770adc876000 r--p 00000000 fc:01 14549392                   /usr/share/fonts/truetype/noto/NotoSansSinhala-Regular.ttf
770adc876000-770adc899000 r--p 00000000 fc:01 14549389                   /usr/share/fonts/truetype/noto/NotoSansSiddham-Regular.ttf
770adc899000-770adc8a6000 r--p 00000000 fc:01 14549387                   /usr/share/fonts/truetype/noto/NotoSansSharada-Regular.ttf
770adc8a6000-770adc8af000 r--p 00000000 fc:01 14549386                   /usr/share/fonts/truetype/noto/NotoSansSaurashtra-Regular.ttf
770adc8af000-770adc8b2000 r--p 00000000 fc:01 14549384                   /usr/share/fonts/truetype/noto/NotoSansRunic-Regular.ttf
770adc8b2000-770adc8bc000 r--p 00000000 fc:01 14549380                   /usr/share/fonts/truetype/noto/NotoSansPhagsPa-Regular.ttf
770adc8bc000-770adc8c1000 r--p 00000000 fc:01 14549377                   /usr/share/fonts/truetype/noto/NotoSansPahawhHmong-Regular.ttf
770adc8c1000-770adc8c7000 r--p 00000000 fc:01 14549375                   /usr/share/fonts/truetype/noto/NotoSansOsage-Regular.ttf
770adc8c7000-770adc8df000 r--p 00000000 fc:01 14549374                   /usr/share/fonts/truetype/noto/NotoSansOriya-Regular.ttf
770adc8df000-770adc8fc000 r--p 00000000 fc:01 14549361                   /usr/share/fonts/truetype/noto/NotoSansNushu-Regular.ttf
770adc8fc000-770adc921000 r--p 00000000 fc:01 14549360                   /usr/share/fonts/truetype/noto/NotoSansNewa-Regular.ttf
770adc921000-770adc926000 r--p 00000000 fc:01 14549359                   /usr/share/fonts/truetype/noto/NotoSansNewTaiLue-Regular.ttf
770adc926000-770adc930000 r--p 00000000 fc:01 14549357                   /usr/share/fonts/truetype/noto/NotoSansNKo-Regular.ttf
770adc930000-770adc960000 r--p 00000000 fc:01 14549356                   /usr/share/fonts/truetype/noto/NotoSansMyanmar-Regular.ttf
770adc960000-770adc99c000 r--p 00000000 fc:01 14549350                   /usr/share/fonts/truetype/noto/NotoSansMongolian-Regular.ttf
770adc99c000-770adc9a7000 r--p 00000000 fc:01 14549349                   /usr/share/fonts/truetype/noto/NotoSansModi-Regular.ttf
770adc9a7000-770adc9b0000 r--p 00000000 fc:01 14549348                   /usr/share/fonts/truetype/noto/NotoSansMiao-Regular.ttf
770adc9b0000-770adc9b9000 r--p 00000000 fc:01 14549347                   /usr/share/fonts/truetype/noto/NotoSansMeroitic-Regular.ttf
770adc9b9000-770adc9c2000 r--p 00000000 fc:01 14549346                   /usr/share/fonts/truetype/noto/NotoSansMendeKikakui-Regular.ttf
770adc9c2000-770adc9c7000 r--p 00000000 fc:01 14549345                   /usr/share/fonts/truetype/noto/NotoSansMeeteiMayek-Regular.ttf
770adc9c7000-770adc9cf000 r--p 00000000 fc:01 14549343                   /usr/share/fonts/truetype/noto/NotoSansMedefaidrin-Regular.ttf
770adc9cf000-770adc9d7000 r--p 00000000 fc:01 14549339                   /usr/share/fonts/truetype/noto/NotoSansMasaramGondi-Regular.ttf
770adc9d7000-770adc9f8000 r--p 00000000 fc:01 14549338                   /usr/share/fonts/truetype/noto/NotoSansMarchen-Regular.ttf
770adc9f8000-770adca05000 r--p 00000000 fc:01 14549337                   /usr/share/fonts/truetype/noto/NotoSansManichaean-Regular.ttf
770adca05000-770adca20000 r--p 00000000 fc:01 14549335                   /usr/share/fonts/truetype/noto/NotoSansMalayalam-Regular.ttf
770adca20000-770adca30000 r--p 00000000 fc:01 14549328                   /usr/share/fonts/truetype/noto/NotoSansLinearB-Regular.ttf
770adca30000-770adca3f000 r--p 00000000 fc:01 14549327                   /usr/share/fonts/truetype/noto/NotoSansLinearA-Regular.ttf
770adca3f000-770adca43000 r--p 00000000 fc:01 14549326                   /usr/share/fonts/truetype/noto/NotoSansLimbu-Regular.ttf
770adca43000-770adca49000 r--p 00000000 fc:01 14549325                   /usr/share/fonts/truetype/noto/NotoSansLepcha-Regular.ttf
770adca49000-770adca51000 r--p 00000000 fc:01 14549324                   /usr/share/fonts/truetype/noto/NotoSansLao-Regular.ttf
770adca51000-770adca56000 r--p 00000000 fc:01 14549322                   /usr/share/fonts/truetype/noto/NotoSansKhudawadi-Regular.ttf
770adca56000-770adca66000 r--p 00000000 fc:01 14549321                   /usr/share/fonts/truetype/noto/NotoSansKhojki-Regular.ttf
770adca66000-770adca82000 r--p 00000000 fc:01 14549320                   /usr/share/fonts/truetype/noto/NotoSansKhmer-Regular.ttf
770adca82000-770adca8b000 r--p 00000000 fc:01 14549318                   /usr/share/fonts/truetype/noto/NotoSansKharoshthi-Regular.ttf
770adca8b000-770adcab1000 r--p 00000000 fc:01 14549315                   /usr/share/fonts/truetype/noto/NotoSansKannada-Regular.ttf
770adcab1000-770adcac8000 r--p 00000000 fc:01 14549313                   /usr/share/fonts/truetype/noto/NotoSansKaithi-Regular.ttf
770adcac8000-770adcae8000 r--p 00000000 fc:01 14549312                   /usr/share/fonts/truetype/noto/NotoSansJavanese-Regular.ttf
770adcae8000-770adcaef000 r--p 00000000 fc:01 14549306                   /usr/share/fonts/truetype/noto/NotoSansHebrew-Regular.ttf
770adcaef000-770adcafc000 r--p 00000000 fc:01 14549300                   /usr/share/fonts/truetype/noto/NotoSansGurmukhi-Regular.ttf
770adcafc000-770adcb0c000 r--p 00000000 fc:01 14549298                   /usr/share/fonts/truetype/noto/NotoSansGunjalaGondi-Regular.ttf
770adcb0c000-770adcb3f000 r--p 00000000 fc:01 14549297                   /usr/share/fonts/truetype/noto/NotoSansGujarati-Regular.ttf
770adcb3f000-770adcbae000 r--p 00000000 fc:01 14549295                   /usr/share/fonts/truetype/noto/NotoSansGrantha-Regular.ttf
770adcbae000-770adcbb8000 r--p 00000000 fc:01 14549293                   /usr/share/fonts/truetype/noto/NotoSansGlagolitic-Regular.ttf
770adcbb8000-770adcbc5000 r--p 00000000 fc:01 14549292                   /usr/share/fonts/truetype/noto/NotoSansGeorgian-Regular.ttf
770adcbc5000-770adcc19000 r--p 00000000 fc:01 14549290                   /usr/share/fonts/truetype/noto/NotoSansEthiopic-Regular.ttf
770adcc19000-770adcc1e000 r--p 00000000 fc:01 14549285                   /usr/share/fonts/truetype/noto/NotoSansDuployan-Regular.ttf
770adcc1e000-770adcc56000 r--p 00000000 fc:01 14549280                   /usr/share/fonts/truetype/noto/NotoSansDevanagari-Regular.ttf
770adcc56000-770adcc5b000 r--p 00000000 fc:01 14549278                   /usr/share/fonts/truetype/noto/NotoSansDeseret-Regular.ttf
770adcc5b000-770adcc5f000 r--p 00000000 fc:01 14549277                   /usr/share/fonts/truetype/noto/NotoSansCypriot-Regular.ttf
770adcc5f000-770adcd28000 r--p 00000000 fc:01 14549276                   /usr/share/fonts/truetype/noto/NotoSansCuneiform-Regular.ttf
770adcd28000-770adcd33000 r--p 00000000 fc:01 14549275                   /usr/share/fonts/truetype/noto/NotoSansCoptic-Regular.ttf
770adcd33000-770adcd4b000 r--p 00000000 fc:01 14549274                   /usr/share/fonts/truetype/noto/NotoSansCherokee-Regular.ttf
770adcd4b000-770adcd53000 r--p 00000000 fc:01 14549272                   /usr/share/fonts/truetype/noto/NotoSansCham-Regular.ttf
770adcd53000-770adcd62000 r--p 00000000 fc:01 14549270                   /usr/share/fonts/truetype/noto/NotoSansChakma-Regular.ttf
770adcd62000-770adcd69000 r--p 00000000 fc:01 14549269                   /usr/share/fonts/truetype/noto/NotoSansCaucasianAlbanian-Regular.ttf
770adcd69000-770adcd7f000 r--p 00000000 fc:01 14549267                   /usr/share/fonts/truetype/noto/NotoSansCanadianAboriginal-Regular.ttf
770adcd7f000-770adcd8a000 r--p 00000000 fc:01 14549263                   /usr/share/fonts/truetype/noto/NotoSansBrahmi-Regular.ttf
770adcd8a000-770adcdc7000 r--p 00000000 fc:01 14549262                   /usr/share/fonts/truetype/noto/NotoSansBhaiksuki-Regular.ttf
770adcdc7000-770adcdf9000 r--p 00000000 fc:01 14549261                   /usr/share/fonts/truetype/noto/NotoSansBengali-Regular.ttf
770adcdf9000-770adcdfd000 r--p 00000000 fc:01 14549259                   /usr/share/fonts/truetype/noto/NotoSansBatak-Regular.ttf
770adcdfd000-770adce35000 r--p 00000000 fc:01 14549257                   /usr/share/fonts/truetype/noto/NotoSansBamum-Regular.ttf
770adce35000-770adce4c000 r--p 00000000 fc:01 14549255                   /usr/share/fonts/truetype/noto/NotoSansBalinese-Regular.ttf
770adce4c000-770adce52000 r--p 00000000 fc:01 14549253                   /usr/share/fonts/truetype/noto/NotoSansAvestan-Regular.ttf
770adce52000-770adce5a000 r--p 00000000 fc:01 14549252                   /usr/share/fonts/truetype/noto/NotoSansArmenian-Regular.ttf
770adce5a000-770adce96000 r--p 00000000 fc:01 14549250                   /usr/share/fonts/truetype/noto/NotoSansArabic-Regular.ttf
770adce96000-770adcf14000 r--p 00000000 fc:01 14549243                   /usr/share/fonts/truetype/noto/NotoSans-Regular.ttf
770adcf14000-770adcf18000 ---p 00000000 00:00 0 
770adcf18000-770add014000 rw-p 00000000 00:00 0 
770add014000-770add092000 r--p 00000000 fc:01 14549240                   /usr/share/fonts/truetype/noto/NotoSans-Bold.ttf
770add092000-770add093000 ---p 00000000 00:00 0 
770add093000-770add193000 rw-p 00000000 00:00 0 
770add193000-770add197000 ---p 00000000 00:00 0 
770add197000-770add293000 rw-p 00000000 00:00 0 
770add293000-770add295000 r--p 00000000 fc:01 14424103                   /usr/lib/x86_64-linux-gnu/libuuid.so.1.3.0
770add295000-770add29a000 r-xp 00002000 fc:01 14424103                   /usr/lib/x86_64-linux-gnu/libuuid.so.1.3.0
770add29a000-770add29b000 r--p 00007000 fc:01 14424103                   /usr/lib/x86_64-linux-gnu/libuuid.so.1.3.0
770add29b000-770add29c000 r--p 00007000 fc:01 14424103                   /usr/lib/x86_64-linux-gnu/libuuid.so.1.3.0
770add29c000-770add29d000 rw-p 00008000 fc:01 14424103                   /usr/lib/x86_64-linux-gnu/libuuid.so.1.3.0
770add29d000-770add2a1000 r--p 00000000 fc:01 14433112                   /usr/lib/x86_64-linux-gnu/libICE.so.6.3.0
770add2a1000-770add2b0000 r-xp 00004000 fc:01 14433112                   /usr/lib/x86_64-linux-gnu/libICE.so.6.3.0
770add2b0000-770add2b4000 r--p 00013000 fc:01 14433112                   /usr/lib/x86_64-linux-gnu/libICE.so.6.3.0
770add2b4000-770add2b5000 r--p 00016000 fc:01 14433112                   /usr/lib/x86_64-linux-gnu/libICE.so.6.3.0
770add2b5000-770add2b6000 rw-p 00017000 fc:01 14433112                   /usr/lib/x86_64-linux-gnu/libICE.so.6.3.0
770add2b6000-770add2b9000 rw-p 00000000 00:00 0 
770add2b9000-770add2bb000 r--p 00000000 fc:01 14433117                   /usr/lib/x86_64-linux-gnu/libSM.so.6.0.1
770add2bb000-770add2c0000 r-xp 00002000 fc:01 14433117                   /usr/lib/x86_64-linux-gnu/libSM.so.6.0.1
770add2c0000-770add2c1000 r--p 00007000 fc:01 14433117                   /usr/lib/x86_64-linux-gnu/libSM.so.6.0.1
770add2c1000-770add2c2000 r--p 00008000 fc:01 14433117                   /usr/lib/x86_64-linux-gnu/libSM.so.6.0.1
770add2c2000-770add2c3000 rw-p 00009000 fc:01 14433117                   /usr/lib/x86_64-linux-gnu/libSM.so.6.0.1
770add2c3000-770add2cd000 r--p 00000000 fc:01 14433991                   /usr/lib/x86_64-linux-gnu/libxcb-xkb.so.1.0.0
770add2cd000-770add2da000 r-xp 0000a000 fc:01 14433991                   /usr/lib/x86_64-linux-gnu/libxcb-xkb.so.1.0.0
770add2da000-770add2df000 r--p 00017000 fc:01 14433991                   /usr/lib/x86_64-linux-gnu/libxcb-xkb.so.1.0.0
770add2df000-770add2e0000 r--p 0001b000 fc:01 14433991                   /usr/lib/x86_64-linux-gnu/libxcb-xkb.so.1.0.0
770add2e0000-770add2e1000 rw-p 0001c000 fc:01 14433991                   /usr/lib/x86_64-linux-gnu/libxcb-xkb.so.1.0.0
770add2e1000-770add2f3000 r--p 00000000 fc:01 14433142                   /usr/lib/x86_64-linux-gnu/libXt.so.6.0.0
770add2f3000-770add336000 r-xp 00012000 fc:01 14433142                   /usr/lib/x86_64-linux-gnu/libXt.so.6.0.0
770add336000-770add345000 r--p 00055000 fc:01 14433142                   /usr/lib/x86_64-linux-gnu/libXt.so.6.0.0
770add345000-770add346000 r--p 00064000 fc:01 14433142                   /usr/lib/x86_64-linux-gnu/libXt.so.6.0.0
770add346000-770add34b000 rw-p 00065000 fc:01 14433142                   /usr/lib/x86_64-linux-gnu/libXt.so.6.0.0
770add34b000-770add34c000 rw-p 00000000 00:00 0 
770add34c000-770add34f000 r--p 00000000 fc:01 14433995                   /usr/lib/x86_64-linux-gnu/libxkbcommon-x11.so.0.0.0
770add34f000-770add353000 r-xp 00003000 fc:01 14433995                   /usr/lib/x86_64-linux-gnu/libxkbcommon-x11.so.0.0.0
770add353000-770add354000 r--p 00007000 fc:01 14433995                   /usr/lib/x86_64-linux-gnu/libxkbcommon-x11.so.0.0.0
770add354000-770add355000 r--p 00008000 fc:01 14433995                   /usr/lib/x86_64-linux-gnu/libxkbcommon-x11.so.0.0.0
770add355000-770add356000 rw-p 00009000 fc:01 14433995                   /usr/lib/x86_64-linux-gnu/libxkbcommon-x11.so.0.0.0
770add356000-770add359000 r--p 00000000 fc:01 14549379                   /usr/share/fonts/truetype/noto/NotoSansPauCinHau-Regular.ttf
770add359000-770add35b000 r--p 00000000 fc:01 14549258                   /usr/share/fonts/truetype/noto/NotoSansBassaVah-Regular.ttf
770add35b000-770add373000 r--p 00000000 fc:01 14549245                   /usr/share/fonts/truetype/noto/NotoSansAdlam-Regular.ttf
770add373000-770add377000 ---p 00000000 00:00 0 
770add377000-770add473000 rw-p 00000000 00:00 0 
770add473000-770add4ce000 r--s 00000000 fc:01 25114854                   /home/bloch/.cache/fontconfig/2300eef321c393bfd76478a5c0e95b23-le64.cache-9
770add4ce000-770add4cf000 rw-s 1013d3000 00:11 1064                      anon_inode:i915.gem
770add4cf000-770add4d3000 r-xp 00000000 fc:01 26232227                   /home/bloch/.openjfx/cache/21+31/amd64/libjavafx_font_pango.so
770add4d3000-770add4d4000 r--p 00003000 fc:01 26232227                   /home/bloch/.openjfx/cache/21+31/amd64/libjavafx_font_pango.so
770add4d4000-770add4d5000 rw-p 00004000 fc:01 26232227                   /home/bloch/.openjfx/cache/21+31/amd64/libjavafx_font_pango.so
770add4d5000-770add4e2000 r-xp 00000000 fc:01 26086516                   /home/bloch/.gradle/caches/modules-2/files-2.1/com.github.kwhat/jnativehook/2.2.2/183dd1fb8927b008761802bb402629d5749b15d0/libJNativeHook-2.2.2.x86_64.so
770add4e2000-770add4e3000 r--p 0000c000 fc:01 26086516                   /home/bloch/.gradle/caches/modules-2/files-2.1/com.github.kwhat/jnativehook/2.2.2/183dd1fb8927b008761802bb402629d5749b15d0/libJNativeHook-2.2.2.x86_64.so
770add4e3000-770add4e4000 rw-p 0000d000 fc:01 26086516                   /home/bloch/.gradle/caches/modules-2/files-2.1/com.github.kwhat/jnativehook/2.2.2/183dd1fb8927b008761802bb402629d5749b15d0/libJNativeHook-2.2.2.x86_64.so
770add4e4000-770add4e8000 r--p 00000000 fc:01 15864269                   /usr/lib/jvm/java-21-openjdk-amd64/lib/libverify.so
770add4e8000-770add4ef000 r-xp 00004000 fc:01 15864269                   /usr/lib/jvm/java-21-openjdk-amd64/lib/libverify.so
770add4ef000-770add4f1000 r--p 0000b000 fc:01 15864269                   /usr/lib/jvm/java-21-openjdk-amd64/lib/libverify.so
770add4f1000-770add4f3000 r--p 0000c000 fc:01 15864269                   /usr/lib/jvm/java-21-openjdk-amd64/lib/libverify.so
770add4f3000-770add4f4000 rw-p 0000e000 fc:01 15864269                   /usr/lib/jvm/java-21-openjdk-amd64/lib/libverify.so
770add4f4000-770add4fa000 r--s 00000000 fc:01 11411785                   /var/cache/fontconfig/93a229ddef8289df64ac13624924bd14-le64.cache-9
770add4fa000-770add508000 r--s 00000000 fc:01 25114856                   /home/bloch/.cache/fontconfig/a4e60e8d1e10d2fdff3fe3037a1845fb-le64.cache-9
770add509000-770add50d000 r--s 00000000 fc:01 11411784                   /var/cache/fontconfig/62a296f92cd800a49657533f3dfe810f-le64.cache-9
770add50d000-770add50f000 r--s 00000000 fc:01 11411783                   /var/cache/fontconfig/2cce37071fd78829640a61fea3bb58f0-le64.cache-9
770add50f000-770add516000 r--s 00000000 fc:01 11411782                   /var/cache/fontconfig/6fe8b0d39a161d19087fe931545dda13-le64.cache-9
770add516000-770add51b000 r--s 00000000 fc:01 11408018                   /var/cache/fontconfig/6aa41aa22e18b8fa06a12da28ea9c28b-le64.cache-9
770add51b000-770add523000 r--s 00000000 fc:01 11411781                   /var/cache/fontconfig/63c7aca0c1b0a3f740ee470c2e28e675-le64.cache-9
770add523000-770add52c000 r--s 00000000 fc:01 11411780                   /var/cache/fontconfig/a6d8cf8e4ec09cdbc8633c31745a07dd-le64.cache-9
770add52c000-770add533000 r--s 00000000 fc:01 11411778                   /var/cache/fontconfig/270324a4f8f04b5b8e0371524e5a1fcd-le64.cache-9
770add533000-770add539000 r--s 00000000 fc:01 11411776                   /var/cache/fontconfig/bbd3eebb6912613e2596f2fd46535a95-le64.cache-9
770add539000-770add5ae000 r--s 00000000 fc:01 11407739                   /var/cache/fontconfig/0bd3dc0958fa2205aaaa8ebb13e2872b-le64.cache-9
770add5ae000-770add5b6000 r--s 00000000 fc:01 25114852                   /home/bloch/.cache/fontconfig/3047814df9a2f067bd2d96a2b9c36e5a-le64.cache-9
770add5b6000-770add5b8000 r--s 00000000 fc:01 11411777                   /var/cache/fontconfig/767a8244fc0220cfb567a839d0392e0b-le64.cache-9
770add5b8000-770add5bd000 r--s 00000000 fc:01 11411064                   /var/cache/fontconfig/c57959a16110560c8d0fcea73374aeeb-le64.cache-9
770add5bd000-770add5be000 r--s 00000000 fc:01 11420387                   /var/cache/fontconfig/da43223dd54fb3bb4243ae19d4b583b2-le64.cache-9
770add5be000-770add5c7000 r--s 00000000 fc:01 11411775                   /var/cache/fontconfig/bf3b770c553c462765856025a94f1ce6-le64.cache-9
770add5c7000-770add5c9000 r--s 00000000 fc:01 11411774                   /var/cache/fontconfig/80358e851108c3c2b55d9b5798e93f85-le64.cache-9
770add5c9000-770add5cd000 r--s 00000000 fc:01 11411773                   /var/cache/fontconfig/715927c029ee5789f7bcbe92036c8d73-le64.cache-9
770add5cd000-770add5d1000 r--s 00000000 fc:01 11411772                   /var/cache/fontconfig/e49e89034d371f0f9de17aab02136486-le64.cache-9
770add5d1000-770add5d3000 r--s 00000000 fc:01 11411771                   /var/cache/fontconfig/4b14b093aebc79c320de5e86ae1d3314-le64.cache-9
770add5d3000-770add5ea000 r--s 00000000 fc:01 11411770                   /var/cache/fontconfig/d52a8644073d54c13679302ca1180695-le64.cache-9
770add5ea000-770add5f1000 r--s 00000000 fc:01 11411768                   /var/cache/fontconfig/75ad6aa2358a85f0de2c8ee4837e8227-le64.cache-9
770add5f1000-770add5fe000 r--s 00000000 fc:01 11411767                   /var/cache/fontconfig/d589a48862398ed80a3d6066f4f56f4c-le64.cache-9
770add5fe000-770add602000 r--s 00000000 fc:01 11411766                   /var/cache/fontconfig/246184dc75a16901ca37d96895904249-le64.cache-9
770add602000-770add608000 r--s 00000000 fc:01 11411765                   /var/cache/fontconfig/b25010134a2e462c779c1c1d5ccbff7b-le64.cache-9
770add608000-770add60a000 r--s 00000000 fc:01 11411764                   /var/cache/fontconfig/423767150eb258c59035de29db6fca84-le64.cache-9
770add60a000-770add60e000 r--s 00000000 fc:01 11411763                   /var/cache/fontconfig/747030b94f39446b354ceb1e1acd0890-le64.cache-9
770add60e000-770add611000 r--s 00000000 fc:01 11411762                   /var/cache/fontconfig/7ced87123e2d184881c6610d82463bf1-le64.cache-9
770add611000-770add614000 r--s 00000000 fc:01 11411760                   /var/cache/fontconfig/6386b86020ecc1ef9690bb720a13964f-le64.cache-9
770add614000-770add616000 r--s 00000000 fc:01 11411759                   /var/cache/fontconfig/099525ddca5eae4f2477b69cf2d7f16d-le64.cache-9
770add616000-770add629000 r--s 00000000 fc:01 11411753                   /var/cache/fontconfig/198d8fcf01c96d0cf813f74fd759bdb7-le64.cache-9
770add629000-770add638000 r--s 00000000 fc:01 25114844                   /home/bloch/.cache/fontconfig/6cc790b63b123a6a96ee260fcdad32a9-le64.cache-9
770add638000-770add639000 r--s 00000000 fc:01 25114847                   /home/bloch/.cache/fontconfig/3f7329c5293ffd510edef78f73874cfd-le64.cache-9
770add639000-770add63b000 r--s 00000000 fc:01 11411758                   /var/cache/fontconfig/61092ac79d9058a69eda095afa0a78f1-le64.cache-9
770add63b000-770add63d000 r--s 00000000 fc:01 11411757                   /var/cache/fontconfig/a722efc6911bbe16667b1a77497ffd37-le64.cache-9
770add63d000-770add645000 r--s 00000000 fc:01 11411755                   /var/cache/fontconfig/089dead882dea3570ffc31a9898cfb69-le64.cache-9
770add645000-770add648000 r--s 00000000 fc:01 11411754                   /var/cache/fontconfig/bfc3d88043f4e56c1d755b876167bb77-le64.cache-9
770add648000-770add661000 r--s 00000000 fc:01 11411752                   /var/cache/fontconfig/da82082e1ef13c4097208324d67c180c-le64.cache-9
770add661000-770add672000 r--s 00000000 fc:01 25114839                   /home/bloch/.cache/fontconfig/9b89f8e3dae116d678bbf48e5f21f69b-le64.cache-9
770add672000-770add673000 r--s 00000000 fc:01 11411769                   /var/cache/fontconfig/8a687c406b77f27d99abfeeba937fcce-le64.cache-9
770add673000-770add676000 r--s 00000000 fc:01 11411750                   /var/cache/fontconfig/75114ca45c98e8a441da0ff356701271-le64.cache-9
770add676000-770add683000 r--s 00000000 fc:01 11411749                   /var/cache/fontconfig/83bf95040141907cd45bb53cf7c1c148-le64.cache-9
770add683000-770add686000 r--s 00000000 fc:01 11411744                   /var/cache/fontconfig/c67395ae27c12661fddd23da86d5de13-le64.cache-9
770add686000-770add68e000 r--s 00000000 fc:01 11411741                   /var/cache/fontconfig/53d14c92082a93e67d5078324eb314ca-le64.cache-9
770add68e000-770add692000 r--s 00000000 fc:01 11411740                   /var/cache/fontconfig/6c08beecf0dac481ec92e759e0c2e6d7-le64.cache-9
770add692000-770add696000 r--s 00000000 fc:01 11411739                   /var/cache/fontconfig/4d6aee6d44eccb37054d3216e945f618-le64.cache-9
770add696000-770add69a000 r--s 00000000 fc:01 11411738                   /var/cache/fontconfig/d6c6df98c3df5faf9bd0f8ef4d91efe5-le64.cache-9
770add69a000-770add69e000 r--s 00000000 fc:01 11411737                   /var/cache/fontconfig/9fb319ef52839f11ee26ab8b4cffa12b-le64.cache-9
770add69e000-770add6af000 r--s 00000000 fc:01 11411736                   /var/cache/fontconfig/cadc3060d3cbe99d6aa4dd880095be12-le64.cache-9
770add6af000-770add6c6000 r--s 00000000 fc:01 11411734                   /var/cache/fontconfig/4ac51e5cfbc76fc3f983e470323a16d3-le64.cache-9
770add6c6000-770add6c9000 r--s 00000000 fc:01 11411733                   /var/cache/fontconfig/c19b55eb3b4c5b40ea175e31682068a5-le64.cache-9
770add6c9000-770add6cd000 r--s 00000000 fc:01 11411731                   /var/cache/fontconfig/3629f2adf904f9a612908891fae71ceb-le64.cache-9
770add6cd000-770add6d0000 r--s 00000000 fc:01 11411729                   /var/cache/fontconfig/4d61979dbde8c46a84bfdd79a1f6da86-le64.cache-9
770add6d0000-770add6d3000 r--s 00000000 fc:01 11411727                   /var/cache/fontconfig/361f143d0cd031e2e4d9179096c8df3c-le64.cache-9
770add6d3000-770add6ff000 r--s 00000000 fc:01 11408011                   /var/cache/fontconfig/e13b20fdb08344e0e664864cc2ede53d-le64.cache-9
770add6ff000-770add700000 ---p 00000000 00:00 0 
770add700000-770add800000 rw-p 00000000 00:00 0 
770add800000-770add8f8000 r-xp 00000000 fc:01 11796674                   /tmp/sqlite-3.45.1.0-ec3faf51-4443-43f9-9498-b87a5985fd1a-libsqlitejdbc.so
770add8f8000-770addaf8000 ---p 000f8000 fc:01 11796674                   /tmp/sqlite-3.45.1.0-ec3faf51-4443-43f9-9498-b87a5985fd1a-libsqlitejdbc.so
770addaf8000-770addb00000 rw-p 000f8000 fc:01 11796674                   /tmp/sqlite-3.45.1.0-ec3faf51-4443-43f9-9498-b87a5985fd1a-libsqlitejdbc.so
770addb00000-770addb02000 r--s 00000000 fc:01 11411756                   /var/cache/fontconfig/d63fdd8e0f42559533dd777c334fdfcc-le64.cache-9
770addb02000-770addb05000 r--s 00000000 fc:01 11411726                   /var/cache/fontconfig/62f91419b9ebdb6975e7e41ab6412357-le64.cache-9
770addb05000-770addb09000 r--s 00000000 fc:01 11411725                   /var/cache/fontconfig/de83a0a961185c8bd1f159015d56c039-le64.cache-9
770addb09000-770addb0c000 r--s 00000000 fc:01 11411722                   /var/cache/fontconfig/a93d7a67130f8d41c5da19d7938c1751-le64.cache-9
770addb0c000-770addb0d000 ---p 00000000 00:00 0 
770addb0d000-770addc0d000 rw-p 00000000 00:00 0 
770addc0d000-770addc0e000 ---p 00000000 00:00 0 
770addc0e000-770addd0e000 rw-p 00000000 00:00 0 
770addd0e000-770addd0f000 ---p 00000000 00:00 0 
770addd0f000-770ade50f000 rw-p 00000000 00:00 0 
770ade50f000-770ade510000 ---p 00000000 00:00 0 
770ade510000-770aded10000 rw-p 00000000 00:00 0 
770aded10000-770aded16000 r--p 00000000 fc:01 14433647                   /usr/lib/x86_64-linux-gnu/libmp3lame.so.0.0.0
770aded16000-770aded47000 r-xp 00006000 fc:01 14433647                   /usr/lib/x86_64-linux-gnu/libmp3lame.so.0.0.0
770aded47000-770aded57000 r--p 00037000 fc:01 14433647                   /usr/lib/x86_64-linux-gnu/libmp3lame.so.0.0.0
770aded57000-770aded58000 r--p 00047000 fc:01 14433647                   /usr/lib/x86_64-linux-gnu/libmp3lame.so.0.0.0
770aded58000-770aded59000 rw-p 00048000 fc:01 14433647                   /usr/lib/x86_64-linux-gnu/libmp3lame.so.0.0.0
770aded59000-770aded86000 rw-p 00000000 00:00 0 
770aded86000-770aded8b000 r--p 00000000 fc:01 14423131                   /usr/lib/x86_64-linux-gnu/libmpg123.so.0.48.2
770aded8b000-770adedc6000 r-xp 00005000 fc:01 14423131                   /usr/lib/x86_64-linux-gnu/libmpg123.so.0.48.2
770adedc6000-770adede0000 r--p 00040000 fc:01 14423131                   /usr/lib/x86_64-linux-gnu/libmpg123.so.0.48.2
770adede0000-770adede1000 r--p 0005a000 fc:01 14423131                   /usr/lib/x86_64-linux-gnu/libmpg123.so.0.48.2
770adede1000-770adede2000 rw-p 0005b000 fc:01 14423131                   /usr/lib/x86_64-linux-gnu/libmpg123.so.0.48.2
770adede2000-770adede5000 r--p 00000000 fc:01 14433720                   /usr/lib/x86_64-linux-gnu/libopus.so.0.9.0
770adede5000-770adee2f000 r-xp 00003000 fc:01 14433720                   /usr/lib/x86_64-linux-gnu/libopus.so.0.9.0
770adee2f000-770adee3f000 r--p 0004d000 fc:01 14433720                   /usr/lib/x86_64-linux-gnu/libopus.so.0.9.0
770adee3f000-770adee40000 r--p 0005d000 fc:01 14433720                   /usr/lib/x86_64-linux-gnu/libopus.so.0.9.0
770adee40000-770adee41000 rw-p 0005e000 fc:01 14433720                   /usr/lib/x86_64-linux-gnu/libopus.so.0.9.0
770adee41000-770adee55000 r--p 00000000 fc:01 14433936                   /usr/lib/x86_64-linux-gnu/libvorbisenc.so.2.0.12
770adee55000-770adee58000 r-xp 00014000 fc:01 14433936                   /usr/lib/x86_64-linux-gnu/libvorbisenc.so.2.0.12
770adee58000-770adeecf000 r--p 00017000 fc:01 14433936                   /usr/lib/x86_64-linux-gnu/libvorbisenc.so.2.0.12
770adeecf000-770adeeeb000 r--p 0008d000 fc:01 14433936                   /usr/lib/x86_64-linux-gnu/libvorbisenc.so.2.0.12
770adeeeb000-770adeeec000 rw-p 000a9000 fc:01 14433936                   /usr/lib/x86_64-linux-gnu/libvorbisenc.so.2.0.12
770adeeec000-770adeef4000 r--p 00000000 fc:01 14433100                   /usr/lib/x86_64-linux-gnu/libFLAC.so.12.1.0
770adeef4000-770adef46000 r-xp 00008000 fc:01 14433100                   /usr/lib/x86_64-linux-gnu/libFLAC.so.12.1.0
770adef46000-770adef4e000 r--p 0005a000 fc:01 14433100                   /usr/lib/x86_64-linux-gnu/libFLAC.so.12.1.0
770adef4e000-770adef4f000 r--p 00062000 fc:01 14433100                   /usr/lib/x86_64-linux-gnu/libFLAC.so.12.1.0
770adef4f000-770adef50000 rw-p 00063000 fc:01 14433100                   /usr/lib/x86_64-linux-gnu/libFLAC.so.12.1.0
770adef50000-770adef58000 r--p 00000000 fc:01 14423139                   /usr/lib/x86_64-linux-gnu/libsndfile.so.1.0.37
770adef58000-770adefb9000 r-xp 00008000 fc:01 14423139                   /usr/lib/x86_64-linux-gnu/libsndfile.so.1.0.37
770adefb9000-770adefd2000 r--p 00069000 fc:01 14423139                   /usr/lib/x86_64-linux-gnu/libsndfile.so.1.0.37
770adefd2000-770adefd5000 r--p 00081000 fc:01 14423139                   /usr/lib/x86_64-linux-gnu/libsndfile.so.1.0.37
770adefd5000-770adefd6000 rw-p 00084000 fc:01 14423139                   /usr/lib/x86_64-linux-gnu/libsndfile.so.1.0.37
770adefd6000-770adefd8000 rw-p 00000000 00:00 0 
770adefd8000-770adefea000 r--p 00000000 fc:01 14423148                   /usr/lib/x86_64-linux-gnu/pulseaudio/libpulsecommon-16.1.so
770adefea000-770adf034000 r-xp 00012000 fc:01 14423148                   /usr/lib/x86_64-linux-gnu/pulseaudio/libpulsecommon-16.1.so
770adf034000-770adf053000 r--p 0005c000 fc:01 14423148                   /usr/lib/x86_64-linux-gnu/pulseaudio/libpulsecommon-16.1.so
770adf053000-770adf055000 r--p 0007a000 fc:01 14423148                   /usr/lib/x86_64-linux-gnu/pulseaudio/libpulsecommon-16.1.so
770adf055000-770adf056000 rw-p 0007c000 fc:01 14423148                   /usr/lib/x86_64-linux-gnu/pulseaudio/libpulsecommon-16.1.so
770adf056000-770adf0f0000 r--p 00000000 fc:01 14705629                   /usr/share/locale/fr/LC_MESSAGES/vlc.mo
770adf0f0000-770adf104000 r--p 00000000 fc:01 14435008                   /usr/lib/x86_64-linux-gnu/libvlccore.so.9.0.1
770adf104000-770adf1bd000 r-xp 00014000 fc:01 14435008                   /usr/lib/x86_64-linux-gnu/libvlccore.so.9.0.1
770adf1bd000-770adf1f8000 r--p 000cd000 fc:01 14435008                   /usr/lib/x86_64-linux-gnu/libvlccore.so.9.0.1
770adf1f8000-770adf1fd000 r--p 00107000 fc:01 14435008                   /usr/lib/x86_64-linux-gnu/libvlccore.so.9.0.1
770adf1fd000-770adf1fe000 rw-p 0010c000 fc:01 14435008                   /usr/lib/x86_64-linux-gnu/libvlccore.so.9.0.1
770adf1fe000-770adf200000 rw-p 00000000 00:00 0 
770adf200000-770adf21e000 r-xp 00000000 fc:01 25239993                   /home/bloch/.cache/JNA/temp/jna13334865771475318131.tmp (deleted)
770adf21e000-770adf41d000 ---p 0001e000 fc:01 25239993                   /home/bloch/.cache/JNA/temp/jna13334865771475318131.tmp (deleted)
770adf41d000-770adf41e000 rw-p 0001d000 fc:01 25239993                   /home/bloch/.cache/JNA/temp/jna13334865771475318131.tmp (deleted)
770adf41e000-770adf41f000 rw-p 00000000 00:00 0 
770adf41f000-770adf420000 r--s 00000000 fc:01 11411761                   /var/cache/fontconfig/e7de81b01590fb7e12b38e274e17d0db-le64.cache-9
770adf420000-770adf445000 r--s 00000000 fc:01 11408012                   /var/cache/fontconfig/467c019e582ee353435ea5c21d137ef6-le64.cache-9
770adf445000-770adf451000 r--p 00000000 fc:01 14423147                   /usr/lib/x86_64-linux-gnu/libpulse.so.0.24.2
770adf451000-770adf482000 r-xp 0000c000 fc:01 14423147                   /usr/lib/x86_64-linux-gnu/libpulse.so.0.24.2
770adf482000-770adf493000 r--p 0003d000 fc:01 14423147                   /usr/lib/x86_64-linux-gnu/libpulse.so.0.24.2
770adf493000-770adf495000 r--p 0004d000 fc:01 14423147                   /usr/lib/x86_64-linux-gnu/libpulse.so.0.24.2
770adf495000-770adf496000 rw-p 0004f000 fc:01 14423147                   /usr/lib/x86_64-linux-gnu/libpulse.so.0.24.2
770adf496000-770adf497000 r--s 00000000 fc:01 11411751                   /var/cache/fontconfig/255c7f79afcc9d7df0b0b4dce75ec8e5-le64.cache-9
770adf497000-770adf498000 r--s 00000000 fc:01 11411748                   /var/cache/fontconfig/190ffc35f1a3b2dab79b3911db521db5-le64.cache-9
770adf498000-770adf49d000 r--s 00000000 fc:01 11411718                   /var/cache/fontconfig/198dcdad82c1ebc3868edff741eb1653-le64.cache-9
770adf49d000-770adf4ac000 r--s 00000000 fc:01 11408016                   /var/cache/fontconfig/8f02d4cb045bd6ce15663e43f347c9f8-le64.cache-9
770adf4ac000-770adf4b1000 r-xp 00000000 fc:01 26232226                   /home/bloch/.openjfx/cache/21+31/amd64/libjavafx_font_freetype.so
770adf4b1000-770adf4b2000 r--p 00004000 fc:01 26232226                   /home/bloch/.openjfx/cache/21+31/amd64/libjavafx_font_freetype.so
770adf4b2000-770adf4b3000 rw-p 00005000 fc:01 26232226                   /home/bloch/.openjfx/cache/21+31/amd64/libjavafx_font_freetype.so
770adf4b3000-770adf4fd000 r--s 00000000 fc:01 15092955                   /usr/lib/x86_64-linux-gnu/vlc/plugins/plugins.dat
770adf4fd000-770adf501000 ---p 00000000 00:00 0 
770adf501000-770adf5fd000 rw-p 00000000 00:00 0 
770adf5fd000-770adf5fe000 ---p 00000000 00:00 0 
770adf5fe000-770adf6fe000 rw-p 00000000 00:00 0 
770adf6fe000-770adf6ff000 ---p 00000000 00:00 0 
770adf6ff000-770adf7ff000 rw-p 00000000 00:00 0 
770adf7ff000-770adf800000 ---p 00000000 00:00 0 
770adf800000-770ae0000000 rw-p 00000000 00:00 0 
770ae0000000-770ae0021000 rw-p 00000000 00:00 0 
770ae0021000-770ae4000000 ---p 00000000 00:00 0 
770ae4000000-770ae4021000 rw-p 00000000 00:00 0 
770ae4021000-770ae8000000 ---p 00000000 00:00 0 
770ae8000000-770aea8c0000 rw-p 00000000 00:00 0 
770aea8c0000-770aec000000 ---p 00000000 00:00 0 
770aec000000-770aec021000 rw-p 00000000 00:00 0 
770aec021000-770af0000000 ---p 00000000 00:00 0 
770af0000000-770af0021000 rw-p 00000000 00:00 0 
770af0021000-770af4000000 ---p 00000000 00:00 0 
770af4000000-770af4021000 rw-p 00000000 00:00 0 
770af4021000-770af8000000 ---p 00000000 00:00 0 
770af8000000-770af8021000 rw-p 00000000 00:00 0 
770af8021000-770afc000000 ---p 00000000 00:00 0 
770afc000000-770afc001000 r--s 00000000 fc:01 11411746                   /var/cache/fontconfig/20f64362fe0e193f346f70b7c4c81449-le64.cache-9
770afc001000-770afc004000 r-xp 00000000 fc:01 26232225                   /home/bloch/.openjfx/cache/21+31/amd64/libjavafx_font.so
770afc004000-770afc005000 r--p 00002000 fc:01 26232225                   /home/bloch/.openjfx/cache/21+31/amd64/libjavafx_font.so
770afc005000-770afc006000 rw-p 00003000 fc:01 26232225                   /home/bloch/.openjfx/cache/21+31/amd64/libjavafx_font.so
770afc006000-770afc009000 r--p 00000000 fc:01 14418873                   /usr/lib/x86_64-linux-gnu/libapparmor.so.1.17.2
770afc009000-770afc013000 r-xp 00003000 fc:01 14418873                   /usr/lib/x86_64-linux-gnu/libapparmor.so.1.17.2
770afc013000-770afc019000 r--p 0000d000 fc:01 14418873                   /usr/lib/x86_64-linux-gnu/libapparmor.so.1.17.2
770afc019000-770afc01a000 r--p 00013000 fc:01 14418873                   /usr/lib/x86_64-linux-gnu/libapparmor.so.1.17.2
770afc01a000-770afc01b000 rw-p 00014000 fc:01 14418873                   /usr/lib/x86_64-linux-gnu/libapparmor.so.1.17.2
770afc01b000-770afc065000 r--s 00000000 fc:01 15092955                   /usr/lib/x86_64-linux-gnu/vlc/plugins/plugins.dat
770afc065000-770afc068000 r--p 00000000 fc:01 14423082                   /usr/lib/x86_64-linux-gnu/libidn.so.12.6.5
770afc068000-770afc06d000 r-xp 00003000 fc:01 14423082                   /usr/lib/x86_64-linux-gnu/libidn.so.12.6.5
770afc06d000-770afc097000 r--p 00008000 fc:01 14423082                   /usr/lib/x86_64-linux-gnu/libidn.so.12.6.5
770afc097000-770afc099000 r--p 00031000 fc:01 14423082                   /usr/lib/x86_64-linux-gnu/libidn.so.12.6.5
770afc099000-770afc09a000 rw-p 00033000 fc:01 14423082                   /usr/lib/x86_64-linux-gnu/libidn.so.12.6.5
770afc09a000-770afc09b000 r--s 00000000 fc:01 11411745                   /var/cache/fontconfig/92dbd7cf907446bab5f4775ae207b5b4-le64.cache-9
770afc09b000-770afc0a9000 r--p 00000000 fc:01 14724642                   /usr/share/locale-langpack/fr/LC_MESSAGES/pulseaudio.mo
770afc0a9000-770afc0ab000 r--p 00000000 fc:01 14433230                   /usr/lib/x86_64-linux-gnu/libasyncns.so.0.3.1
770afc0ab000-770afc0ae000 r-xp 00002000 fc:01 14433230                   /usr/lib/x86_64-linux-gnu/libasyncns.so.0.3.1
770afc0ae000-770afc0af000 r--p 00005000 fc:01 14433230                   /usr/lib/x86_64-linux-gnu/libasyncns.so.0.3.1
770afc0af000-770afc0b0000 r--p 00005000 fc:01 14433230                   /usr/lib/x86_64-linux-gnu/libasyncns.so.0.3.1
770afc0b0000-770afc0b1000 rw-p 00006000 fc:01 14433230                   /usr/lib/x86_64-linux-gnu/libasyncns.so.0.3.1
770afc0b1000-770afc0b3000 r--p 00000000 fc:01 15092363                   /usr/lib/x86_64-linux-gnu/vlc/libvlc_pulse.so.0.0.0
770afc0b3000-770afc0b4000 r-xp 00002000 fc:01 15092363                   /usr/lib/x86_64-linux-gnu/vlc/libvlc_pulse.so.0.0.0
770afc0b4000-770afc0b5000 r--p 00003000 fc:01 15092363                   /usr/lib/x86_64-linux-gnu/vlc/libvlc_pulse.so.0.0.0
770afc0b5000-770afc0b6000 r--p 00003000 fc:01 15092363                   /usr/lib/x86_64-linux-gnu/vlc/libvlc_pulse.so.0.0.0
770afc0b6000-770afc0b7000 rw-p 00004000 fc:01 15092363                   /usr/lib/x86_64-linux-gnu/vlc/libvlc_pulse.so.0.0.0
770afc0b7000-770afc0b8000 ---p 00000000 00:00 0 
770afc0b8000-770afc1b8000 rw-p 00000000 00:00 0 
770afc1b8000-770afc1b9000 ---p 00000000 00:00 0 
770afc1b9000-770afc2b9000 rw-p 00000000 00:00 0 
770afc2b9000-770afc2ba000 ---p 00000000 00:00 0 
770afc2ba000-770afc3ba000 rw-p 00000000 00:00 0 
770afc3ba000-770afc3be000 ---p 00000000 00:00 0 
770afc3be000-770afc4ba000 rw-p 00000000 00:00 0 
770afc4ba000-770afc4bb000 ---p 00000000 00:00 0 
770afc4bb000-770afccbb000 rw-p 00000000 00:00 0 
770afccbb000-770afccbc000 ---p 00000000 00:00 0 
770afccbc000-770afd4bc000 rw-p 00000000 00:00 0 
770afd4bc000-770afd4bd000 ---p 00000000 00:00 0 
770afd4bd000-770afdcbd000 rw-p 00000000 00:00 0 
770afdcbd000-770afddfe000 rw-s 00000000 fc:01 25040328                   /home/bloch/.cache/mesa_shader_cache/index
770afddfe000-770afddff000 ---p 00000000 00:00 0 
770afddff000-770afe5ff000 rw-p 00000000 00:00 0 
770afe5ff000-770afe603000 ---p 00000000 00:00 0 
770afe603000-770afe6ff000 rw-p 00000000 00:00 0 
770afe6ff000-770afe703000 ---p 00000000 00:00 0 
770afe703000-770afe7ff000 rw-p 00000000 00:00 0 
770afe7ff000-770afe800000 ---p 00000000 00:00 0 
770afe800000-770aff000000 rw-p 00000000 00:00 0 
770aff000000-770aff083000 r--p 00000000 fc:01 14421605                   /usr/lib/x86_64-linux-gnu/libgtk-3.so.0.2409.32
770aff083000-770aff431000 r-xp 00083000 fc:01 14421605                   /usr/lib/x86_64-linux-gnu/libgtk-3.so.0.2409.32
770aff431000-770aff7b6000 r--p 00431000 fc:01 14421605                   /usr/lib/x86_64-linux-gnu/libgtk-3.so.0.2409.32
770aff7b6000-770aff7c6000 r--p 007b5000 fc:01 14421605                   /usr/lib/x86_64-linux-gnu/libgtk-3.so.0.2409.32
770aff7c6000-770aff7c8000 rw-p 007c5000 fc:01 14421605                   /usr/lib/x86_64-linux-gnu/libgtk-3.so.0.2409.32
770aff7c8000-770aff7cd000 rw-p 00000000 00:00 0 
770aff7cd000-770aff7cf000 r--s 00000000 fc:01 11411743                   /var/cache/fontconfig/6e6b34ae150a7ad95e82fb4a522f0bda-le64.cache-9
770aff7cf000-770aff7d1000 r--p 00000000 fc:01 15092502                   /usr/lib/x86_64-linux-gnu/vlc/plugins/audio_output/libpulse_plugin.so
770aff7d1000-770aff7d4000 r-xp 00002000 fc:01 15092502                   /usr/lib/x86_64-linux-gnu/vlc/plugins/audio_output/libpulse_plugin.so
770aff7d4000-770aff7d5000 r--p 00005000 fc:01 15092502                   /usr/lib/x86_64-linux-gnu/vlc/plugins/audio_output/libpulse_plugin.so
770aff7d5000-770aff7d6000 r--p 00006000 fc:01 15092502                   /usr/lib/x86_64-linux-gnu/vlc/plugins/audio_output/libpulse_plugin.so
770aff7d6000-770aff7d7000 rw-p 00007000 fc:01 15092502                   /usr/lib/x86_64-linux-gnu/vlc/plugins/audio_output/libpulse_plugin.so
770aff7d7000-770aff7df000 r--p 00000000 fc:01 14435010                   /usr/lib/x86_64-linux-gnu/libvlc.so.5.6.1
770aff7df000-770aff7f5000 r-xp 00008000 fc:01 14435010                   /usr/lib/x86_64-linux-gnu/libvlc.so.5.6.1
770aff7f5000-770aff7fd000 r--p 0001e000 fc:01 14435010                   /usr/lib/x86_64-linux-gnu/libvlc.so.5.6.1
770aff7fd000-770aff7fe000 r--p 00025000 fc:01 14435010                   /usr/lib/x86_64-linux-gnu/libvlc.so.5.6.1
770aff7fe000-770aff7ff000 rw-p 00026000 fc:01 14435010                   /usr/lib/x86_64-linux-gnu/libvlc.so.5.6.1
770aff7ff000-770aff800000 ---p 00000000 00:00 0 
770aff800000-770b00000000 rw-p 00000000 00:00 0 
770b00000000-770b00021000 rw-p 00000000 00:00 0 
770b00021000-770b04000000 ---p 00000000 00:00 0 
770b04000000-770b04021000 rw-p 00000000 00:00 0 
770b04021000-770b08000000 ---p 00000000 00:00 0 
770b08000000-770b08021000 rw-p 00000000 00:00 0 
770b08021000-770b0c000000 ---p 00000000 00:00 0 
770b0c000000-770b0c001000 r--s 00000000 fc:01 11411742                   /var/cache/fontconfig/3334a778d104e76d188e9df399bc24d2-le64.cache-9
770b0c001000-770b0c002000 r--p 00000000 fc:01 15092619                   /usr/lib/x86_64-linux-gnu/vlc/plugins/keystore/libmemory_keystore_plugin.so
770b0c002000-770b0c003000 r-xp 00001000 fc:01 15092619                   /usr/lib/x86_64-linux-gnu/vlc/plugins/keystore/libmemory_keystore_plugin.so
770b0c003000-770b0c004000 r--p 00002000 fc:01 15092619                   /usr/lib/x86_64-linux-gnu/vlc/plugins/keystore/libmemory_keystore_plugin.so
770b0c004000-770b0c005000 r--p 00002000 fc:01 15092619                   /usr/lib/x86_64-linux-gnu/vlc/plugins/keystore/libmemory_keystore_plugin.so
770b0c005000-770b0c006000 rw-p 00003000 fc:01 15092619                   /usr/lib/x86_64-linux-gnu/vlc/plugins/keystore/libmemory_keystore_plugin.so
770b0c006000-770b0c007000 r--p 00000000 fc:01 15092622                   /usr/lib/x86_64-linux-gnu/vlc/plugins/logger/libconsole_logger_plugin.so
770b0c007000-770b0c008000 r-xp 00001000 fc:01 15092622                   /usr/lib/x86_64-linux-gnu/vlc/plugins/logger/libconsole_logger_plugin.so
770b0c008000-770b0c009000 r--p 00002000 fc:01 15092622                   /usr/lib/x86_64-linux-gnu/vlc/plugins/logger/libconsole_logger_plugin.so
770b0c009000-770b0c00a000 r--p 00002000 fc:01 15092622                   /usr/lib/x86_64-linux-gnu/vlc/plugins/logger/libconsole_logger_plugin.so
770b0c00a000-770b0c00b000 rw-p 00003000 fc:01 15092622                   /usr/lib/x86_64-linux-gnu/vlc/plugins/logger/libconsole_logger_plugin.so
770b0c00b000-770b0c00c000 r--p 00000000 fc:01 15092623                   /usr/lib/x86_64-linux-gnu/vlc/plugins/logger/libfile_logger_plugin.so
770b0c00c000-770b0c00d000 r-xp 00001000 fc:01 15092623                   /usr/lib/x86_64-linux-gnu/vlc/plugins/logger/libfile_logger_plugin.so
770b0c00d000-770b0c00e000 r--p 00002000 fc:01 15092623                   /usr/lib/x86_64-linux-gnu/vlc/plugins/logger/libfile_logger_plugin.so
770b0c00e000-770b0c00f000 r--p 00002000 fc:01 15092623                   /usr/lib/x86_64-linux-gnu/vlc/plugins/logger/libfile_logger_plugin.so
770b0c00f000-770b0c010000 rw-p 00003000 fc:01 15092623                   /usr/lib/x86_64-linux-gnu/vlc/plugins/logger/libfile_logger_plugin.so
770b0c010000-770b0c011000 r--p 00000000 fc:01 15092625                   /usr/lib/x86_64-linux-gnu/vlc/plugins/logger/libsyslog_plugin.so
770b0c011000-770b0c012000 r-xp 00001000 fc:01 15092625                   /usr/lib/x86_64-linux-gnu/vlc/plugins/logger/libsyslog_plugin.so
770b0c012000-770b0c013000 r--p 00002000 fc:01 15092625                   /usr/lib/x86_64-linux-gnu/vlc/plugins/logger/libsyslog_plugin.so
770b0c013000-770b0c014000 r--p 00002000 fc:01 15092625                   /usr/lib/x86_64-linux-gnu/vlc/plugins/logger/libsyslog_plugin.so
770b0c014000-770b0c015000 rw-p 00003000 fc:01 15092625                   /usr/lib/x86_64-linux-gnu/vlc/plugins/logger/libsyslog_plugin.so
770b0c015000-770b0c019000 ---p 00000000 00:00 0 
770b0c019000-770b0c037000 rw-p 00000000 00:00 0 
770b0c037000-770b0c077000 rw-s 1016a8000 00:11 1064                      anon_inode:i915.gem
770b0c077000-770b0c0ac000 r--p 00000000 fc:01 14549647                   /usr/share/glib-2.0/schemas/gschemas.compiled
770b0c0ac000-770b0c0ae000 r--p 00000000 fc:01 14433716                   /usr/lib/x86_64-linux-gnu/libogg.so.0.8.5
770b0c0ae000-770b0c0b1000 r-xp 00002000 fc:01 14433716                   /usr/lib/x86_64-linux-gnu/libogg.so.0.8.5
770b0c0b1000-770b0c0b4000 r--p 00005000 fc:01 14433716                   /usr/lib/x86_64-linux-gnu/libogg.so.0.8.5
770b0c0b4000-770b0c0b5000 r--p 00007000 fc:01 14433716                   /usr/lib/x86_64-linux-gnu/libogg.so.0.8.5
770b0c0b5000-770b0c0b6000 rw-p 00008000 fc:01 14433716                   /usr/lib/x86_64-linux-gnu/libogg.so.0.8.5
770b0c0b6000-770b0c0b9000 r--p 00000000 fc:01 14433935                   /usr/lib/x86_64-linux-gnu/libvorbis.so.0.4.9
770b0c0b9000-770b0c0d1000 r-xp 00003000 fc:01 14433935                   /usr/lib/x86_64-linux-gnu/libvorbis.so.0.4.9
770b0c0d1000-770b0c0e2000 r--p 0001b000 fc:01 14433935                   /usr/lib/x86_64-linux-gnu/libvorbis.so.0.4.9
770b0c0e2000-770b0c0e3000 r--p 0002b000 fc:01 14433935                   /usr/lib/x86_64-linux-gnu/libvorbis.so.0.4.9
770b0c0e3000-770b0c0e4000 rw-p 0002c000 fc:01 14433935                   /usr/lib/x86_64-linux-gnu/libvorbis.so.0.4.9
770b0c0e4000-770b0c0e6000 r--p 00000000 fc:01 14433606                   /usr/lib/x86_64-linux-gnu/libltdl.so.7.3.2
770b0c0e6000-770b0c0eb000 r-xp 00002000 fc:01 14433606                   /usr/lib/x86_64-linux-gnu/libltdl.so.7.3.2
770b0c0eb000-770b0c0ed000 r--p 00007000 fc:01 14433606                   /usr/lib/x86_64-linux-gnu/libltdl.so.7.3.2
770b0c0ed000-770b0c0ee000 r--p 00008000 fc:01 14433606                   /usr/lib/x86_64-linux-gnu/libltdl.so.7.3.2
770b0c0ee000-770b0c0ef000 rw-p 00009000 fc:01 14433606                   /usr/lib/x86_64-linux-gnu/libltdl.so.7.3.2
770b0c0ef000-770b0c0f3000 r--p 00000000 fc:01 14433881                   /usr/lib/x86_64-linux-gnu/libtdb.so.1.4.10
770b0c0f3000-770b0c101000 r-xp 00004000 fc:01 14433881                   /usr/lib/x86_64-linux-gnu/libtdb.so.1.4.10
770b0c101000-770b0c106000 r--p 00012000 fc:01 14433881                   /usr/lib/x86_64-linux-gnu/libtdb.so.1.4.10
770b0c106000-770b0c107000 r--p 00016000 fc:01 14433881                   /usr/lib/x86_64-linux-gnu/libtdb.so.1.4.10
770b0c107000-770b0c108000 rw-p 00017000 fc:01 14433881                   /usr/lib/x86_64-linux-gnu/libtdb.so.1.4.10
770b0c108000-770b0c10a000 r--p 00000000 fc:01 14433937                   /usr/lib/x86_64-linux-gnu/libvorbisfile.so.3.3.8
770b0c10a000-770b0c10f000 r-xp 00002000 fc:01 14433937                   /usr/lib/x86_64-linux-gnu/libvorbisfile.so.3.3.8
770b0c10f000-770b0c110000 r--p 00007000 fc:01 14433937                   /usr/lib/x86_64-linux-gnu/libvorbisfile.so.3.3.8
770b0c110000-770b0c111000 r--p 00007000 fc:01 14433937                   /usr/lib/x86_64-linux-gnu/libvorbisfile.so.3.3.8
770b0c111000-770b0c112000 rw-p 00008000 fc:01 14433937                   /usr/lib/x86_64-linux-gnu/libvorbisfile.so.3.3.8
770b0c112000-770b0c115000 r--p 00000000 fc:01 14433292                   /usr/lib/x86_64-linux-gnu/libcanberra.so.0.2.5
770b0c115000-770b0c120000 r-xp 00003000 fc:01 14433292                   /usr/lib/x86_64-linux-gnu/libcanberra.so.0.2.5
770b0c120000-770b0c123000 r--p 0000e000 fc:01 14433292                   /usr/lib/x86_64-linux-gnu/libcanberra.so.0.2.5
770b0c123000-770b0c124000 r--p 00010000 fc:01 14433292                   /usr/lib/x86_64-linux-gnu/libcanberra.so.0.2.5
770b0c124000-770b0c125000 rw-p 00011000 fc:01 14433292                   /usr/lib/x86_64-linux-gnu/libcanberra.so.0.2.5
770b0c125000-770b0c127000 r--p 00000000 fc:01 14433291                   /usr/lib/x86_64-linux-gnu/libcanberra-gtk3.so.0.1.9
770b0c127000-770b0c129000 r-xp 00002000 fc:01 14433291                   /usr/lib/x86_64-linux-gnu/libcanberra-gtk3.so.0.1.9
770b0c129000-770b0c12a000 r--p 00004000 fc:01 14433291                   /usr/lib/x86_64-linux-gnu/libcanberra-gtk3.so.0.1.9
770b0c12a000-770b0c12b000 r--p 00004000 fc:01 14433291                   /usr/lib/x86_64-linux-gnu/libcanberra-gtk3.so.0.1.9
770b0c12b000-770b0c12c000 rw-p 00005000 fc:01 14433291                   /usr/lib/x86_64-linux-gnu/libcanberra-gtk3.so.0.1.9
770b0c12c000-770b0c12d000 r--s 00000000 fc:01 11411735                   /var/cache/fontconfig/875e664e2852a379cc88176b1b54567f-le64.cache-9
770b0c12d000-770b0c12e000 r--p 00000000 fc:01 15092624                   /usr/lib/x86_64-linux-gnu/vlc/plugins/logger/libsd_journal_plugin.so
770b0c12e000-770b0c12f000 r-xp 00001000 fc:01 15092624                   /usr/lib/x86_64-linux-gnu/vlc/plugins/logger/libsd_journal_plugin.so
770b0c12f000-770b0c130000 r--p 00002000 fc:01 15092624                   /usr/lib/x86_64-linux-gnu/vlc/plugins/logger/libsd_journal_plugin.so
770b0c130000-770b0c131000 r--p 00002000 fc:01 15092624                   /usr/lib/x86_64-linux-gnu/vlc/plugins/logger/libsd_journal_plugin.so
770b0c131000-770b0c132000 rw-p 00003000 fc:01 15092624                   /usr/lib/x86_64-linux-gnu/vlc/plugins/logger/libsd_journal_plugin.so
770b0c132000-770b0c13a000 r--p 00000000 fc:01 25060621                   /home/bloch/.config/dconf/user
770b0c13a000-770b0c13e000 r--p 00000000 fc:01 14418586                   /usr/lib/x86_64-linux-gnu/gio/modules/libdconfsettings.so
770b0c13e000-770b0c145000 r-xp 00004000 fc:01 14418586                   /usr/lib/x86_64-linux-gnu/gio/modules/libdconfsettings.so
770b0c145000-770b0c147000 r--p 0000b000 fc:01 14418586                   /usr/lib/x86_64-linux-gnu/gio/modules/libdconfsettings.so
770b0c147000-770b0c148000 r--p 0000d000 fc:01 14418586                   /usr/lib/x86_64-linux-gnu/gio/modules/libdconfsettings.so
770b0c148000-770b0c149000 rw-p 0000e000 fc:01 14418586                   /usr/lib/x86_64-linux-gnu/gio/modules/libdconfsettings.so
770b0c149000-770b0c14b000 r--p 00000000 fc:01 14435375                   /usr/lib/x86_64-linux-gnu/gtk-3.0/modules/libcanberra-gtk3-module.so
770b0c14b000-770b0c14e000 r-xp 00002000 fc:01 14435375                   /usr/lib/x86_64-linux-gnu/gtk-3.0/modules/libcanberra-gtk3-module.so
770b0c14e000-770b0c14f000 r--p 00005000 fc:01 14435375                   /usr/lib/x86_64-linux-gnu/gtk-3.0/modules/libcanberra-gtk3-module.so
770b0c14f000-770b0c150000 r--p 00005000 fc:01 14435375                   /usr/lib/x86_64-linux-gnu/gtk-3.0/modules/libcanberra-gtk3-module.so
770b0c150000-770b0c151000 rw-p 00006000 fc:01 14435375                   /usr/lib/x86_64-linux-gnu/gtk-3.0/modules/libcanberra-gtk3-module.so
770b0c151000-770b0c163000 r--p 00000000 fc:01 14419766                   /usr/lib/x86_64-linux-gnu/gvfs/libgvfscommon.so
770b0c163000-770b0c17f000 r-xp 00012000 fc:01 14419766                   /usr/lib/x86_64-linux-gnu/gvfs/libgvfscommon.so
770b0c17f000-770b0c18b000 r--p 0002e000 fc:01 14419766                   /usr/lib/x86_64-linux-gnu/gvfs/libgvfscommon.so
770b0c18b000-770b0c191000 r--p 00039000 fc:01 14419766                   /usr/lib/x86_64-linux-gnu/gvfs/libgvfscommon.so
770b0c191000-770b0c192000 rw-p 0003f000 fc:01 14419766                   /usr/lib/x86_64-linux-gnu/gvfs/libgvfscommon.so
770b0c192000-770b0c19c000 r--p 00000000 fc:01 14419754                   /usr/lib/x86_64-linux-gnu/gio/modules/libgvfsdbus.so
770b0c19c000-770b0c1ba000 r-xp 0000a000 fc:01 14419754                   /usr/lib/x86_64-linux-gnu/gio/modules/libgvfsdbus.so
770b0c1ba000-770b0c1c2000 r--p 00028000 fc:01 14419754                   /usr/lib/x86_64-linux-gnu/gio/modules/libgvfsdbus.so
770b0c1c2000-770b0c1c4000 r--p 00030000 fc:01 14419754                   /usr/lib/x86_64-linux-gnu/gio/modules/libgvfsdbus.so
770b0c1c4000-770b0c1c5000 rw-p 00032000 fc:01 14419754                   /usr/lib/x86_64-linux-gnu/gio/modules/libgvfsdbus.so
770b0c1c5000-770b0c279000 r--p 00000000 fc:01 14818901                   /usr/share/themes/Yaru-blue-dark/gtk-3.0/gtk.gresource
770b0c279000-770b0c29f000 r--p 00000000 fc:01 14706683                   /usr/share/locale-langpack/fr/LC_MESSAGES/glib20.mo
770b0c29f000-770b0c2d6000 r--p 00000000 fc:01 14706735                   /usr/share/locale-langpack/fr/LC_MESSAGES/gtk30-properties.mo
770b0c2d6000-770b0c2d7000 r--p 00000000 fc:01 14449447                   /usr/lib/x86_64-linux-gnu/libpthread.so.0
770b0c2d7000-770b0c2d8000 r-xp 00001000 fc:01 14449447                   /usr/lib/x86_64-linux-gnu/libpthread.so.0
770b0c2d8000-770b0c2d9000 r--p 00002000 fc:01 14449447                   /usr/lib/x86_64-linux-gnu/libpthread.so.0
770b0c2d9000-770b0c2da000 r--p 00002000 fc:01 14449447                   /usr/lib/x86_64-linux-gnu/libpthread.so.0
770b0c2da000-770b0c2db000 rw-p 00003000 fc:01 14449447                   /usr/lib/x86_64-linux-gnu/libpthread.so.0
770b0c2db000-770b0c2dd000 r--p 00000000 fc:01 14433143                   /usr/lib/x86_64-linux-gnu/libXtst.so.6.1.0
770b0c2dd000-770b0c2e0000 r-xp 00002000 fc:01 14433143                   /usr/lib/x86_64-linux-gnu/libXtst.so.6.1.0
770b0c2e0000-770b0c2e1000 r--p 00005000 fc:01 14433143                   /usr/lib/x86_64-linux-gnu/libXtst.so.6.1.0
770b0c2e1000-770b0c2e2000 r--p 00005000 fc:01 14433143                   /usr/lib/x86_64-linux-gnu/libXtst.so.6.1.0
770b0c2e2000-770b0c2e3000 rw-p 00006000 fc:01 14433143                   /usr/lib/x86_64-linux-gnu/libXtst.so.6.1.0
770b0c2e3000-770b0c2e4000 r--p 00000000 fc:01 14435947                   /usr/lib/x86_64-linux-gnu/libgthread-2.0.so.0.8000.0
770b0c2e4000-770b0c2e5000 r-xp 00001000 fc:01 14435947                   /usr/lib/x86_64-linux-gnu/libgthread-2.0.so.0.8000.0
770b0c2e5000-770b0c2e6000 r--p 00002000 fc:01 14435947                   /usr/lib/x86_64-linux-gnu/libgthread-2.0.so.0.8000.0
770b0c2e6000-770b0c2e7000 r--p 00002000 fc:01 14435947                   /usr/lib/x86_64-linux-gnu/libgthread-2.0.so.0.8000.0
770b0c2e7000-770b0c2e8000 rw-p 00003000 fc:01 14435947                   /usr/lib/x86_64-linux-gnu/libgthread-2.0.so.0.8000.0
770b0c2e8000-770b0c328000 r-xp 00000000 fc:01 26232207                   /home/bloch/.openjfx/cache/21+31/amd64/libglassgtk3.so
770b0c328000-770b0c329000 ---p 00040000 fc:01 26232207                   /home/bloch/.openjfx/cache/21+31/amd64/libglassgtk3.so
770b0c329000-770b0c32b000 r--p 00040000 fc:01 26232207                   /home/bloch/.openjfx/cache/21+31/amd64/libglassgtk3.so
770b0c32b000-770b0c32d000 rw-p 00042000 fc:01 26232207                   /home/bloch/.openjfx/cache/21+31/amd64/libglassgtk3.so
770b0c32d000-770b0c331000 r--p 00000000 fc:01 14418468                   /usr/lib/x86_64-linux-gnu/libgpg-error.so.0.34.0
770b0c331000-770b0c347000 r-xp 00004000 fc:01 14418468                   /usr/lib/x86_64-linux-gnu/libgpg-error.so.0.34.0
770b0c347000-770b0c350000 r--p 0001a000 fc:01 14418468                   /usr/lib/x86_64-linux-gnu/libgpg-error.so.0.34.0
770b0c350000-770b0c351000 r--p 00023000 fc:01 14418468                   /usr/lib/x86_64-linux-gnu/libgpg-error.so.0.34.0
770b0c351000-770b0c352000 rw-p 00024000 fc:01 14418468                   /usr/lib/x86_64-linux-gnu/libgpg-error.so.0.34.0
770b0c352000-770b0c355000 r--p 00000000 fc:01 14433620                   /usr/lib/x86_64-linux-gnu/liblz4.so.1.9.4
770b0c355000-770b0c370000 r-xp 00003000 fc:01 14433620                   /usr/lib/x86_64-linux-gnu/liblz4.so.1.9.4
770b0c370000-770b0c372000 r--p 0001e000 fc:01 14433620                   /usr/lib/x86_64-linux-gnu/liblz4.so.1.9.4
770b0c372000-770b0c373000 r--p 00020000 fc:01 14433620                   /usr/lib/x86_64-linux-gnu/liblz4.so.1.9.4
770b0c373000-770b0c374000 rw-p 00021000 fc:01 14433620                   /usr/lib/x86_64-linux-gnu/liblz4.so.1.9.4
770b0c374000-770b0c383000 r--p 00000000 fc:01 14425912                   /usr/lib/x86_64-linux-gnu/libgcrypt.so.20.4.3
770b0c383000-770b0c477000 r-xp 0000f000 fc:01 14425912                   /usr/lib/x86_64-linux-gnu/libgcrypt.so.20.4.3
770b0c477000-770b0c4b2000 r--p 00103000 fc:01 14425912                   /usr/lib/x86_64-linux-gnu/libgcrypt.so.20.4.3
770b0c4b2000-770b0c4b7000 r--p 0013e000 fc:01 14425912                   /usr/lib/x86_64-linux-gnu/libgcrypt.so.20.4.3
770b0c4b7000-770b0c4bb000 rw-p 00143000 fc:01 14425912                   /usr/lib/x86_64-linux-gnu/libgcrypt.so.20.4.3
770b0c4bb000-770b0c4bc000 rw-p 00000000 00:00 0 
770b0c4bc000-770b0c4bd000 r--p 00000000 fc:01 14433273                   /usr/lib/x86_64-linux-gnu/libbrotlicommon.so.1.1.0
770b0c4bd000-770b0c4be000 r-xp 00001000 fc:01 14433273                   /usr/lib/x86_64-linux-gnu/libbrotlicommon.so.1.1.0
770b0c4be000-770b0c4dd000 r--p 00002000 fc:01 14433273                   /usr/lib/x86_64-linux-gnu/libbrotlicommon.so.1.1.0
770b0c4dd000-770b0c4de000 r--p 00021000 fc:01 14433273                   /usr/lib/x86_64-linux-gnu/libbrotlicommon.so.1.1.0
770b0c4de000-770b0c4df000 rw-p 00022000 fc:01 14433273                   /usr/lib/x86_64-linux-gnu/libbrotlicommon.so.1.1.0
770b0c4df000-770b0c4f5000 r--p 00000000 fc:01 14418543                   /usr/lib/x86_64-linux-gnu/libsystemd.so.0.38.0
770b0c4f5000-770b0c584000 r-xp 00016000 fc:01 14418543                   /usr/lib/x86_64-linux-gnu/libsystemd.so.0.38.0
770b0c584000-770b0c5b2000 r--p 000a5000 fc:01 14418543                   /usr/lib/x86_64-linux-gnu/libsystemd.so.0.38.0
770b0c5b2000-770b0c5bd000 r--p 000d2000 fc:01 14418543                   /usr/lib/x86_64-linux-gnu/libsystemd.so.0.38.0
770b0c5bd000-770b0c5be000 rw-p 000dd000 fc:01 14418543                   /usr/lib/x86_64-linux-gnu/libsystemd.so.0.38.0
770b0c5be000-770b0c5bf000 rw-p 00000000 00:00 0 
770b0c5bf000-770b0c5c6000 r--p 00000000 fc:01 14424111                   /usr/lib/x86_64-linux-gnu/libblkid.so.1.1.0
770b0c5c6000-770b0c5ea000 r-xp 00007000 fc:01 14424111                   /usr/lib/x86_64-linux-gnu/libblkid.so.1.1.0
770b0c5ea000-770b0c5f3000 r--p 0002b000 fc:01 14424111                   /usr/lib/x86_64-linux-gnu/libblkid.so.1.1.0
770b0c5f3000-770b0c5f9000 r--p 00033000 fc:01 14424111                   /usr/lib/x86_64-linux-gnu/libblkid.so.1.1.0
770b0c5f9000-770b0c5fa000 rw-p 00039000 fc:01 14424111                   /usr/lib/x86_64-linux-gnu/libblkid.so.1.1.0
770b0c5fa000-770b0c606000 r--p 00000000 fc:01 14433327                   /usr/lib/x86_64-linux-gnu/libdbus-1.so.3.32.4
770b0c606000-770b0c636000 r-xp 0000c000 fc:01 14433327                   /usr/lib/x86_64-linux-gnu/libdbus-1.so.3.32.4
770b0c636000-770b0c647000 r--p 0003c000 fc:01 14433327                   /usr/lib/x86_64-linux-gnu/libdbus-1.so.3.32.4
770b0c647000-770b0c648000 r--p 0004c000 fc:01 14433327                   /usr/lib/x86_64-linux-gnu/libdbus-1.so.3.32.4
770b0c648000-770b0c649000 rw-p 0004d000 fc:01 14433327                   /usr/lib/x86_64-linux-gnu/libdbus-1.so.3.32.4
770b0c649000-770b0c659000 r--p 00000000 fc:01 14433237                   /usr/lib/x86_64-linux-gnu/libatspi.so.0.0.1
770b0c659000-770b0c672000 r-xp 00010000 fc:01 14433237                   /usr/lib/x86_64-linux-gnu/libatspi.so.0.0.1
770b0c672000-770b0c67f000 r--p 00029000 fc:01 14433237                   /usr/lib/x86_64-linux-gnu/libatspi.so.0.0.1
770b0c67f000-770b0c682000 r--p 00036000 fc:01 14433237                   /usr/lib/x86_64-linux-gnu/libatspi.so.0.0.1
770b0c682000-770b0c683000 rw-p 00039000 fc:01 14433237                   /usr/lib/x86_64-linux-gnu/libatspi.so.0.0.1
770b0c683000-770b0c68d000 r--p 00000000 fc:01 14433757                   /usr/lib/x86_64-linux-gnu/libpixman-1.so.0.42.2
770b0c68d000-770b0c71a000 r-xp 0000a000 fc:01 14433757                   /usr/lib/x86_64-linux-gnu/libpixman-1.so.0.42.2
770b0c71a000-770b0c729000 r--p 00097000 fc:01 14433757                   /usr/lib/x86_64-linux-gnu/libpixman-1.so.0.42.2
770b0c729000-770b0c731000 r--p 000a5000 fc:01 14433757                   /usr/lib/x86_64-linux-gnu/libpixman-1.so.0.42.2
770b0c731000-770b0c732000 rw-p 000ad000 fc:01 14433757                   /usr/lib/x86_64-linux-gnu/libpixman-1.so.0.42.2
770b0c732000-770b0c73f000 r--p 00000000 fc:01 14435602                   /usr/lib/x86_64-linux-gnu/libfreetype.so.6.20.1
770b0c73f000-770b0c7d0000 r-xp 0000d000 fc:01 14435602                   /usr/lib/x86_64-linux-gnu/libfreetype.so.6.20.1
770b0c7d0000-770b0c7f6000 r--p 0009e000 fc:01 14435602                   /usr/lib/x86_64-linux-gnu/libfreetype.so.6.20.1
770b0c7f6000-770b0c7fd000 r--p 000c4000 fc:01 14435602                   /usr/lib/x86_64-linux-gnu/libfreetype.so.6.20.1
770b0c7fd000-770b0c7fe000 rw-p 000cb000 fc:01 14435602                   /usr/lib/x86_64-linux-gnu/libfreetype.so.6.20.1
770b0c7fe000-770b0c7ff000 ---p 00000000 00:00 0 
770b0c7ff000-770b0cfff000 rw-p 00000000 00:00 0 
770b0cfff000-770b0d000000 ---p 00000000 00:00 0 
770b0d000000-770b0d800000 rw-p 00000000 00:00 0 
770b0d800000-770b0d801000 r--p 00000000 fc:01 14433549                   /usr/lib/x86_64-linux-gnu/libicudata.so.74.2
770b0d801000-770b0d802000 r-xp 00001000 fc:01 14433549                   /usr/lib/x86_64-linux-gnu/libicudata.so.74.2
770b0d802000-770b0f55e000 r--p 00002000 fc:01 14433549                   /usr/lib/x86_64-linux-gnu/libicudata.so.74.2
770b0f55e000-770b0f55f000 r--p 01d5d000 fc:01 14433549                   /usr/lib/x86_64-linux-gnu/libicudata.so.74.2
770b0f55f000-770b0f560000 rw-p 01d5e000 fc:01 14433549                   /usr/lib/x86_64-linux-gnu/libicudata.so.74.2
770b0f560000-770b0f561000 r--s 00000000 fc:01 11411732                   /var/cache/fontconfig/c277e94e32b20404286a1ddafa5a80f0-le64.cache-9
770b0f561000-770b0f562000 r--s 00000000 fc:01 11411730                   /var/cache/fontconfig/4cb9baa50231927582528d85cee63f48-le64.cache-9
770b0f562000-770b0f565000 r--p 00000000 fc:01 14419067                   /usr/lib/x86_64-linux-gnu/libcap.so.2.66
770b0f565000-770b0f56b000 r-xp 00003000 fc:01 14419067                   /usr/lib/x86_64-linux-gnu/libcap.so.2.66
770b0f56b000-770b0f56d000 r--p 00009000 fc:01 14419067                   /usr/lib/x86_64-linux-gnu/libcap.so.2.66
770b0f56d000-770b0f56e000 r--p 0000b000 fc:01 14419067                   /usr/lib/x86_64-linux-gnu/libcap.so.2.66
770b0f56e000-770b0f56f000 rw-p 0000c000 fc:01 14419067                   /usr/lib/x86_64-linux-gnu/libcap.so.2.66
770b0f56f000-770b0f570000 r--p 00000000 fc:01 14433274                   /usr/lib/x86_64-linux-gnu/libbrotlidec.so.1.1.0
770b0f570000-770b0f578000 r-xp 00001000 fc:01 14433274                   /usr/lib/x86_64-linux-gnu/libbrotlidec.so.1.1.0
770b0f578000-770b0f57b000 r--p 00009000 fc:01 14433274                   /usr/lib/x86_64-linux-gnu/libbrotlidec.so.1.1.0
770b0f57b000-770b0f57c000 r--p 0000b000 fc:01 14433274                   /usr/lib/x86_64-linux-gnu/libbrotlidec.so.1.1.0
770b0f57c000-770b0f57d000 rw-p 0000c000 fc:01 14433274                   /usr/lib/x86_64-linux-gnu/libbrotlidec.so.1.1.0
770b0f57d000-770b0f581000 r--p 00000000 fc:01 14433583                   /usr/lib/x86_64-linux-gnu/libjpeg.so.8.2.2
770b0f581000-770b0f5ce000 r-xp 00004000 fc:01 14433583                   /usr/lib/x86_64-linux-gnu/libjpeg.so.8.2.2
770b0f5ce000-770b0f5fe000 r--p 00051000 fc:01 14433583                   /usr/lib/x86_64-linux-gnu/libjpeg.so.8.2.2
770b0f5fe000-770b0f5ff000 r--p 00081000 fc:01 14433583                   /usr/lib/x86_64-linux-gnu/libjpeg.so.8.2.2
770b0f5ff000-770b0f600000 rw-p 00082000 fc:01 14433583                   /usr/lib/x86_64-linux-gnu/libjpeg.so.8.2.2
770b0f600000-770b17808000 r-xp 00000000 fc:01 14419721                   /usr/lib/x86_64-linux-gnu/libLLVM.so.20.1
770b17808000-770b17809000 ---p 08208000 fc:01 14419721                   /usr/lib/x86_64-linux-gnu/libLLVM.so.20.1
770b17809000-770b17e9e000 r--p 08208000 fc:01 14419721                   /usr/lib/x86_64-linux-gnu/libLLVM.so.20.1
770b17e9e000-770b17ee6000 rw-p 0889d000 fc:01 14419721                   /usr/lib/x86_64-linux-gnu/libLLVM.so.20.1
770b17ee6000-770b17f8e000 rw-p 00000000 00:00 0 
770b17f8e000-770b17f90000 r--p 00000000 fc:01 14433279                   /usr/lib/x86_64-linux-gnu/libbz2.so.1.0.4
770b17f90000-770b17f9e000 r-xp 00002000 fc:01 14433279                   /usr/lib/x86_64-linux-gnu/libbz2.so.1.0.4
770b17f9e000-770b17fa0000 r--p 00010000 fc:01 14433279                   /usr/lib/x86_64-linux-gnu/libbz2.so.1.0.4
770b17fa0000-770b17fa1000 r--p 00011000 fc:01 14433279                   /usr/lib/x86_64-linux-gnu/libbz2.so.1.0.4
770b17fa1000-770b17fa2000 rw-p 00012000 fc:01 14433279                   /usr/lib/x86_64-linux-gnu/libbz2.so.1.0.4
770b17fa2000-770b17fa7000 r--p 00000000 fc:01 14418584                   /usr/lib/x86_64-linux-gnu/libpng16.so.16.43.0
770b17fa7000-770b17fcf000 r-xp 00005000 fc:01 14418584                   /usr/lib/x86_64-linux-gnu/libpng16.so.16.43.0
770b17fcf000-770b17fd8000 r--p 0002d000 fc:01 14418584                   /usr/lib/x86_64-linux-gnu/libpng16.so.16.43.0
770b17fd8000-770b17fd9000 r--p 00035000 fc:01 14418584                   /usr/lib/x86_64-linux-gnu/libpng16.so.16.43.0
770b17fd9000-770b17fda000 rw-p 00036000 fc:01 14418584                   /usr/lib/x86_64-linux-gnu/libpng16.so.16.43.0
770b17fda000-770b17fdd000 r--p 00000000 fc:01 14425131                   /usr/lib/x86_64-linux-gnu/libgraphite2.so.3.2.1
770b17fdd000-770b17ffa000 r-xp 00003000 fc:01 14425131                   /usr/lib/x86_64-linux-gnu/libgraphite2.so.3.2.1
770b17ffa000-770b17ffd000 r--p 00020000 fc:01 14425131                   /usr/lib/x86_64-linux-gnu/libgraphite2.so.3.2.1
770b17ffd000-770b17fff000 r--p 00022000 fc:01 14425131                   /usr/lib/x86_64-linux-gnu/libgraphite2.so.3.2.1
770b17fff000-770b18000000 rw-p 00024000 fc:01 14425131                   /usr/lib/x86_64-linux-gnu/libgraphite2.so.3.2.1
770b18000000-770b18021000 rw-p 00000000 00:00 0 
770b18021000-770b1c000000 ---p 00000000 00:00 0 
770b1c000000-770b1d0c6000 rw-p 00000000 00:00 0 
770b1d0c6000-770b20000000 ---p 00000000 00:00 0 
770b20000000-770b2155e000 rw-p 00000000 00:00 0 
770b2155e000-770b24000000 ---p 00000000 00:00 0 
770b24000000-770b25367000 rw-p 00000000 00:00 0 
770b25367000-770b28000000 ---p 00000000 00:00 0 
770b28000000-770b285c7000 rw-p 00000000 00:00 0 
770b285c7000-770b2c000000 ---p 00000000 00:00 0 
770b2c000000-770b2c021000 rw-p 00000000 00:00 0 
770b2c021000-770b30000000 ---p 00000000 00:00 0 
770b30000000-770b30021000 rw-p 00000000 00:00 0 
770b30021000-770b34000000 ---p 00000000 00:00 0 
770b34000000-770b352d5000 rw-p 00000000 00:00 0 
770b352d5000-770b38000000 ---p 00000000 00:00 0 
770b38000000-770b38021000 rw-p 00000000 00:00 0 
770b38021000-770b3c000000 ---p 00000000 00:00 0 
770b3c000000-770b3c021000 rw-p 00000000 00:00 0 
770b3c021000-770b40000000 ---p 00000000 00:00 0 
770b40000000-770b40021000 rw-p 00000000 00:00 0 
770b40021000-770b44000000 ---p 00000000 00:00 0 
770b44000000-770b44021000 rw-p 00000000 00:00 0 
770b44021000-770b48000000 ---p 00000000 00:00 0 
770b48000000-770b48021000 rw-p 00000000 00:00 0 
770b48021000-770b4c000000 ---p 00000000 00:00 0 
770b4c000000-770b4c002000 r--p 00000000 fc:01 14433325                   /usr/lib/x86_64-linux-gnu/libdatrie.so.1.4.0
770b4c002000-770b4c006000 r-xp 00002000 fc:01 14433325                   /usr/lib/x86_64-linux-gnu/libdatrie.so.1.4.0
770b4c006000-770b4c007000 r--p 00006000 fc:01 14433325                   /usr/lib/x86_64-linux-gnu/libdatrie.so.1.4.0
770b4c007000-770b4c008000 r--p 00006000 fc:01 14433325                   /usr/lib/x86_64-linux-gnu/libdatrie.so.1.4.0
770b4c008000-770b4c009000 rw-p 00007000 fc:01 14433325                   /usr/lib/x86_64-linux-gnu/libdatrie.so.1.4.0
770b4c009000-770b4c00e000 r--p 00000000 fc:01 14433984                   /usr/lib/x86_64-linux-gnu/libxcb-render.so.0.0.0
770b4c00e000-770b4c013000 r-xp 00005000 fc:01 14433984                   /usr/lib/x86_64-linux-gnu/libxcb-render.so.0.0.0
770b4c013000-770b4c016000 r--p 0000a000 fc:01 14433984                   /usr/lib/x86_64-linux-gnu/libxcb-render.so.0.0.0
770b4c016000-770b4c017000 r--p 0000c000 fc:01 14433984                   /usr/lib/x86_64-linux-gnu/libxcb-render.so.0.0.0
770b4c017000-770b4c018000 rw-p 0000d000 fc:01 14433984                   /usr/lib/x86_64-linux-gnu/libxcb-render.so.0.0.0
770b4c018000-770b4c01a000 r--p 00000000 fc:01 14433140                   /usr/lib/x86_64-linux-gnu/libXrender.so.1.3.0
770b4c01a000-770b4c021000 r-xp 00002000 fc:01 14433140                   /usr/lib/x86_64-linux-gnu/libXrender.so.1.3.0
770b4c021000-770b4c022000 r--p 00009000 fc:01 14433140                   /usr/lib/x86_64-linux-gnu/libXrender.so.1.3.0
770b4c022000-770b4c023000 r--p 00009000 fc:01 14433140                   /usr/lib/x86_64-linux-gnu/libXrender.so.1.3.0
770b4c023000-770b4c024000 rw-p 0000a000 fc:01 14433140                   /usr/lib/x86_64-linux-gnu/libXrender.so.1.3.0
770b4c024000-770b4c026000 r--p 00000000 fc:01 14433885                   /usr/lib/x86_64-linux-gnu/libthai.so.0.3.1
770b4c026000-770b4c02a000 r-xp 00002000 fc:01 14433885                   /usr/lib/x86_64-linux-gnu/libthai.so.0.3.1
770b4c02a000-770b4c02d000 r--p 00006000 fc:01 14433885                   /usr/lib/x86_64-linux-gnu/libthai.so.0.3.1
770b4c02d000-770b4c02e000 r--p 00008000 fc:01 14433885                   /usr/lib/x86_64-linux-gnu/libthai.so.0.3.1
770b4c02e000-770b4c02f000 rw-p 00009000 fc:01 14433885                   /usr/lib/x86_64-linux-gnu/libthai.so.0.3.1
770b4c02f000-770b4c035000 r--p 00000000 fc:01 14419463                   /usr/lib/x86_64-linux-gnu/libselinux.so.1
770b4c035000-770b4c052000 r-xp 00006000 fc:01 14419463                   /usr/lib/x86_64-linux-gnu/libselinux.so.1
770b4c052000-770b4c058000 r--p 00023000 fc:01 14419463                   /usr/lib/x86_64-linux-gnu/libselinux.so.1
770b4c058000-770b4c059000 r--p 00029000 fc:01 14419463                   /usr/lib/x86_64-linux-gnu/libselinux.so.1
770b4c059000-770b4c05a000 rw-p 0002a000 fc:01 14419463                   /usr/lib/x86_64-linux-gnu/libselinux.so.1
770b4c05a000-770b4c05c000 rw-p 00000000 00:00 0 
770b4c05c000-770b4c065000 r--p 00000000 fc:01 14419299                   /usr/lib/x86_64-linux-gnu/libmount.so.1.1.0
770b4c065000-770b4c099000 r-xp 00009000 fc:01 14419299                   /usr/lib/x86_64-linux-gnu/libmount.so.1.1.0
770b4c099000-770b4c0a6000 r--p 0003d000 fc:01 14419299                   /usr/lib/x86_64-linux-gnu/libmount.so.1.1.0
770b4c0a6000-770b4c0a8000 r--p 00049000 fc:01 14419299                   /usr/lib/x86_64-linux-gnu/libmount.so.1.1.0
770b4c0a8000-770b4c0a9000 rw-p 0004b000 fc:01 14419299                   /usr/lib/x86_64-linux-gnu/libmount.so.1.1.0
770b4c0a9000-770b4c0ab000 r--p 00000000 fc:01 14419399                   /usr/lib/x86_64-linux-gnu/libpcre2-8.so.0.11.2
770b4c0ab000-770b4c119000 r-xp 00002000 fc:01 14419399                   /usr/lib/x86_64-linux-gnu/libpcre2-8.so.0.11.2
770b4c119000-770b4c141000 r--p 00070000 fc:01 14419399                   /usr/lib/x86_64-linux-gnu/libpcre2-8.so.0.11.2
770b4c141000-770b4c142000 r--p 00097000 fc:01 14419399                   /usr/lib/x86_64-linux-gnu/libpcre2-8.so.0.11.2
770b4c142000-770b4c143000 rw-p 00098000 fc:01 14419399                   /usr/lib/x86_64-linux-gnu/libpcre2-8.so.0.11.2
770b4c143000-770b4c145000 r--p 00000000 fc:01 14433139                   /usr/lib/x86_64-linux-gnu/libXrandr.so.2.2.0
770b4c145000-770b4c14c000 r-xp 00002000 fc:01 14433139                   /usr/lib/x86_64-linux-gnu/libXrandr.so.2.2.0
770b4c14c000-770b4c14e000 r--p 00009000 fc:01 14433139                   /usr/lib/x86_64-linux-gnu/libXrandr.so.2.2.0
770b4c14e000-770b4c14f000 r--p 0000a000 fc:01 14433139                   /usr/lib/x86_64-linux-gnu/libXrandr.so.2.2.0
770b4c14f000-770b4c150000 rw-p 0000b000 fc:01 14433139                   /usr/lib/x86_64-linux-gnu/libXrandr.so.2.2.0
770b4c150000-770b4c155000 r--p 00000000 fc:01 14433996                   /usr/lib/x86_64-linux-gnu/libxkbcommon.so.0.0.0
770b4c155000-770b4c175000 r-xp 00005000 fc:01 14433996                   /usr/lib/x86_64-linux-gnu/libxkbcommon.so.0.0.0
770b4c175000-770b4c196000 r--p 00025000 fc:01 14433996                   /usr/lib/x86_64-linux-gnu/libxkbcommon.so.0.0.0
770b4c196000-770b4c198000 r--p 00045000 fc:01 14433996                   /usr/lib/x86_64-linux-gnu/libxkbcommon.so.0.0.0
770b4c198000-770b4c199000 rw-p 00047000 fc:01 14433996                   /usr/lib/x86_64-linux-gnu/libxkbcommon.so.0.0.0
770b4c199000-770b4c1f9000 r--p 00000000 fc:01 14433381                   /usr/lib/x86_64-linux-gnu/libepoxy.so.0.0.0
770b4c1f9000-770b4c25f000 r-xp 00060000 fc:01 14433381                   /usr/lib/x86_64-linux-gnu/libepoxy.so.0.0.0
770b4c25f000-770b4c2ad000 r--p 000c6000 fc:01 14433381                   /usr/lib/x86_64-linux-gnu/libepoxy.so.0.0.0
770b4c2ad000-770b4c2b5000 r--p 00113000 fc:01 14433381                   /usr/lib/x86_64-linux-gnu/libepoxy.so.0.0.0
770b4c2b5000-770b4c2bc000 rw-p 0011b000 fc:01 14433381                   /usr/lib/x86_64-linux-gnu/libepoxy.so.0.0.0
770b4c2bc000-770b4c2d0000 r--p 00000000 fc:01 14433286                   /usr/lib/x86_64-linux-gnu/libcairo.so.2.11800.0
770b4c2d0000-770b4c3c1000 r-xp 00014000 fc:01 14433286                   /usr/lib/x86_64-linux-gnu/libcairo.so.2.11800.0
770b4c3c1000-770b4c3f9000 r--p 00105000 fc:01 14433286                   /usr/lib/x86_64-linux-gnu/libcairo.so.2.11800.0
770b4c3f9000-770b4c3fd000 r--p 0013d000 fc:01 14433286                   /usr/lib/x86_64-linux-gnu/libcairo.so.2.11800.0
770b4c3fd000-770b4c3ff000 rw-p 00141000 fc:01 14433286                   /usr/lib/x86_64-linux-gnu/libcairo.so.2.11800.0
770b4c3ff000-770b4c400000 rw-p 00000000 00:00 0 
770b4c400000-770b4c4cf000 r--p 00000000 fc:01 14420494                   /usr/lib/x86_64-linux-gnu/libgallium-25.2.8-0ubuntu0.24.04.2.so
770b4c4cf000-770b4dce2000 r-xp 000cf000 fc:01 14420494                   /usr/lib/x86_64-linux-gnu/libgallium-25.2.8-0ubuntu0.24.04.2.so
770b4dce2000-770b4ec21000 r--p 018e2000 fc:01 14420494                   /usr/lib/x86_64-linux-gnu/libgallium-25.2.8-0ubuntu0.24.04.2.so
770b4ec21000-770b4ed47000 r--p 02821000 fc:01 14420494                   /usr/lib/x86_64-linux-gnu/libgallium-25.2.8-0ubuntu0.24.04.2.so
770b4ed47000-770b4ed69000 rw-p 02947000 fc:01 14420494                   /usr/lib/x86_64-linux-gnu/libgallium-25.2.8-0ubuntu0.24.04.2.so
770b4ed69000-770b4ef33000 rw-p 00000000 00:00 0 
770b4ef33000-770b4ef37000 r--s 00000000 fc:01 11411062                   /var/cache/fontconfig/7ef2298fde41cc6eeb7af42e48b7d293-le64.cache-9
770b4ef37000-770b4ef38000 r--p 00000000 fc:01 14433135                   /usr/lib/x86_64-linux-gnu/libXinerama.so.1.0.0
770b4ef38000-770b4ef39000 r-xp 00001000 fc:01 14433135                   /usr/lib/x86_64-linux-gnu/libXinerama.so.1.0.0
770b4ef39000-770b4ef3a000 r--p 00002000 fc:01 14433135                   /usr/lib/x86_64-linux-gnu/libXinerama.so.1.0.0
770b4ef3a000-770b4ef3b000 r--p 00002000 fc:01 14433135                   /usr/lib/x86_64-linux-gnu/libXinerama.so.1.0.0
770b4ef3b000-770b4ef3c000 rw-p 00003000 fc:01 14433135                   /usr/lib/x86_64-linux-gnu/libXinerama.so.1.0.0
770b4ef3c000-770b4ef3d000 r--p 00000000 fc:01 14433126                   /usr/lib/x86_64-linux-gnu/libXcomposite.so.1.0.0
770b4ef3d000-770b4ef3e000 r-xp 00001000 fc:01 14433126                   /usr/lib/x86_64-linux-gnu/libXcomposite.so.1.0.0
770b4ef3e000-770b4ef3f000 r--p 00002000 fc:01 14433126                   /usr/lib/x86_64-linux-gnu/libXcomposite.so.1.0.0
770b4ef3f000-770b4ef40000 r--p 00002000 fc:01 14433126                   /usr/lib/x86_64-linux-gnu/libXcomposite.so.1.0.0
770b4ef40000-770b4ef41000 rw-p 00003000 fc:01 14433126                   /usr/lib/x86_64-linux-gnu/libXcomposite.so.1.0.0
770b4ef41000-770b4ef42000 r--p 00000000 fc:01 14433128                   /usr/lib/x86_64-linux-gnu/libXdamage.so.1.1.0
770b4ef42000-770b4ef43000 r-xp 00001000 fc:01 14433128                   /usr/lib/x86_64-linux-gnu/libXdamage.so.1.1.0
770b4ef43000-770b4ef44000 r--p 00002000 fc:01 14433128                   /usr/lib/x86_64-linux-gnu/libXdamage.so.1.1.0
770b4ef44000-770b4ef45000 r--p 00002000 fc:01 14433128                   /usr/lib/x86_64-linux-gnu/libXdamage.so.1.1.0
770b4ef45000-770b4ef46000 rw-p 00003000 fc:01 14433128                   /usr/lib/x86_64-linux-gnu/libXdamage.so.1.1.0
770b4ef46000-770b4ef48000 r--p 00000000 fc:01 14433127                   /usr/lib/x86_64-linux-gnu/libXcursor.so.1.0.2
770b4ef48000-770b4ef4e000 r-xp 00002000 fc:01 14433127                   /usr/lib/x86_64-linux-gnu/libXcursor.so.1.0.2
770b4ef4e000-770b4ef50000 r--p 00008000 fc:01 14433127                   /usr/lib/x86_64-linux-gnu/libXcursor.so.1.0.2
770b4ef50000-770b4ef51000 r--p 00009000 fc:01 14433127                   /usr/lib/x86_64-linux-gnu/libXcursor.so.1.0.2
770b4ef51000-770b4ef52000 rw-p 0000a000 fc:01 14433127                   /usr/lib/x86_64-linux-gnu/libXcursor.so.1.0.2
770b4ef52000-770b4ef54000 r--p 00000000 fc:01 14433949                   /usr/lib/x86_64-linux-gnu/libwayland-cursor.so.0.22.0
770b4ef54000-770b4ef56000 r-xp 00002000 fc:01 14433949                   /usr/lib/x86_64-linux-gnu/libwayland-cursor.so.0.22.0
770b4ef56000-770b4ef57000 r--p 00004000 fc:01 14433949                   /usr/lib/x86_64-linux-gnu/libwayland-cursor.so.0.22.0
770b4ef57000-770b4ef58000 r--p 00004000 fc:01 14433949                   /usr/lib/x86_64-linux-gnu/libwayland-cursor.so.0.22.0
770b4ef58000-770b4ef5c000 rw-p 00005000 fc:01 14433949                   /usr/lib/x86_64-linux-gnu/libwayland-cursor.so.0.22.0
770b4ef5c000-770b4ef61000 r--p 00000000 fc:01 14433948                   /usr/lib/x86_64-linux-gnu/libwayland-client.so.0.22.0
770b4ef61000-770b4ef67000 r-xp 00005000 fc:01 14433948                   /usr/lib/x86_64-linux-gnu/libwayland-client.so.0.22.0
770b4ef67000-770b4ef69000 r--p 0000b000 fc:01 14433948                   /usr/lib/x86_64-linux-gnu/libwayland-client.so.0.22.0
770b4ef69000-770b4ef6b000 r--p 0000d000 fc:01 14433948                   /usr/lib/x86_64-linux-gnu/libwayland-client.so.0.22.0
770b4ef6b000-770b4ef6c000 rw-p 0000f000 fc:01 14433948                   /usr/lib/x86_64-linux-gnu/libwayland-client.so.0.22.0
770b4ef6c000-770b4ef78000 r--p 00000000 fc:01 14433233                   /usr/lib/x86_64-linux-gnu/libatk-bridge-2.0.so.0.0.0
770b4ef78000-770b4ef92000 r-xp 0000c000 fc:01 14433233                   /usr/lib/x86_64-linux-gnu/libatk-bridge-2.0.so.0.0.0
770b4ef92000-770b4efa5000 r--p 00026000 fc:01 14433233                   /usr/lib/x86_64-linux-gnu/libatk-bridge-2.0.so.0.0.0
770b4efa5000-770b4efa6000 r--p 00039000 fc:01 14433233                   /usr/lib/x86_64-linux-gnu/libatk-bridge-2.0.so.0.0.0
770b4efa6000-770b4efa8000 rw-p 0003a000 fc:01 14433233                   /usr/lib/x86_64-linux-gnu/libatk-bridge-2.0.so.0.0.0
770b4efa8000-770b4efb3000 r--p 00000000 fc:01 14433232                   /usr/lib/x86_64-linux-gnu/libatk-1.0.so.0.25209.1
770b4efb3000-770b4efc3000 r-xp 0000b000 fc:01 14433232                   /usr/lib/x86_64-linux-gnu/libatk-1.0.so.0.25209.1
770b4efc3000-770b4efce000 r--p 0001b000 fc:01 14433232                   /usr/lib/x86_64-linux-gnu/libatk-1.0.so.0.25209.1
770b4efce000-770b4efd1000 r--p 00026000 fc:01 14433232                   /usr/lib/x86_64-linux-gnu/libatk-1.0.so.0.25209.1
770b4efd1000-770b4efd2000 rw-p 00029000 fc:01 14433232                   /usr/lib/x86_64-linux-gnu/libatk-1.0.so.0.25209.1
770b4efd2000-770b4efda000 r--p 00000000 fc:01 14424057                   /usr/lib/x86_64-linux-gnu/libgdk_pixbuf-2.0.so.0.4200.10
770b4efda000-770b4eff5000 r-xp 00008000 fc:01 14424057                   /usr/lib/x86_64-linux-gnu/libgdk_pixbuf-2.0.so.0.4200.10
770b4eff5000-770b4effe000 r--p 00023000 fc:01 14424057                   /usr/lib/x86_64-linux-gnu/libgdk_pixbuf-2.0.so.0.4200.10
770b4effe000-770b4efff000 r--p 0002c000 fc:01 14424057                   /usr/lib/x86_64-linux-gnu/libgdk_pixbuf-2.0.so.0.4200.10
770b4efff000-770b4f000000 rw-p 0002d000 fc:01 14424057                   /usr/lib/x86_64-linux-gnu/libgdk_pixbuf-2.0.so.0.4200.10
770b4f000000-770b4f400000 rw-p 00000000 00:00 0 
770b4f400000-770b4fb80000 rw-p 00000000 00:00 0 
770b4fb80000-770b4fc00000 rw-p 00000000 00:00 0 
770b4fc00000-770b4fd80000 rw-p 00000000 00:00 0 
770b4fd80000-770b4fe00000 rw-p 00000000 00:00 0 
770b4fe00000-770b4ffe0000 rw-p 00000000 00:00 0 
770b4ffe0000-770b50000000 rw-p 00000000 00:00 0 
770b50000000-770b50100000 rw-p 00000000 00:00 0 
770b50100000-770b50200000 rw-p 00000000 00:00 0 
770b50200000-770b507c0000 rw-p 00000000 00:00 0 
770b507c0000-770b50800000 ---p 00000000 00:00 0 
770b50800000-770b50920000 rw-p 00000000 00:00 0 
770b50920000-770b53000000 ---p 00000000 00:00 0 
770b53000000-770b53c9c000 rw-p 00001000 fc:01 15864276                   /usr/lib/jvm/java-21-openjdk-amd64/lib/server/classes.jsa
770b53c9c000-770b54000000 ---p 00000000 00:00 0 
770b54000000-770b54040000 rw-p 00000000 00:00 0 
770b54040000-770b54080000 rw-p 00000000 00:00 0 
770b54080000-770b54100000 rw-p 00000000 00:00 0 
770b54100000-770b541c0000 rw-p 00000000 00:00 0 
770b541c0000-770b541f0000 rw-p 00000000 00:00 0 
770b541f0000-770b54200000 ---p 00000000 00:00 0 
770b54200000-770b54450000 rw-p 00000000 00:00 0 
770b54450000-770b94000000 ---p 00000000 00:00 0 
770b94000000-770b94021000 rw-p 00000000 00:00 0 
770b94021000-770b98000000 ---p 00000000 00:00 0 
770b98000000-770b98021000 rw-p 00000000 00:00 0 
770b98021000-770b9c000000 ---p 00000000 00:00 0 
770b9c000000-770b9c021000 rw-p 00000000 00:00 0 
770b9c021000-770ba0000000 ---p 00000000 00:00 0 
770ba0000000-770ba0001000 r--s 00000000 fc:01 11411728                   /var/cache/fontconfig/443576e274091c064a264b43ae01d703-le64.cache-9
770ba0001000-770ba0002000 r--p 00000000 fc:01 14433950                   /usr/lib/x86_64-linux-gnu/libwayland-egl.so.1.22.0
770ba0002000-770ba0003000 r-xp 00001000 fc:01 14433950                   /usr/lib/x86_64-linux-gnu/libwayland-egl.so.1.22.0
770ba0003000-770ba0004000 r--p 00002000 fc:01 14433950                   /usr/lib/x86_64-linux-gnu/libwayland-egl.so.1.22.0
770ba0004000-770ba0005000 r--p 00002000 fc:01 14433950                   /usr/lib/x86_64-linux-gnu/libwayland-egl.so.1.22.0
770ba0005000-770ba0006000 rw-p 00003000 fc:01 14433950                   /usr/lib/x86_64-linux-gnu/libwayland-egl.so.1.22.0
770ba0006000-770ba0009000 r--p 00000000 fc:01 14433134                   /usr/lib/x86_64-linux-gnu/libXi.so.6.1.0
770ba0009000-770ba0015000 r-xp 00003000 fc:01 14433134                   /usr/lib/x86_64-linux-gnu/libXi.so.6.1.0
770ba0015000-770ba0017000 r--p 0000f000 fc:01 14433134                   /usr/lib/x86_64-linux-gnu/libXi.so.6.1.0
770ba0017000-770ba0018000 r--p 00011000 fc:01 14433134                   /usr/lib/x86_64-linux-gnu/libXi.so.6.1.0
770ba0018000-770ba0019000 rw-p 00012000 fc:01 14433134                   /usr/lib/x86_64-linux-gnu/libXi.so.6.1.0
770ba0019000-770ba001b000 r--p 00000000 fc:01 14433422                   /usr/lib/x86_64-linux-gnu/libfribidi.so.0.4.0
770ba001b000-770ba001f000 r-xp 00002000 fc:01 14433422                   /usr/lib/x86_64-linux-gnu/libfribidi.so.0.4.0
770ba001f000-770ba0035000 r--p 00006000 fc:01 14433422                   /usr/lib/x86_64-linux-gnu/libfribidi.so.0.4.0
770ba0035000-770ba0036000 r--p 0001c000 fc:01 14433422                   /usr/lib/x86_64-linux-gnu/libfribidi.so.0.4.0
770ba0036000-770ba0037000 rw-p 0001d000 fc:01 14433422                   /usr/lib/x86_64-linux-gnu/libfribidi.so.0.4.0
770ba0037000-770ba003f000 r--p 00000000 fc:01 14433406                   /usr/lib/x86_64-linux-gnu/libfontconfig.so.1.12.1
770ba003f000-770ba006e000 r-xp 00008000 fc:01 14433406                   /usr/lib/x86_64-linux-gnu/libfontconfig.so.1.12.1
770ba006e000-770ba0085000 r--p 00037000 fc:01 14433406                   /usr/lib/x86_64-linux-gnu/libfontconfig.so.1.12.1
770ba0085000-770ba0087000 r--p 0004d000 fc:01 14433406                   /usr/lib/x86_64-linux-gnu/libfontconfig.so.1.12.1
770ba0087000-770ba0088000 rw-p 0004f000 fc:01 14433406                   /usr/lib/x86_64-linux-gnu/libfontconfig.so.1.12.1
770ba0088000-770ba0093000 r--p 00000000 fc:01 14433531                   /usr/lib/x86_64-linux-gnu/libharfbuzz.so.0.60830.0
770ba0093000-770ba0161000 r-xp 0000b000 fc:01 14433531                   /usr/lib/x86_64-linux-gnu/libharfbuzz.so.0.60830.0
770ba0161000-770ba0193000 r--p 000d9000 fc:01 14433531                   /usr/lib/x86_64-linux-gnu/libharfbuzz.so.0.60830.0
770ba0193000-770ba0194000 r--p 0010b000 fc:01 14433531                   /usr/lib/x86_64-linux-gnu/libharfbuzz.so.0.60830.0
770ba0194000-770ba0195000 rw-p 0010c000 fc:01 14433531                   /usr/lib/x86_64-linux-gnu/libharfbuzz.so.0.60830.0
770ba0195000-770ba01a8000 r--p 00000000 fc:01 14433734                   /usr/lib/x86_64-linux-gnu/libpango-1.0.so.0.5200.1
770ba01a8000-770ba01e1000 r-xp 00013000 fc:01 14433734                   /usr/lib/x86_64-linux-gnu/libpango-1.0.so.0.5200.1
770ba01e1000-770ba01fb000 r--p 0004c000 fc:01 14433734                   /usr/lib/x86_64-linux-gnu/libpango-1.0.so.0.5200.1
770ba01fb000-770ba01ff000 r--p 00065000 fc:01 14433734                   /usr/lib/x86_64-linux-gnu/libpango-1.0.so.0.5200.1
770ba01ff000-770ba0200000 rw-p 00069000 fc:01 14433734                   /usr/lib/x86_64-linux-gnu/libpango-1.0.so.0.5200.1
770ba0200000-770ba0239000 r--p 00000000 fc:01 14426590                   /usr/lib/x86_64-linux-gnu/libgio-2.0.so.0.8000.0
770ba0239000-770ba0350000 r-xp 00039000 fc:01 14426590                   /usr/lib/x86_64-linux-gnu/libgio-2.0.so.0.8000.0
770ba0350000-770ba03c5000 r--p 00150000 fc:01 14426590                   /usr/lib/x86_64-linux-gnu/libgio-2.0.so.0.8000.0
770ba03c5000-770ba03cd000 r--p 001c4000 fc:01 14426590                   /usr/lib/x86_64-linux-gnu/libgio-2.0.so.0.8000.0
770ba03cd000-770ba03ce000 rw-p 001cc000 fc:01 14426590                   /usr/lib/x86_64-linux-gnu/libgio-2.0.so.0.8000.0
770ba03ce000-770ba03d0000 rw-p 00000000 00:00 0 
770ba03d0000-770ba03ee000 r--p 00000000 fc:01 14426594                   /usr/lib/x86_64-linux-gnu/libglib-2.0.so.0.8000.0
770ba03ee000-770ba048e000 r-xp 0001e000 fc:01 14426594                   /usr/lib/x86_64-linux-gnu/libglib-2.0.so.0.8000.0
770ba048e000-770ba0516000 r--p 000be000 fc:01 14426594                   /usr/lib/x86_64-linux-gnu/libglib-2.0.so.0.8000.0
770ba0516000-770ba0517000 r--p 00146000 fc:01 14426594                   /usr/lib/x86_64-linux-gnu/libglib-2.0.so.0.8000.0
770ba0517000-770ba0518000 rw-p 00147000 fc:01 14426594                   /usr/lib/x86_64-linux-gnu/libglib-2.0.so.0.8000.0
770ba0518000-770ba0519000 rw-p 00000000 00:00 0 
770ba0519000-770ba0543000 r--p 00000000 fc:01 14421603                   /usr/lib/x86_64-linux-gnu/libgdk-3.so.0.2409.32
770ba0543000-770ba05c7000 r-xp 0002a000 fc:01 14421603                   /usr/lib/x86_64-linux-gnu/libgdk-3.so.0.2409.32
770ba05c7000-770ba0609000 r--p 000ae000 fc:01 14421603                   /usr/lib/x86_64-linux-gnu/libgdk-3.so.0.2409.32
770ba0609000-770ba0612000 r--p 000ef000 fc:01 14421603                   /usr/lib/x86_64-linux-gnu/libgdk-3.so.0.2409.32
770ba0612000-770ba0614000 rw-p 000f8000 fc:01 14421603                   /usr/lib/x86_64-linux-gnu/libgdk-3.so.0.2409.32
770ba0614000-770ba0634000 rw-s 107f8f000 00:11 1064                      anon_inode:i915.gem
770ba0634000-770ba0654000 rw-s 1054d7000 00:11 1064                      anon_inode:i915.gem
770ba0654000-770ba0655000 r--s 00000000 fc:01 11411724                   /var/cache/fontconfig/437bab76334ce2bef022d942ecdc4db4-le64.cache-9
770ba0655000-770ba0658000 r--s 00000000 fc:01 11408015                   /var/cache/fontconfig/16326683038b281783a0ef8c680e3a10-le64.cache-9
770ba0658000-770ba065a000 r--p 00000000 fc:01 14433131                   /usr/lib/x86_64-linux-gnu/libXfixes.so.3.1.0
770ba065a000-770ba065d000 r-xp 00002000 fc:01 14433131                   /usr/lib/x86_64-linux-gnu/libXfixes.so.3.1.0
770ba065d000-770ba065e000 r--p 00005000 fc:01 14433131                   /usr/lib/x86_64-linux-gnu/libXfixes.so.3.1.0
770ba065e000-770ba065f000 r--p 00005000 fc:01 14433131                   /usr/lib/x86_64-linux-gnu/libXfixes.so.3.1.0
770ba065f000-770ba0660000 rw-p 00006000 fc:01 14433131                   /usr/lib/x86_64-linux-gnu/libXfixes.so.3.1.0
770ba0660000-770ba0664000 r--p 00000000 fc:01 14433284                   /usr/lib/x86_64-linux-gnu/libcairo-gobject.so.2.11800.0
770ba0664000-770ba0666000 r-xp 00004000 fc:01 14433284                   /usr/lib/x86_64-linux-gnu/libcairo-gobject.so.2.11800.0
770ba0666000-770ba0669000 r--p 00006000 fc:01 14433284                   /usr/lib/x86_64-linux-gnu/libcairo-gobject.so.2.11800.0
770ba0669000-770ba066b000 r--p 00008000 fc:01 14433284                   /usr/lib/x86_64-linux-gnu/libcairo-gobject.so.2.11800.0
770ba066b000-770ba066c000 rw-p 0000a000 fc:01 14433284                   /usr/lib/x86_64-linux-gnu/libcairo-gobject.so.2.11800.0
770ba066c000-770ba0674000 r--p 00000000 fc:01 14433736                   /usr/lib/x86_64-linux-gnu/libpangoft2-1.0.so.0.5200.1
770ba0674000-770ba0681000 r-xp 00008000 fc:01 14433736                   /usr/lib/x86_64-linux-gnu/libpangoft2-1.0.so.0.5200.1
770ba0681000-770ba0685000 r--p 00015000 fc:01 14433736                   /usr/lib/x86_64-linux-gnu/libpangoft2-1.0.so.0.5200.1
770ba0685000-770ba0686000 r--p 00019000 fc:01 14433736                   /usr/lib/x86_64-linux-gnu/libpangoft2-1.0.so.0.5200.1
770ba0686000-770ba0687000 rw-p 0001a000 fc:01 14433736                   /usr/lib/x86_64-linux-gnu/libpangoft2-1.0.so.0.5200.1
770ba0687000-770ba068c000 r--p 00000000 fc:01 14433735                   /usr/lib/x86_64-linux-gnu/libpangocairo-1.0.so.0.5200.1
770ba068c000-770ba0694000 r-xp 00005000 fc:01 14433735                   /usr/lib/x86_64-linux-gnu/libpangocairo-1.0.so.0.5200.1
770ba0694000-770ba0696000 r--p 0000d000 fc:01 14433735                   /usr/lib/x86_64-linux-gnu/libpangocairo-1.0.so.0.5200.1
770ba0696000-770ba0697000 r--p 0000f000 fc:01 14433735                   /usr/lib/x86_64-linux-gnu/libpangocairo-1.0.so.0.5200.1
770ba0697000-770ba0698000 rw-p 00010000 fc:01 14433735                   /usr/lib/x86_64-linux-gnu/libpangocairo-1.0.so.0.5200.1
770ba0698000-770ba06a7000 r--p 00000000 fc:01 14435946                   /usr/lib/x86_64-linux-gnu/libgobject-2.0.so.0.8000.0
770ba06a7000-770ba06de000 r-xp 0000f000 fc:01 14435946                   /usr/lib/x86_64-linux-gnu/libgobject-2.0.so.0.8000.0
770ba06de000-770ba06f7000 r--p 00046000 fc:01 14435946                   /usr/lib/x86_64-linux-gnu/libgobject-2.0.so.0.8000.0
770ba06f7000-770ba06fa000 r--p 0005e000 fc:01 14435946                   /usr/lib/x86_64-linux-gnu/libgobject-2.0.so.0.8000.0
770ba06fa000-770ba06fb000 rw-p 00061000 fc:01 14435946                   /usr/lib/x86_64-linux-gnu/libgobject-2.0.so.0.8000.0
770ba06fb000-770ba06fd000 r--p 00000000 fc:01 14433241                   /usr/lib/x86_64-linux-gnu/libgmodule-2.0.so.0.8000.0
770ba06fd000-770ba06ff000 r-xp 00002000 fc:01 14433241                   /usr/lib/x86_64-linux-gnu/libgmodule-2.0.so.0.8000.0
770ba06ff000-770ba0700000 r--p 00004000 fc:01 14433241                   /usr/lib/x86_64-linux-gnu/libgmodule-2.0.so.0.8000.0
770ba0700000-770ba0701000 r--p 00004000 fc:01 14433241                   /usr/lib/x86_64-linux-gnu/libgmodule-2.0.so.0.8000.0
770ba0701000-770ba0702000 rw-p 00005000 fc:01 14433241                   /usr/lib/x86_64-linux-gnu/libgmodule-2.0.so.0.8000.0
770ba0702000-770ba0703000 r--s 00000000 fc:01 11411723                   /var/cache/fontconfig/199c1c7bd88380a6edcc43c7631ccded-le64.cache-9
770ba0703000-770ba071f000 r--p 00000000 fc:01 14706736                   /usr/share/locale-langpack/fr/LC_MESSAGES/gtk30.mo
770ba071f000-770ba073f000 rw-s 1022fe000 00:11 1064                      anon_inode:i915.gem
770ba074f000-770ba075f000 rw-s 10231e000 00:11 1064                      anon_inode:i915.gem
770ba075f000-770ba076f000 rw-s 1054f7000 00:11 1064                      anon_inode:i915.gem
770ba076f000-770ba077f000 rw-s 1022de000 00:11 1064                      anon_inode:i915.gem
770ba07d1000-770ba07e1000 rw-s 104cdb000 00:11 1064                      anon_inode:i915.gem
770ba07fa000-770ba07fb000 rw-s 102646000 00:11 1064                      anon_inode:i915.gem
770ba07fb000-770ba07ff000 rw-s 1025d2000 00:11 1064                      anon_inode:i915.gem
770ba07ff000-770ba0800000 ---p 00000000 00:00 0 
770ba0800000-770ba1000000 rw-p 00000000 00:00 0 
770ba1000000-770ba1200000 rw-s 1081e1000 00:11 1064                      anon_inode:i915.gem
770ba1200000-770ba1268000 r--p 00000000 fc:01 14433554                   /usr/lib/x86_64-linux-gnu/libicuuc.so.74.2
770ba1268000-770ba136d000 r-xp 00068000 fc:01 14433554                   /usr/lib/x86_64-linux-gnu/libicuuc.so.74.2
770ba136d000-770ba13f7000 r--p 0016d000 fc:01 14433554                   /usr/lib/x86_64-linux-gnu/libicuuc.so.74.2
770ba13f7000-770ba140a000 r--p 001f7000 fc:01 14433554                   /usr/lib/x86_64-linux-gnu/libicuuc.so.74.2
770ba140a000-770ba140b000 rw-p 0020a000 fc:01 14433554                   /usr/lib/x86_64-linux-gnu/libicuuc.so.74.2
770ba140b000-770ba140d000 rw-p 00000000 00:00 0 
770ba140d000-770ba140e000 r--s 00000000 fc:01 11408014                   /var/cache/fontconfig/e0aa53bcfa504e64f87823c16bc01eb6-le64.cache-9
770ba140e000-770ba154f000 rw-s 00000000 fc:01 25040328                   /home/bloch/.cache/mesa_shader_cache/index
770ba154f000-770ba158f000 rw-s 105b4b000 00:11 1064                      anon_inode:i915.gem
770ba158f000-770ba15b4000 r--p 00000000 fc:01 14724098                   /usr/share/locale-langpack/fr/LC_MESSAGES/libc.mo
770ba15b4000-770ba15b7000 r--p 00000000 fc:01 14420731                   /usr/lib/x86_64-linux-gnu/liblzma.so.5.4.5
770ba15b7000-770ba15d9000 r-xp 00003000 fc:01 14420731                   /usr/lib/x86_64-linux-gnu/liblzma.so.5.4.5
770ba15d9000-770ba15e4000 r--p 00025000 fc:01 14420731                   /usr/lib/x86_64-linux-gnu/liblzma.so.5.4.5
770ba15e4000-770ba15e5000 r--p 00030000 fc:01 14420731                   /usr/lib/x86_64-linux-gnu/liblzma.so.5.4.5
770ba15e5000-770ba15e6000 rw-p 00031000 fc:01 14420731                   /usr/lib/x86_64-linux-gnu/liblzma.so.5.4.5
770ba15e6000-770ba15f4000 r--p 00000000 fc:01 14431891                   /usr/lib/x86_64-linux-gnu/libtinfo.so.6.4
770ba15f4000-770ba1607000 r-xp 0000e000 fc:01 14431891                   /usr/lib/x86_64-linux-gnu/libtinfo.so.6.4
770ba1607000-770ba1615000 r--p 00021000 fc:01 14431891                   /usr/lib/x86_64-linux-gnu/libtinfo.so.6.4
770ba1615000-770ba1619000 r--p 0002e000 fc:01 14431891                   /usr/lib/x86_64-linux-gnu/libtinfo.so.6.4
770ba1619000-770ba161a000 rw-p 00032000 fc:01 14431891                   /usr/lib/x86_64-linux-gnu/libtinfo.so.6.4
770ba161a000-770ba161c000 r--p 00000000 fc:01 14431508                   /usr/lib/x86_64-linux-gnu/libpciaccess.so.0.11.1
770ba161c000-770ba1621000 r-xp 00002000 fc:01 14431508                   /usr/lib/x86_64-linux-gnu/libpciaccess.so.0.11.1
770ba1621000-770ba1623000 r--p 00007000 fc:01 14431508                   /usr/lib/x86_64-linux-gnu/libpciaccess.so.0.11.1
770ba1623000-770ba1624000 r--p 00008000 fc:01 14431508                   /usr/lib/x86_64-linux-gnu/libpciaccess.so.0.11.1
770ba1624000-770ba1625000 rw-p 00009000 fc:01 14431508                   /usr/lib/x86_64-linux-gnu/libpciaccess.so.0.11.1
770ba1625000-770ba1654000 r--p 00000000 fc:01 14418792                   /usr/lib/x86_64-linux-gnu/libxml2.so.2.9.14
770ba1654000-770ba17ba000 r-xp 0002f000 fc:01 14418792                   /usr/lib/x86_64-linux-gnu/libxml2.so.2.9.14
770ba17ba000-770ba17fc000 r--p 00195000 fc:01 14418792                   /usr/lib/x86_64-linux-gnu/libxml2.so.2.9.14
770ba17fc000-770ba1805000 r--p 001d6000 fc:01 14418792                   /usr/lib/x86_64-linux-gnu/libxml2.so.2.9.14
770ba1805000-770ba1806000 rw-p 001df000 fc:01 14418792                   /usr/lib/x86_64-linux-gnu/libxml2.so.2.9.14
770ba1806000-770ba1807000 rw-p 00000000 00:00 0 
770ba1807000-770ba180f000 r--p 00000000 fc:01 14433371                   /usr/lib/x86_64-linux-gnu/libedit.so.2.0.72
770ba180f000-770ba182e000 r-xp 00008000 fc:01 14433371                   /usr/lib/x86_64-linux-gnu/libedit.so.2.0.72
770ba182e000-770ba183a000 r--p 00027000 fc:01 14433371                   /usr/lib/x86_64-linux-gnu/libedit.so.2.0.72
770ba183a000-770ba183c000 r--p 00033000 fc:01 14433371                   /usr/lib/x86_64-linux-gnu/libedit.so.2.0.72
770ba183c000-770ba183d000 rw-p 00035000 fc:01 14433371                   /usr/lib/x86_64-linux-gnu/libedit.so.2.0.72
770ba183d000-770ba1841000 rw-p 00000000 00:00 0 
770ba1841000-770ba1843000 r--p 00000000 fc:01 14433400                   /usr/lib/x86_64-linux-gnu/libffi.so.8.1.4
770ba1843000-770ba184a000 r-xp 00002000 fc:01 14433400                   /usr/lib/x86_64-linux-gnu/libffi.so.8.1.4
770ba184a000-770ba184b000 r--p 00009000 fc:01 14433400                   /usr/lib/x86_64-linux-gnu/libffi.so.8.1.4
770ba184b000-770ba184c000 r--p 0000a000 fc:01 14433400                   /usr/lib/x86_64-linux-gnu/libffi.so.8.1.4
770ba184c000-770ba184d000 rw-p 0000b000 fc:01 14433400                   /usr/lib/x86_64-linux-gnu/libffi.so.8.1.4
770ba184d000-770ba1850000 r--p 00000000 fc:01 14419383                   /usr/lib/x86_64-linux-gnu/libdrm_intel.so.1.125.0
770ba1850000-770ba1866000 r-xp 00003000 fc:01 14419383                   /usr/lib/x86_64-linux-gnu/libdrm_intel.so.1.125.0
770ba1866000-770ba186f000 r--p 00019000 fc:01 14419383                   /usr/lib/x86_64-linux-gnu/libdrm_intel.so.1.125.0
770ba186f000-770ba1870000 r--p 00021000 fc:01 14419383                   /usr/lib/x86_64-linux-gnu/libdrm_intel.so.1.125.0
770ba1870000-770ba1871000 rw-p 00022000 fc:01 14419383                   /usr/lib/x86_64-linux-gnu/libdrm_intel.so.1.125.0
770ba1871000-770ba1874000 r--p 00000000 fc:01 14431515                   /usr/lib/x86_64-linux-gnu/libelf-0.190.so
770ba1874000-770ba188a000 r-xp 00003000 fc:01 14431515                   /usr/lib/x86_64-linux-gnu/libelf-0.190.so
770ba188a000-770ba188e000 r--p 00019000 fc:01 14431515                   /usr/lib/x86_64-linux-gnu/libelf-0.190.so
770ba188e000-770ba188f000 r--p 0001c000 fc:01 14431515                   /usr/lib/x86_64-linux-gnu/libelf-0.190.so
770ba188f000-770ba1890000 rw-p 0001d000 fc:01 14431515                   /usr/lib/x86_64-linux-gnu/libelf-0.190.so
770ba1890000-770ba1893000 r--p 00000000 fc:01 14419368                   /usr/lib/x86_64-linux-gnu/libdrm_amdgpu.so.1.125.0
770ba1893000-770ba1899000 r-xp 00003000 fc:01 14419368                   /usr/lib/x86_64-linux-gnu/libdrm_amdgpu.so.1.125.0
770ba1899000-770ba189b000 r--p 00009000 fc:01 14419368                   /usr/lib/x86_64-linux-gnu/libdrm_amdgpu.so.1.125.0
770ba189b000-770ba189c000 r--p 0000a000 fc:01 14419368                   /usr/lib/x86_64-linux-gnu/libdrm_amdgpu.so.1.125.0
770ba189c000-770ba189d000 rw-p 0000b000 fc:01 14419368                   /usr/lib/x86_64-linux-gnu/libdrm_amdgpu.so.1.125.0
770ba189d000-770ba18a4000 r--p 00000000 fc:01 14433982                   /usr/lib/x86_64-linux-gnu/libxcb-randr.so.0.1.0
770ba18a4000-770ba18a9000 r-xp 00007000 fc:01 14433982                   /usr/lib/x86_64-linux-gnu/libxcb-randr.so.0.1.0
770ba18a9000-770ba18ac000 r--p 0000c000 fc:01 14433982                   /usr/lib/x86_64-linux-gnu/libxcb-randr.so.0.1.0
770ba18ac000-770ba18ad000 r--p 0000f000 fc:01 14433982                   /usr/lib/x86_64-linux-gnu/libxcb-randr.so.0.1.0
770ba18ad000-770ba18ae000 rw-p 00010000 fc:01 14433982                   /usr/lib/x86_64-linux-gnu/libxcb-randr.so.0.1.0
770ba18ae000-770ba18b0000 r--p 00000000 fc:01 14433832                   /usr/lib/x86_64-linux-gnu/libsensors.so.5.0.0
770ba18b0000-770ba18b7000 r-xp 00002000 fc:01 14433832                   /usr/lib/x86_64-linux-gnu/libsensors.so.5.0.0
770ba18b7000-770ba18bb000 r--p 00009000 fc:01 14433832                   /usr/lib/x86_64-linux-gnu/libsensors.so.5.0.0
770ba18bb000-770ba18bc000 r--p 0000d000 fc:01 14433832                   /usr/lib/x86_64-linux-gnu/libsensors.so.5.0.0
770ba18bc000-770ba18bd000 rw-p 0000e000 fc:01 14433832                   /usr/lib/x86_64-linux-gnu/libsensors.so.5.0.0
770ba18bd000-770ba18c1000 r--p 00000000 fc:01 14434012                   /usr/lib/x86_64-linux-gnu/libzstd.so.1.5.5
770ba18c1000-770ba1968000 r-xp 00004000 fc:01 14434012                   /usr/lib/x86_64-linux-gnu/libzstd.so.1.5.5
770ba1968000-770ba1975000 r--p 000ab000 fc:01 14434012                   /usr/lib/x86_64-linux-gnu/libzstd.so.1.5.5
770ba1975000-770ba1976000 r--p 000b7000 fc:01 14434012                   /usr/lib/x86_64-linux-gnu/libzstd.so.1.5.5
770ba1976000-770ba1977000 rw-p 000b8000 fc:01 14434012                   /usr/lib/x86_64-linux-gnu/libzstd.so.1.5.5
770ba1977000-770ba197b000 r--p 00000000 fc:01 14425962                   /usr/lib/x86_64-linux-gnu/libexpat.so.1.9.1
770ba197b000-770ba1998000 r-xp 00004000 fc:01 14425962                   /usr/lib/x86_64-linux-gnu/libexpat.so.1.9.1
770ba1998000-770ba19a0000 r--p 00021000 fc:01 14425962                   /usr/lib/x86_64-linux-gnu/libexpat.so.1.9.1
770ba19a0000-770ba19a2000 r--p 00028000 fc:01 14425962                   /usr/lib/x86_64-linux-gnu/libexpat.so.1.9.1
770ba19a2000-770ba19a3000 rw-p 0002a000 fc:01 14425962                   /usr/lib/x86_64-linux-gnu/libexpat.so.1.9.1
770ba19a3000-770ba19ae000 r--p 00000000 fc:01 14433977                   /usr/lib/x86_64-linux-gnu/libxcb-glx.so.0.0.0
770ba19ae000-770ba19b7000 r-xp 0000b000 fc:01 14433977                   /usr/lib/x86_64-linux-gnu/libxcb-glx.so.0.0.0
770ba19b7000-770ba19bc000 r--p 00014000 fc:01 14433977                   /usr/lib/x86_64-linux-gnu/libxcb-glx.so.0.0.0
770ba19bc000-770ba19be000 r--p 00019000 fc:01 14433977                   /usr/lib/x86_64-linux-gnu/libxcb-glx.so.0.0.0
770ba19be000-770ba19bf000 rw-p 0001b000 fc:01 14433977                   /usr/lib/x86_64-linux-gnu/libxcb-glx.so.0.0.0
770ba19bf000-770ba19ca000 r--p 00000000 fc:01 14420477                   /usr/lib/x86_64-linux-gnu/libGLX_mesa.so.0.0.0
770ba19ca000-770ba19f7000 r-xp 0000b000 fc:01 14420477                   /usr/lib/x86_64-linux-gnu/libGLX_mesa.so.0.0.0
770ba19f7000-770ba1a06000 r--p 00038000 fc:01 14420477                   /usr/lib/x86_64-linux-gnu/libGLX_mesa.so.0.0.0
770ba1a06000-770ba1a09000 r--p 00047000 fc:01 14420477                   /usr/lib/x86_64-linux-gnu/libGLX_mesa.so.0.0.0
770ba1a09000-770ba1a0a000 rw-p 0004a000 fc:01 14420477                   /usr/lib/x86_64-linux-gnu/libGLX_mesa.so.0.0.0
770ba1a0a000-770ba1a0b000 rw-p 00000000 00:00 0 
770ba1a0b000-770ba1a4c000 r--p 00000000 fc:01 14433110                   /usr/lib/x86_64-linux-gnu/libGLdispatch.so.0.0.0
770ba1a4c000-770ba1a8b000 r-xp 00041000 fc:01 14433110                   /usr/lib/x86_64-linux-gnu/libGLdispatch.so.0.0.0
770ba1a8b000-770ba1a9e000 r--p 00080000 fc:01 14433110                   /usr/lib/x86_64-linux-gnu/libGLdispatch.so.0.0.0
770ba1a9e000-770ba1aba000 r--p 00093000 fc:01 14433110                   /usr/lib/x86_64-linux-gnu/libGLdispatch.so.0.0.0
770ba1aba000-770ba1abb000 rw-p 000af000 fc:01 14433110                   /usr/lib/x86_64-linux-gnu/libGLdispatch.so.0.0.0
770ba1abb000-770ba1ac3000 rw-p 00000000 00:00 0 
770ba1ac3000-770ba1adc000 r--p 00000000 fc:01 14433122                   /usr/lib/x86_64-linux-gnu/libX11.so.6.4.0
770ba1adc000-770ba1b6c000 r-xp 00019000 fc:01 14433122                   /usr/lib/x86_64-linux-gnu/libX11.so.6.4.0
770ba1b6c000-770ba1bfb000 r--p 000a9000 fc:01 14433122                   /usr/lib/x86_64-linux-gnu/libX11.so.6.4.0
770ba1bfb000-770ba1bfc000 r--p 00138000 fc:01 14433122                   /usr/lib/x86_64-linux-gnu/libX11.so.6.4.0
770ba1bfc000-770ba1c00000 rw-p 00139000 fc:01 14433122                   /usr/lib/x86_64-linux-gnu/libX11.so.6.4.0
770ba1c00000-770ba1c04000 ---p 00000000 00:00 0 
770ba1c04000-770ba1d00000 rw-p 00000000 00:00 0 
770ba1d00000-770ba1d04000 ---p 00000000 00:00 0 
770ba1d04000-770ba1e00000 rw-p 00000000 00:00 0 
770ba1e00000-770ba1e04000 ---p 00000000 00:00 0 
770ba1e04000-770ba1f00000 rw-p 00000000 00:00 0 
770ba1f00000-770ba1f04000 ---p 00000000 00:00 0 
770ba1f04000-770ba2000000 rw-p 00000000 00:00 0 
770ba2000000-770ba4021000 rw-p 00000000 00:00 0 
770ba4021000-770ba8000000 ---p 00000000 00:00 0 
770ba8000000-770ba8021000 rw-p 00000000 00:00 0 
770ba8021000-770bac000000 ---p 00000000 00:00 0 
770bac000000-770bac021000 rw-p 00000000 00:00 0 
770bac021000-770bb0000000 ---p 00000000 00:00 0 
770bb0000000-770bb0001000 r--p 00000000 fc:01 14449270                   /usr/lib/x86_64-linux-gnu/libdl.so.2
770bb0001000-770bb0002000 r-xp 00001000 fc:01 14449270                   /usr/lib/x86_64-linux-gnu/libdl.so.2
770bb0002000-770bb0003000 r--p 00002000 fc:01 14449270                   /usr/lib/x86_64-linux-gnu/libdl.so.2
770bb0003000-770bb0004000 r--p 00002000 fc:01 14449270                   /usr/lib/x86_64-linux-gnu/libdl.so.2
770bb0004000-770bb0005000 rw-p 00003000 fc:01 14449270                   /usr/lib/x86_64-linux-gnu/libdl.so.2
770bb0005000-770bb0008000 r--p 00000000 fc:01 14433988                   /usr/lib/x86_64-linux-gnu/libxcb-sync.so.1.0.0
770bb0008000-770bb000b000 r-xp 00003000 fc:01 14433988                   /usr/lib/x86_64-linux-gnu/libxcb-sync.so.1.0.0
770bb000b000-770bb000c000 r--p 00006000 fc:01 14433988                   /usr/lib/x86_64-linux-gnu/libxcb-sync.so.1.0.0
770bb000c000-770bb000d000 r--p 00007000 fc:01 14433988                   /usr/lib/x86_64-linux-gnu/libxcb-sync.so.1.0.0
770bb000d000-770bb000e000 rw-p 00008000 fc:01 14433988                   /usr/lib/x86_64-linux-gnu/libxcb-sync.so.1.0.0
770bb000e000-770bb0011000 r--p 00000000 fc:01 14433990                   /usr/lib/x86_64-linux-gnu/libxcb-xfixes.so.0.0.0
770bb0011000-770bb0014000 r-xp 00003000 fc:01 14433990                   /usr/lib/x86_64-linux-gnu/libxcb-xfixes.so.0.0.0
770bb0014000-770bb0016000 r--p 00006000 fc:01 14433990                   /usr/lib/x86_64-linux-gnu/libxcb-xfixes.so.0.0.0
770bb0016000-770bb0017000 r--p 00007000 fc:01 14433990                   /usr/lib/x86_64-linux-gnu/libxcb-xfixes.so.0.0.0
770bb0017000-770bb0018000 rw-p 00008000 fc:01 14433990                   /usr/lib/x86_64-linux-gnu/libxcb-xfixes.so.0.0.0
770bb0018000-770bb001d000 r--p 00000000 fc:01 14418436                   /usr/lib/x86_64-linux-gnu/libdrm.so.2.125.0
770bb001d000-770bb0029000 r-xp 00005000 fc:01 14418436                   /usr/lib/x86_64-linux-gnu/libdrm.so.2.125.0
770bb0029000-770bb002d000 r--p 00011000 fc:01 14418436                   /usr/lib/x86_64-linux-gnu/libdrm.so.2.125.0
770bb002d000-770bb002e000 r--p 00015000 fc:01 14418436                   /usr/lib/x86_64-linux-gnu/libdrm.so.2.125.0
770bb002e000-770bb002f000 rw-p 00016000 fc:01 14418436                   /usr/lib/x86_64-linux-gnu/libdrm.so.2.125.0
770bb002f000-770bb0033000 ---p 00000000 00:00 0 
770bb0033000-770bb012f000 rw-p 00000000 00:00 0 
770bb012f000-770bb0134000 r--p 00000000 fc:01 15864252                   /usr/lib/jvm/java-21-openjdk-amd64/lib/libjsvml.so
770bb0134000-770bb0175000 r-xp 00005000 fc:01 15864252                   /usr/lib/jvm/java-21-openjdk-amd64/lib/libjsvml.so
770bb0175000-770bb01fe000 r--p 00046000 fc:01 15864252                   /usr/lib/jvm/java-21-openjdk-amd64/lib/libjsvml.so
770bb01fe000-770bb01ff000 r--p 000ce000 fc:01 15864252                   /usr/lib/jvm/java-21-openjdk-amd64/lib/libjsvml.so
770bb01ff000-770bb0200000 rw-p 000cf000 fc:01 15864252                   /usr/lib/jvm/java-21-openjdk-amd64/lib/libjsvml.so
770bb0200000-770bb0204000 ---p 00000000 00:00 0 
770bb0204000-770bb0300000 rw-p 00000000 00:00 0 
770bb0300000-770bb0304000 ---p 00000000 00:00 0 
770bb0304000-770bb0400000 rw-p 00000000 00:00 0 
770bb0400000-770bb0404000 ---p 00000000 00:00 0 
770bb0404000-770bb0500000 rw-p 00000000 00:00 0 
770bb0500000-770bb0504000 ---p 00000000 00:00 0 
770bb0504000-770bb0600000 rw-p 00000000 00:00 0 
770bb0600000-770bb0b66000 r--p 00000000 fc:01 14422733                   /usr/lib/locale/locale-archive
770bb0b66000-770bb0b69000 r--s 00000000 fc:01 25040067                   /home/bloch/.cache/fontconfig/66a0a54b130b3a3875a1e08e58f77dd2-le64.cache-9
770bb0b69000-770bb0b6a000 r--p 00000000 fc:01 14434004                   /usr/lib/x86_64-linux-gnu/libxshmfence.so.1.0.0
770bb0b6a000-770bb0b6b000 r-xp 00001000 fc:01 14434004                   /usr/lib/x86_64-linux-gnu/libxshmfence.so.1.0.0
770bb0b6b000-770bb0b6c000 r--p 00002000 fc:01 14434004                   /usr/lib/x86_64-linux-gnu/libxshmfence.so.1.0.0
770bb0b6c000-770bb0b6d000 r--p 00002000 fc:01 14434004                   /usr/lib/x86_64-linux-gnu/libxshmfence.so.1.0.0
770bb0b6d000-770bb0b6e000 rw-p 00003000 fc:01 14434004                   /usr/lib/x86_64-linux-gnu/libxshmfence.so.1.0.0
770bb0b6e000-770bb0b72000 r--p 00000000 fc:01 14431884                   /usr/lib/x86_64-linux-gnu/libbsd.so.0.12.1
770bb0b72000-770bb0b7e000 r-xp 00004000 fc:01 14431884                   /usr/lib/x86_64-linux-gnu/libbsd.so.0.12.1
770bb0b7e000-770bb0b81000 r--p 00010000 fc:01 14431884                   /usr/lib/x86_64-linux-gnu/libbsd.so.0.12.1
770bb0b81000-770bb0b82000 r--p 00012000 fc:01 14431884                   /usr/lib/x86_64-linux-gnu/libbsd.so.0.12.1
770bb0b82000-770bb0b83000 rw-p 00013000 fc:01 14431884                   /usr/lib/x86_64-linux-gnu/libbsd.so.0.12.1
770bb0b83000-770bb0b84000 rw-p 00000000 00:00 0 
770bb0b84000-770bb0b87000 r--p 00000000 fc:01 14433108                   /usr/lib/x86_64-linux-gnu/libGLX.so.0.0.0
770bb0b87000-770bb0ba2000 r-xp 00003000 fc:01 14433108                   /usr/lib/x86_64-linux-gnu/libGLX.so.0.0.0
770bb0ba2000-770bb0ba5000 r--p 0001e000 fc:01 14433108                   /usr/lib/x86_64-linux-gnu/libGLX.so.0.0.0
770bb0ba5000-770bb0ba6000 r--p 00020000 fc:01 14433108                   /usr/lib/x86_64-linux-gnu/libGLX.so.0.0.0
770bb0ba6000-770bb0ba7000 rw-p 00021000 fc:01 14433108                   /usr/lib/x86_64-linux-gnu/libGLX.so.0.0.0
770bb0ba7000-770bb0bb7000 rw-p 00000000 00:00 0 
770bb0bb7000-770bb0bc2000 r--p 00000000 fc:01 14433993                   /usr/lib/x86_64-linux-gnu/libxcb.so.1.1.0
770bb0bc2000-770bb0bd5000 r-xp 0000b000 fc:01 14433993                   /usr/lib/x86_64-linux-gnu/libxcb.so.1.1.0
770bb0bd5000-770bb0bde000 r--p 0001e000 fc:01 14433993                   /usr/lib/x86_64-linux-gnu/libxcb.so.1.1.0
770bb0bde000-770bb0bdf000 r--p 00026000 fc:01 14433993                   /usr/lib/x86_64-linux-gnu/libxcb.so.1.1.0
770bb0bdf000-770bb0be0000 rw-p 00027000 fc:01 14433993                   /usr/lib/x86_64-linux-gnu/libxcb.so.1.1.0
770bb0be0000-770bb0cd0000 rw-p 00000000 00:00 0 
770bb0cd0000-770bb0e38000 ---p 00000000 00:00 0 
770bb0e38000-770bb0e68000 rw-p 00000000 00:00 0 
770bb0e68000-770bb0fa0000 ---p 00000000 00:00 0 
770bb0fa0000-770bb0fa8000 rw-p 00000000 00:00 0 
770bb0fa8000-770bb47e8000 ---p 00000000 00:00 0 
770bb47e8000-770bb4800000 rw-p 00000000 00:00 0 
770bb4800000-770bb5680000 rwxp 00000000 00:00 0 
770bb5680000-770bbbd37000 ---p 00000000 00:00 0 
770bbbd37000-770bbbfa7000 rwxp 00000000 00:00 0 
770bbbfa7000-770bbc2c9000 ---p 00000000 00:00 0 
770bbc2c9000-770bbc6a9000 rwxp 00000000 00:00 0 
770bbc6a9000-770bc3800000 ---p 00000000 00:00 0 
770bc3800000-770bcbe51000 r--s 00000000 fc:01 15864273                   /usr/lib/jvm/java-21-openjdk-amd64/lib/modules
770bcbe51000-770bcbe52000 rw-p 00000000 00:00 0 
770bcbe52000-770bcbe53000 r-xp 00000000 fc:01 11796672                   /tmp/9liizq (deleted)
770bcbe53000-770bcbe54000 rw-p 00000000 00:00 0 
770bcbe54000-770bcbe55000 r--p 00000000 fc:01 14433981                   /usr/lib/x86_64-linux-gnu/libxcb-present.so.0.0.0
770bcbe55000-770bcbe56000 r-xp 00001000 fc:01 14433981                   /usr/lib/x86_64-linux-gnu/libxcb-present.so.0.0.0
770bcbe56000-770bcbe57000 r--p 00002000 fc:01 14433981                   /usr/lib/x86_64-linux-gnu/libxcb-present.so.0.0.0
770bcbe57000-770bcbe58000 r--p 00002000 fc:01 14433981                   /usr/lib/x86_64-linux-gnu/libxcb-present.so.0.0.0
770bcbe58000-770bcbe59000 rw-p 00003000 fc:01 14433981                   /usr/lib/x86_64-linux-gnu/libxcb-present.so.0.0.0
770bcbe59000-770bcbe5b000 r--p 00000000 fc:01 14433976                   /usr/lib/x86_64-linux-gnu/libxcb-dri3.so.0.1.0
770bcbe5b000-770bcbe5d000 r-xp 00002000 fc:01 14433976                   /usr/lib/x86_64-linux-gnu/libxcb-dri3.so.0.1.0
770bcbe5d000-770bcbe5e000 r--p 00004000 fc:01 14433976                   /usr/lib/x86_64-linux-gnu/libxcb-dri3.so.0.1.0
770bcbe5e000-770bcbe5f000 r--p 00004000 fc:01 14433976                   /usr/lib/x86_64-linux-gnu/libxcb-dri3.so.0.1.0
770bcbe5f000-770bcbe60000 rw-p 00005000 fc:01 14433976                   /usr/lib/x86_64-linux-gnu/libxcb-dri3.so.0.1.0
770bcbe60000-770bcbe61000 r--p 00000000 fc:01 14433987                   /usr/lib/x86_64-linux-gnu/libxcb-shm.so.0.0.0
770bcbe61000-770bcbe62000 r-xp 00001000 fc:01 14433987                   /usr/lib/x86_64-linux-gnu/libxcb-shm.so.0.0.0
770bcbe62000-770bcbe63000 r--p 00002000 fc:01 14433987                   /usr/lib/x86_64-linux-gnu/libxcb-shm.so.0.0.0
770bcbe63000-770bcbe64000 r--p 00002000 fc:01 14433987                   /usr/lib/x86_64-linux-gnu/libxcb-shm.so.0.0.0
770bcbe64000-770bcbe65000 rw-p 00003000 fc:01 14433987                   /usr/lib/x86_64-linux-gnu/libxcb-shm.so.0.0.0
770bcbe65000-770bcbe69000 r--p 00000000 fc:01 14433130                   /usr/lib/x86_64-linux-gnu/libXext.so.6.4.0
770bcbe69000-770bcbe74000 r-xp 00004000 fc:01 14433130                   /usr/lib/x86_64-linux-gnu/libXext.so.6.4.0
770bcbe74000-770bcbe77000 r--p 0000f000 fc:01 14433130                   /usr/lib/x86_64-linux-gnu/libXext.so.6.4.0
770bcbe77000-770bcbe78000 r--p 00011000 fc:01 14433130                   /usr/lib/x86_64-linux-gnu/libXext.so.6.4.0
770bcbe78000-770bcbe79000 rw-p 00012000 fc:01 14433130                   /usr/lib/x86_64-linux-gnu/libXext.so.6.4.0
770bcbe79000-770bcbebc000 r--p 00000000 fc:01 14433101                   /usr/lib/x86_64-linux-gnu/libGL.so.1.7.0
770bcbebc000-770bcbedc000 r-xp 00043000 fc:01 14433101                   /usr/lib/x86_64-linux-gnu/libGL.so.1.7.0
770bcbedc000-770bcbef0000 r--p 00063000 fc:01 14433101                   /usr/lib/x86_64-linux-gnu/libGL.so.1.7.0
770bcbef0000-770bcbefe000 r--p 00077000 fc:01 14433101                   /usr/lib/x86_64-linux-gnu/libGL.so.1.7.0
770bcbefe000-770bcbeff000 rw-p 00085000 fc:01 14433101                   /usr/lib/x86_64-linux-gnu/libGL.so.1.7.0
770bcbeff000-770bcbf00000 rw-p 00000000 00:00 0 
770bcbf00000-770bcbf04000 ---p 00000000 00:00 0 
770bcbf04000-770bcc000000 rw-p 00000000 00:00 0 
770bcc000000-770bcc83b000 rw-p 00000000 00:00 0 
770bcc83b000-770bd0000000 ---p 00000000 00:00 0 
770bd0000000-770bd0003000 rw-p 00000000 00:00 0 
770bd0003000-770bd0005000 r--p 00000000 fc:01 14431497                   /usr/lib/x86_64-linux-gnu/libmd.so.0.1.0
770bd0005000-770bd000e000 r-xp 00002000 fc:01 14431497                   /usr/lib/x86_64-linux-gnu/libmd.so.0.1.0
770bd000e000-770bd0010000 r--p 0000b000 fc:01 14431497                   /usr/lib/x86_64-linux-gnu/libmd.so.0.1.0
770bd0010000-770bd0011000 r--p 0000c000 fc:01 14431497                   /usr/lib/x86_64-linux-gnu/libmd.so.0.1.0
770bd0011000-770bd0012000 rw-p 0000d000 fc:01 14431497                   /usr/lib/x86_64-linux-gnu/libmd.so.0.1.0
770bd0012000-770bd0013000 r-xp 00000000 fc:01 11796672                   /tmp/9liizq (deleted)
770bd0013000-770bd0014000 rw-p 00000000 00:00 0 
770bd0014000-770bd0015000 r-xp 00000000 fc:01 26232206                   /home/bloch/.openjfx/cache/21+31/amd64/libglass.so
770bd0015000-770bd0016000 ---p 00001000 fc:01 26232206                   /home/bloch/.openjfx/cache/21+31/amd64/libglass.so
770bd0016000-770bd0017000 r--p 00001000 fc:01 26232206                   /home/bloch/.openjfx/cache/21+31/amd64/libglass.so
770bd0017000-770bd0018000 rw-p 00002000 fc:01 26232206                   /home/bloch/.openjfx/cache/21+31/amd64/libglass.so
770bd0018000-770bd0028000 rw-s 105bcb000 00:11 1064                      anon_inode:i915.gem
770bd0028000-770bd002f000 r--s 00000000 fc:01 14449092                   /usr/lib/x86_64-linux-gnu/gconv/gconv-modules.cache
770bd002f000-770bd0033000 ---p 00000000 00:00 0 
770bd0033000-770bd012f000 rw-p 00000000 00:00 0 
770bd012f000-770bd0133000 ---p 00000000 00:00 0 
770bd0133000-770bd022f000 rw-p 00000000 00:00 0 
770bd022f000-770bd0230000 ---p 00000000 00:00 0 
770bd0230000-770bd0330000 rw-p 00000000 00:00 0 
770bd0330000-770bd0331000 ---p 00000000 00:00 0 
770bd0331000-770bd0431000 rw-p 00000000 00:00 0 
770bd0431000-770bd050d000 rw-p 00000000 00:00 0 
770bd050d000-770bd050e000 ---p 00000000 00:00 0 
770bd050e000-770bd060e000 rw-p 00000000 00:00 0 
770bd060e000-770bd060f000 ---p 00000000 00:00 0 
770bd060f000-770bd070f000 rw-p 00000000 00:00 0 
770bd070f000-770bd0f17000 rw-p 00000000 00:00 0 
770bd0f17000-770bd0f18000 ---p 00000000 00:00 0 
770bd0f18000-770bd1018000 rw-p 00000000 00:00 0 
770bd1018000-770bd1019000 ---p 00000000 00:00 0 
770bd1019000-770bd1119000 rw-p 00000000 00:00 0 
770bd1119000-770bd111a000 ---p 00000000 00:00 0 
770bd111a000-770bd121a000 rw-p 00000000 00:00 0 
770bd121a000-770bd1238000 rw-p 00000000 00:00 0 
770bd1238000-770bd1265000 ---p 00000000 00:00 0 
770bd1265000-770bd126b000 rw-p 00000000 00:00 0 
770bd126b000-770bd1292000 ---p 00000000 00:00 0 
770bd1292000-770bd1293000 rw-p 00000000 00:00 0 
770bd1293000-770bd199b000 ---p 00000000 00:00 0 
770bd199b000-770bd19bc000 rw-p 00000000 00:00 0 
770bd19bc000-770bd19e9000 ---p 00000000 00:00 0 
770bd19e9000-770bd19ef000 rw-p 00000000 00:00 0 
770bd19ef000-770bd1a16000 ---p 00000000 00:00 0 
770bd1a16000-770bd1a17000 rw-p 00000000 00:00 0 
770bd1a17000-770bd211f000 ---p 00000000 00:00 0 
770bd211f000-770bd2932000 rw-p 00000000 00:00 0 
770bd2932000-770bd2a15000 ---p 00000000 00:00 0 
770bd2a15000-770bd2a32000 rw-p 00000000 00:00 0 
770bd2a32000-770bd2b00000 ---p 00000000 00:00 0 
770bd2b00000-770bd2b04000 ---p 00000000 00:00 0 
770bd2b04000-770bd2c00000 rw-p 00000000 00:00 0 
770bd2c00000-770bd2c9d000 r--p 00000000 fc:01 14423795                   /usr/lib/x86_64-linux-gnu/libstdc++.so.6.0.33
770bd2c9d000-770bd2de5000 r-xp 0009d000 fc:01 14423795                   /usr/lib/x86_64-linux-gnu/libstdc++.so.6.0.33
770bd2de5000-770bd2e6c000 r--p 001e5000 fc:01 14423795                   /usr/lib/x86_64-linux-gnu/libstdc++.so.6.0.33
770bd2e6c000-770bd2e77000 r--p 0026b000 fc:01 14423795                   /usr/lib/x86_64-linux-gnu/libstdc++.so.6.0.33
770bd2e77000-770bd2e7a000 rw-p 00276000 fc:01 14423795                   /usr/lib/x86_64-linux-gnu/libstdc++.so.6.0.33
770bd2e7a000-770bd2e7e000 rw-p 00000000 00:00 0 
770bd2e7e000-770bd2e7f000 r--p 00000000 00:00 0 
770bd2e7f000-770bd2e80000 r--p 00000000 fc:01 14433121                   /usr/lib/x86_64-linux-gnu/libX11-xcb.so.1.0.0
770bd2e80000-770bd2e81000 r-xp 00001000 fc:01 14433121                   /usr/lib/x86_64-linux-gnu/libX11-xcb.so.1.0.0
770bd2e81000-770bd2e82000 r--p 00002000 fc:01 14433121                   /usr/lib/x86_64-linux-gnu/libX11-xcb.so.1.0.0
770bd2e82000-770bd2e83000 r--p 00002000 fc:01 14433121                   /usr/lib/x86_64-linux-gnu/libX11-xcb.so.1.0.0
770bd2e83000-770bd2e84000 rw-p 00003000 fc:01 14433121                   /usr/lib/x86_64-linux-gnu/libX11-xcb.so.1.0.0
770bd2e84000-770bd2e86000 r--p 00000000 fc:01 14433129                   /usr/lib/x86_64-linux-gnu/libXdmcp.so.6.0.0
770bd2e86000-770bd2e88000 r-xp 00002000 fc:01 14433129                   /usr/lib/x86_64-linux-gnu/libXdmcp.so.6.0.0
770bd2e88000-770bd2e8a000 r--p 00004000 fc:01 14433129                   /usr/lib/x86_64-linux-gnu/libXdmcp.so.6.0.0
770bd2e8a000-770bd2e8b000 r--p 00005000 fc:01 14433129                   /usr/lib/x86_64-linux-gnu/libXdmcp.so.6.0.0
770bd2e8b000-770bd2e8c000 rw-p 00006000 fc:01 14433129                   /usr/lib/x86_64-linux-gnu/libXdmcp.so.6.0.0
770bd2e8c000-770bd2e98000 r-xp 00000000 fc:01 26232205                   /home/bloch/.openjfx/cache/21+31/amd64/libprism_es2.so
770bd2e98000-770bd2e99000 r--p 0000b000 fc:01 26232205                   /home/bloch/.openjfx/cache/21+31/amd64/libprism_es2.so
770bd2e99000-770bd2e9a000 rw-p 0000c000 fc:01 26232205                   /home/bloch/.openjfx/cache/21+31/amd64/libprism_es2.so
770bd2e9a000-770bd2f17000 rw-p 00000000 00:00 0 
770bd2f17000-770bd2f27000 r--p 00000000 fc:01 14449273                   /usr/lib/x86_64-linux-gnu/libm.so.6
770bd2f27000-770bd2fa6000 r-xp 00010000 fc:01 14449273                   /usr/lib/x86_64-linux-gnu/libm.so.6
770bd2fa6000-770bd2ffe000 r--p 0008f000 fc:01 14449273                   /usr/lib/x86_64-linux-gnu/libm.so.6
770bd2ffe000-770bd2fff000 r--p 000e7000 fc:01 14449273                   /usr/lib/x86_64-linux-gnu/libm.so.6
770bd2fff000-770bd3000000 rw-p 000e8000 fc:01 14449273                   /usr/lib/x86_64-linux-gnu/libm.so.6
770bd3000000-770bd32a2000 r--p 00000000 fc:01 15864279                   /usr/lib/jvm/java-21-openjdk-amd64/lib/server/libjvm.so
770bd32a2000-770bd4119000 r-xp 002a2000 fc:01 15864279                   /usr/lib/jvm/java-21-openjdk-amd64/lib/server/libjvm.so
770bd4119000-770bd43f4000 r--p 01119000 fc:01 15864279                   /usr/lib/jvm/java-21-openjdk-amd64/lib/server/libjvm.so
770bd43f4000-770bd44c8000 r--p 013f3000 fc:01 15864279                   /usr/lib/jvm/java-21-openjdk-amd64/lib/server/libjvm.so
770bd44c8000-770bd44f8000 rw-p 014c7000 fc:01 15864279                   /usr/lib/jvm/java-21-openjdk-amd64/lib/server/libjvm.so
770bd44f8000-770bd455e000 rw-p 00000000 00:00 0 
770bd455e000-770bd455f000 rw-s 00000000 00:01 11863                      /memfd:xshmfence (deleted)
770bd455f000-770bd4561000 r--p 00000000 fc:01 15864271                   /usr/lib/jvm/java-21-openjdk-amd64/lib/libzip.so
770bd4561000-770bd4566000 r-xp 00002000 fc:01 15864271                   /usr/lib/jvm/java-21-openjdk-amd64/lib/libzip.so
770bd4566000-770bd4568000 r--p 00007000 fc:01 15864271                   /usr/lib/jvm/java-21-openjdk-amd64/lib/libzip.so
770bd4568000-770bd4569000 r--p 00008000 fc:01 15864271                   /usr/lib/jvm/java-21-openjdk-amd64/lib/libzip.so
770bd4569000-770bd456a000 rw-p 00009000 fc:01 15864271                   /usr/lib/jvm/java-21-openjdk-amd64/lib/libzip.so
770bd456a000-770bd456d000 r--p 00000000 fc:01 15864261                   /usr/lib/jvm/java-21-openjdk-amd64/lib/libnet.so
770bd456d000-770bd4575000 r-xp 00003000 fc:01 15864261                   /usr/lib/jvm/java-21-openjdk-amd64/lib/libnet.so
770bd4575000-770bd4577000 r--p 0000b000 fc:01 15864261                   /usr/lib/jvm/java-21-openjdk-amd64/lib/libnet.so
770bd4577000-770bd4578000 r--p 0000c000 fc:01 15864261                   /usr/lib/jvm/java-21-openjdk-amd64/lib/libnet.so
770bd4578000-770bd4579000 rw-p 0000d000 fc:01 15864261                   /usr/lib/jvm/java-21-openjdk-amd64/lib/libnet.so
770bd4579000-770bd4580000 r--p 00000000 fc:01 15864262                   /usr/lib/jvm/java-21-openjdk-amd64/lib/libnio.so
770bd4580000-770bd4589000 r-xp 00007000 fc:01 15864262                   /usr/lib/jvm/java-21-openjdk-amd64/lib/libnio.so
770bd4589000-770bd458d000 r--p 00010000 fc:01 15864262                   /usr/lib/jvm/java-21-openjdk-amd64/lib/libnio.so
770bd458d000-770bd458e000 r--p 00014000 fc:01 15864262                   /usr/lib/jvm/java-21-openjdk-amd64/lib/libnio.so
770bd458e000-770bd458f000 rw-p 00015000 fc:01 15864262                   /usr/lib/jvm/java-21-openjdk-amd64/lib/libnio.so
770bd458f000-770bd45d5000 rw-p 00000000 00:00 0 
770bd45d5000-770bd45dc000 ---p 00000000 00:00 0 
770bd45dc000-770bd45e9000 r--p 00000000 fc:01 15864244                   /usr/lib/jvm/java-21-openjdk-amd64/lib/libjava.so
770bd45e9000-770bd45f8000 r-xp 0000d000 fc:01 15864244                   /usr/lib/jvm/java-21-openjdk-amd64/lib/libjava.so
770bd45f8000-770bd45fd000 r--p 0001c000 fc:01 15864244                   /usr/lib/jvm/java-21-openjdk-amd64/lib/libjava.so
770bd45fd000-770bd45fe000 r--p 00021000 fc:01 15864244                   /usr/lib/jvm/java-21-openjdk-amd64/lib/libjava.so
770bd45fe000-770bd45ff000 rw-p 00022000 fc:01 15864244                   /usr/lib/jvm/java-21-openjdk-amd64/lib/libjava.so
770bd45ff000-770bd4600000 rw-p 00000000 00:00 0 
770bd4600000-770bd4628000 r--p 00000000 fc:01 14449209                   /usr/lib/x86_64-linux-gnu/libc.so.6
770bd4628000-770bd47b0000 r-xp 00028000 fc:01 14449209                   /usr/lib/x86_64-linux-gnu/libc.so.6
770bd47b0000-770bd47ff000 r--p 001b0000 fc:01 14449209                   /usr/lib/x86_64-linux-gnu/libc.so.6
770bd47ff000-770bd4803000 r--p 001fe000 fc:01 14449209                   /usr/lib/x86_64-linux-gnu/libc.so.6
770bd4803000-770bd4805000 rw-p 00202000 fc:01 14449209                   /usr/lib/x86_64-linux-gnu/libc.so.6
770bd4805000-770bd4812000 rw-p 00000000 00:00 0 
770bd4812000-770bd4813000 rw-s 10461e000 00:11 1064                      anon_inode:i915.gem
770bd4813000-770bd4814000 r--s 00000000 00:52 266                        /run/user/1001/dconf/user
770bd4814000-770bd4815000 r--p 00000000 fc:01 14705533                   /usr/share/locale-langpack/fr/LC_MESSAGES/at-spi2-core.mo
770bd4815000-770bd4816000 rw-s 10461d000 00:11 1064                      anon_inode:i915.gem
770bd4816000-770bd4817000 r--p 00000000 fc:01 14433124                   /usr/lib/x86_64-linux-gnu/libXau.so.6.0.0
770bd4817000-770bd4819000 r-xp 00001000 fc:01 14433124                   /usr/lib/x86_64-linux-gnu/libXau.so.6.0.0
770bd4819000-770bd481a000 r--p 00003000 fc:01 14433124                   /usr/lib/x86_64-linux-gnu/libXau.so.6.0.0
770bd481a000-770bd481b000 r--p 00003000 fc:01 14433124                   /usr/lib/x86_64-linux-gnu/libXau.so.6.0.0
770bd481b000-770bd481c000 rw-p 00004000 fc:01 14433124                   /usr/lib/x86_64-linux-gnu/libXau.so.6.0.0
770bd481c000-770bd4820000 r--p 00000000 fc:01 14426751                   /usr/lib/x86_64-linux-gnu/libgcc_s.so.1
770bd4820000-770bd4844000 r-xp 00004000 fc:01 14426751                   /usr/lib/x86_64-linux-gnu/libgcc_s.so.1
770bd4844000-770bd4848000 r--p 00028000 fc:01 14426751                   /usr/lib/x86_64-linux-gnu/libgcc_s.so.1
770bd4848000-770bd4849000 r--p 0002b000 fc:01 14426751                   /usr/lib/x86_64-linux-gnu/libgcc_s.so.1
770bd4849000-770bd484a000 rw-p 0002c000 fc:01 14426751                   /usr/lib/x86_64-linux-gnu/libgcc_s.so.1
770bd484a000-770bd484c000 rw-p 00000000 00:00 0 
770bd484c000-770bd484e000 r--p 00000000 fc:01 15864249                   /usr/lib/jvm/java-21-openjdk-amd64/lib/libjli.so
770bd484e000-770bd4858000 r-xp 00002000 fc:01 15864249                   /usr/lib/jvm/java-21-openjdk-amd64/lib/libjli.so
770bd4858000-770bd485b000 r--p 0000c000 fc:01 15864249                   /usr/lib/jvm/java-21-openjdk-amd64/lib/libjli.so
770bd485b000-770bd485c000 r--p 0000f000 fc:01 15864249                   /usr/lib/jvm/java-21-openjdk-amd64/lib/libjli.so
770bd485c000-770bd485d000 rw-p 00010000 fc:01 15864249                   /usr/lib/jvm/java-21-openjdk-amd64/lib/libjli.so
770bd485d000-770bd485f000 r--p 00000000 fc:01 14434011                   /usr/lib/x86_64-linux-gnu/libz.so.1.3
770bd485f000-770bd4871000 r-xp 00002000 fc:01 14434011                   /usr/lib/x86_64-linux-gnu/libz.so.1.3
770bd4871000-770bd4877000 r--p 00014000 fc:01 14434011                   /usr/lib/x86_64-linux-gnu/libz.so.1.3
770bd4877000-770bd4878000 r--p 0001a000 fc:01 14434011                   /usr/lib/x86_64-linux-gnu/libz.so.1.3
770bd4878000-770bd4879000 rw-p 0001b000 fc:01 14434011                   /usr/lib/x86_64-linux-gnu/libz.so.1.3
770bd4879000-770bd487a000 rw-s 1051af000 00:11 1064                      anon_inode:i915.gem
770bd487a000-770bd487b000 rw-s 100dd2000 00:11 1064                      anon_inode:i915.gem
770bd487b000-770bd487c000 rw-s 1007ec000 00:11 1064                      anon_inode:i915.gem
770bd487c000-770bd487d000 r--p 00000000 fc:01 14433148                   /usr/lib/x86_64-linux-gnu/libXxf86vm.so.1.0.0
770bd487d000-770bd4880000 r-xp 00001000 fc:01 14433148                   /usr/lib/x86_64-linux-gnu/libXxf86vm.so.1.0.0
770bd4880000-770bd4881000 r--p 00004000 fc:01 14433148                   /usr/lib/x86_64-linux-gnu/libXxf86vm.so.1.0.0
770bd4881000-770bd4882000 r--p 00004000 fc:01 14433148                   /usr/lib/x86_64-linux-gnu/libXxf86vm.so.1.0.0
770bd4882000-770bd4883000 rw-p 00005000 fc:01 14433148                   /usr/lib/x86_64-linux-gnu/libXxf86vm.so.1.0.0
770bd4883000-770bd488b000 rw-s 00000000 fc:01 11796670                   /tmp/hsperfdata_bloch/16546
770bd488b000-770bd488c000 ---p 00000000 00:00 0 
770bd488c000-770bd488d000 r--p 00000000 00:00 0 
770bd488d000-770bd488e000 ---p 00000000 00:00 0 
770bd488e000-770bd4890000 r--p 00000000 fc:01 15864248                   /usr/lib/jvm/java-21-openjdk-amd64/lib/libjimage.so
770bd4890000-770bd4893000 r-xp 00002000 fc:01 15864248                   /usr/lib/jvm/java-21-openjdk-amd64/lib/libjimage.so
770bd4893000-770bd4894000 r--p 00005000 fc:01 15864248                   /usr/lib/jvm/java-21-openjdk-amd64/lib/libjimage.so
770bd4894000-770bd4895000 r--p 00006000 fc:01 15864248                   /usr/lib/jvm/java-21-openjdk-amd64/lib/libjimage.so
770bd4895000-770bd4896000 rw-p 00007000 fc:01 15864248                   /usr/lib/jvm/java-21-openjdk-amd64/lib/libjimage.so
770bd4896000-770bd4898000 rw-p 00000000 00:00 0 
770bd4898000-770bd489c000 r--p 00000000 00:00 0                          [vvar]
770bd489c000-770bd489e000 r--p 00000000 00:00 0                          [vvar_vclock]
770bd489e000-770bd48a0000 r-xp 00000000 00:00 0                          [vdso]
770bd48a0000-770bd48a1000 r--p 00000000 fc:01 14449192                   /usr/lib/x86_64-linux-gnu/ld-linux-x86-64.so.2
770bd48a1000-770bd48cc000 r-xp 00001000 fc:01 14449192                   /usr/lib/x86_64-linux-gnu/ld-linux-x86-64.so.2
770bd48cc000-770bd48d6000 r--p 0002c000 fc:01 14449192                   /usr/lib/x86_64-linux-gnu/ld-linux-x86-64.so.2
770bd48d6000-770bd48d8000 r--p 00036000 fc:01 14449192                   /usr/lib/x86_64-linux-gnu/ld-linux-x86-64.so.2
770bd48d8000-770bd48da000 rw-p 00038000 fc:01 14449192                   /usr/lib/x86_64-linux-gnu/ld-linux-x86-64.so.2
7ffd5c7a6000-7ffd5c7c8000 rw-p 00000000 00:00 0                          [stack]
ffffffffff600000-ffffffffff601000 --xp 00000000 00:00 0                  [vsyscall]
Total number of mappings: 1357

JVMTI agents: none


VM Arguments:
jvm_args: -Djdk.gtk.version=3 --add-modules=javafx.controls,javafx.fxml,javafx.media --module-path=/home/bloch/.gradle/caches/modules-2/files-2.1/org.openjfx/javafx-fxml/21/b750203c47c36fec228b9573782f960464d01ca8/javafx-fxml-21-linux.jar:/home/bloch/.gradle/caches/modules-2/files-2.1/org.openjfx/javafx-controls/21/db6e8350bc0dbf96d19adb38e93d6126b4e2f052/javafx-controls-21-linux.jar:/home/bloch/.gradle/caches/modules-2/files-2.1/org.openjfx/javafx-media/21/315b8fbe3a887e0a615320c123a7d39995557d0a/javafx-media-21-linux.jar:/home/bloch/.gradle/caches/modules-2/files-2.1/org.openjfx/javafx-graphics/21/a734e04a70edc6b76f3628e88ca097513560ab17/javafx-graphics-21-linux.jar:/home/bloch/.gradle/caches/modules-2/files-2.1/org.openjfx/javafx-base/21/c1ad0fb1259de26d47a7184ebf40bc6bb88e753f/javafx-base-21-linux.jar --add-modules=javafx.controls,javafx.fxml,javafx.media -Dfile.encoding=UTF-8 -Duser.country=FR -Duser.language=fr -Duser.variant 
java_command: com.luciferc137.cmp.MainApp
java_class_path (initial): /home/bloch/Documents/P/cmp/build/classes/java/main:/home/bloch/Documents/P/cmp/build/resources/main:/home/bloch/.gradle/caches/modules-2/files-2.1/org.xerial/sqlite-jdbc/3.45.1.0/7cd66c2793e4d9511f6da8fc6c621575171c2da1/sqlite-jdbc-3.45.1.0.jar:/home/bloch/.gradle/caches/modules-2/files-2.1/org.jetbrains/annotations/24.0.1/13c5c75c4206580aa4d683bffee658caae6c9f43/annotations-24.0.1.jar:/home/bloch/.gradle/caches/modules-2/files-2.1/com.google.code.gson/gson/2.10.1/b3add478d4382b78ea20b1671390a858002feb6c/gson-2.10.1.jar:/home/bloch/.gradle/caches/modules-2/files-2.1/uk.co.caprica/vlcj/4.8.2/985a60dfc18fcbac09266a3956cc61f80062e6a3/vlcj-4.8.2.jar:/home/bloch/.gradle/caches/modules-2/files-2.1/com.googlecode.soundlibs/mp3spi/1.9.5.4/3bdf9ffd65c157daec8735e127c3705513bd384d/mp3spi-1.9.5.4.jar:/home/bloch/.gradle/caches/modules-2/files-2.1/com.googlecode.soundlibs/jlayer/1.0.1.4/b8df07ad72b482f7d6e6dee7fed669385e8dd92f/jlayer-1.0.1.4.jar:/home/bloch/.gradle/caches/modules-2/files-2.1/com.googlecode.soundlibs/tritonus-share/0.3.7.4/bdddc55194f9cf7b970dd5f3affcbacb88342b0b/tritonus-share-0.3.7.4.jar:/home/bloch/.gradle/caches/modules-2/files-2.1/net.jthink/jaudiotagger/3.0.1/ca3075f6bd92da24daf853651adc8852ecccb999/jaudiotagger-3.0.1.jar:/home/bloch/.gradle/caches/modules-2/files-2.1/org.slf4j/slf4j-simple/2.0.9/6367825de95d8885aae056afa793f25a76a84b7d/slf4j-simple-2.0.9.jar:/home/bloch/.gradle/caches/modules-2/files-2.1/com.github.kwhat/jnativehook/2.2.2/183dd1fb8927b008761802bb402629d5749b15d0/jnativehook-2.2.2.jar:/home/bloch/.gradle/caches/modules-2/files-2.1/org.slf4j/slf4j-api/2.0.9/7cf2726fdcfbc8610f9a71fb3ed639871f315340/slf4j-api-2.0.9.jar:/home/bloch/.gradle/caches/modules-2/files-2.1/uk.co.caprica/vlcj-natives/4.8.1/93be7a26a6f56467163e7be9813f004c68137b13/vlcj-natives-4.8.1.jar:/home/bloch/.gradle/caches/modules-2/files-2.1/junit/junit/3.8.2/7e4cde26b53a9a0e3fe5b00d1dbbc7cc1d46060/junit-3.8.2.jar:/home/bloch/.gradle/caches/modules-2/files-2.1/net.java.dev.jna/jna-platform-jpms/5.12.1/dd5c97cb2b74e2f85b708745a8c6127317b023f1/jna-platform-jpms-5.12.1.jar:/home/bloch/.gradle/caches/modules-2/files-2.1/net.java.dev.jna/jna-jpms/5.12.1/3e4c58e97eb819867d9b8d7a3a6005b9cd9987f7/jna-jpms-5.12.1.jar
Launcher Type: SUN_STANDARD

[Global flags]
     intx CICompilerCount                          = 4                                         {product} {ergonomic}
     uint ConcGCThreads                            = 2                                         {product} {ergonomic}
     uint G1ConcRefinementThreads                  = 8                                         {product} {ergonomic}
   size_t G1HeapRegionSize                         = 2097152                                   {product} {ergonomic}
    uintx GCDrainStackTargetSize                   = 64                                        {product} {ergonomic}
   size_t InitialHeapSize                          = 253755392                                 {product} {ergonomic}
   size_t MarkStackSize                            = 4194304                                   {product} {ergonomic}
   size_t MaxHeapSize                              = 4034920448                                {product} {ergonomic}
   size_t MaxNewSize                               = 2420113408                                {product} {ergonomic}
   size_t MinHeapDeltaBytes                        = 2097152                                   {product} {ergonomic}
   size_t MinHeapSize                              = 8388608                                   {product} {ergonomic}
    uintx NonNMethodCodeHeapSize                   = 5839372                                {pd product} {ergonomic}
    uintx NonProfiledCodeHeapSize                  = 122909434                              {pd product} {ergonomic}
    uintx ProfiledCodeHeapSize                     = 122909434                              {pd product} {ergonomic}
    uintx ReservedCodeCacheSize                    = 251658240                              {pd product} {ergonomic}
     bool SegmentedCodeCache                       = true                                      {product} {ergonomic}
   size_t SoftMaxHeapSize                          = 4034920448                             {manageable} {ergonomic}
     bool UseCompressedOops                        = true                           {product lp64_product} {ergonomic}
     bool UseG1GC                                  = true                                      {product} {ergonomic}

Logging:
Log output configuration:
 #0: stdout all=warning uptime,level,tags foldmultilines=false
 #1: stderr all=off uptime,level,tags foldmultilines=false

Release file:
IMPLEMENTOR="Ubuntu"
JAVA_RUNTIME_VERSION="21.0.11+10-1-24.04.2-Ubuntu"
JAVA_VERSION="21.0.11"
JAVA_VERSION_DATE="2026-04-21"
LIBC="gnu"
MODULES="java.base java.compiler java.datatransfer java.xml java.prefs java.desktop java.instrument java.logging java.management java.security.sasl java.naming java.rmi java.management.rmi java.net.http java.scripting java.security.jgss java.transaction.xa java.sql java.sql.rowset java.xml.crypto java.se java.smartcardio jdk.accessibility jdk.internal.jvmstat jdk.attach jdk.charsets jdk.internal.opt jdk.zipfs jdk.compiler jdk.crypto.ec jdk.crypto.cryptoki jdk.dynalink jdk.internal.ed jdk.editpad jdk.hotspot.agent jdk.httpserver jdk.incubator.vector jdk.internal.le jdk.internal.vm.ci jdk.internal.vm.compiler jdk.internal.vm.compiler.management jdk.jartool jdk.javadoc jdk.jcmd jdk.management jdk.management.agent jdk.jconsole jdk.jdeps jdk.jdwp.agent jdk.jdi jdk.jfr jdk.jlink jdk.jpackage jdk.jshell jdk.jsobject jdk.jstatd jdk.localedata jdk.management.jfr jdk.naming.dns jdk.naming.rmi jdk.net jdk.nio.mapmode jdk.random jdk.sctp jdk.security.auth jdk.security.jgss jdk.unsupported jdk.unsupported.desktop jdk.xml.dom"
OS_ARCH="x86_64"
OS_NAME="Linux"
SOURCE=""

Environment Variables:
PATH=/home/bloch/.local/bin:/usr/local/sbin:/usr/local/bin:/usr/sbin:/usr/bin:/sbin:/bin:/usr/games:/usr/local/games:/snap/bin:/snap/bin
USERNAME=bloch
SHELL=/bin/bash
DISPLAY=:0
WAYLAND_DISPLAY=wayland-0
LANG=fr_FR.UTF-8

Active Locale:
LC_ALL=fr_FR.UTF-8
LC_COLLATE=fr_FR.UTF-8
LC_CTYPE=fr_FR.UTF-8
LC_MESSAGES=fr_FR.UTF-8
LC_MONETARY=fr_FR.UTF-8
LC_NUMERIC=fr_FR.UTF-8
LC_TIME=fr_FR.UTF-8

Signal Handlers:
   SIGSEGV: crash_handler in libjvm.so, mask=11100100010111111101111111111110, flags=SA_RESTART|SA_SIGINFO, unblocked
    SIGBUS: crash_handler in libjvm.so, mask=11100100010111111101111111111110, flags=SA_RESTART|SA_SIGINFO, unblocked
    SIGFPE: crash_handler in libjvm.so, mask=11100100010111111101111111111110, flags=SA_RESTART|SA_SIGINFO, unblocked
   SIGPIPE: SIG_IGN, mask=00000000000010000000000000000000, flags=SA_RESTART, blocked
  *** Handler was modified!
  *** Expected: javaSignalHandler in libjvm.so, mask=11100100110111111111111111111110, flags=SA_RESTART|SA_SIGINFO
   SIGXFSZ: javaSignalHandler in libjvm.so, mask=11100100010111111101111111111110, flags=SA_RESTART|SA_SIGINFO, blocked
    SIGILL: crash_handler in libjvm.so, mask=11100100010111111101111111111110, flags=SA_RESTART|SA_SIGINFO, unblocked
   SIGUSR2: SR_handler in libjvm.so, mask=00000000000000000000000000000000, flags=SA_RESTART|SA_SIGINFO, blocked
    SIGHUP: UserHandler in libjvm.so, mask=11100100010111111101111111111110, flags=SA_RESTART|SA_SIGINFO, blocked
    SIGINT: UserHandler in libjvm.so, mask=11100100010111111101111111111110, flags=SA_RESTART|SA_SIGINFO, blocked
   SIGTERM: UserHandler in libjvm.so, mask=11100100010111111101111111111110, flags=SA_RESTART|SA_SIGINFO, blocked
   SIGQUIT: UserHandler in libjvm.so, mask=11100100010111111101111111111110, flags=SA_RESTART|SA_SIGINFO, blocked
   SIGTRAP: crash_handler in libjvm.so, mask=11100100010111111101111111111110, flags=SA_RESTART|SA_SIGINFO, unblocked


Periodic native trim disabled

---------------  S Y S T E M  ---------------

OS:
DISTRIB_ID=Ubuntu
DISTRIB_RELEASE=24.04
DISTRIB_CODENAME=noble
DISTRIB_DESCRIPTION="Ubuntu 24.04.4 LTS"
uname: Linux 7.0.0-28-generic #28~24.04.1-Ubuntu SMP PREEMPT_DYNAMIC Wed Jul  1 15:50:57 UTC 2 x86_64
OS uptime: 0 days 3:01 hours
libc: glibc 2.39 NPTL 2.39 
rlimit (soft/hard): STACK 8192k/infinity , CORE 0k/infinity , NPROC 54184/54184 , NOFILE 1048576/1048576 , AS infinity/infinity , CPU infinity/infinity , DATA infinity/infinity , FSIZE infinity/infinity , MEMLOCK 1969516k/1969516k
load average: 0,73 0,28 0,56

/proc/meminfo:
MemTotal:       15756152 kB
MemFree:         2621148 kB
MemAvailable:    7195976 kB
Buffers:          316868 kB
Cached:          5096592 kB
SwapCached:            0 kB
Active:         10009076 kB
Inactive:        1601304 kB
Active(anon):    6964544 kB
Inactive(anon):        0 kB
Active(file):    3044532 kB
Inactive(file):  1601304 kB
Unevictable:      698008 kB
Mlocked:              48 kB
SwapTotal:      16777212 kB
SwapFree:       16777212 kB
Zswap:                 0 kB
Zswapped:              0 kB
Dirty:              2588 kB
Writeback:             0 kB
AnonPages:       6895432 kB
Mapped:          2071424 kB
Shmem:            767588 kB
KReclaimable:     271816 kB
Slab:             532444 kB
SReclaimable:     271816 kB
SUnreclaim:       260628 kB
KernelStack:       22912 kB
PageTables:        68664 kB
SecPageTables:      6264 kB
NFS_Unstable:          0 kB
Bounce:                0 kB
WritebackTmp:          0 kB
CommitLimit:    24655288 kB
Committed_AS:   15659288 kB
VmallocTotal:   34359738367 kB
VmallocUsed:       82248 kB
VmallocChunk:          0 kB
Percpu:             9152 kB
HardwareCorrupted:     0 kB
AnonHugePages:         0 kB
ShmemHugePages:   661504 kB
ShmemPmdMapped:        0 kB
FileHugePages:     16384 kB
FilePmdMapped:         0 kB
CmaTotal:              0 kB
CmaFree:         1013084 kB
Unaccepted:            0 kB
Balloon:               0 kB
HugePages_Total:       0
HugePages_Free:        0
HugePages_Rsvd:        0
HugePages_Surp:        0
Hugepagesize:       2048 kB
Hugetlb:               0 kB
DirectMap4k:      253708 kB
DirectMap2M:     4368384 kB
DirectMap1G:    12582912 kB

/sys/kernel/mm/transparent_hugepage/enabled: always [madvise] never
/sys/kernel/mm/transparent_hugepage/hpage_pmd_size: 2097152
/sys/kernel/mm/transparent_hugepage/defrag (defrag/compaction efforts parameter): always defer defer+madvise [madvise] never

Process Memory:
Virtual Size: 9643236K (peak: 9646244K)
Resident Set Size: 396920K (peak: 396920K) (anon: 284892K, file: 112020K, shmem: 8K)
Swapped out: 0K
C-Heap outstanding allocations: 90533K, retained: 63686K
glibc malloc tunables: (default)

/proc/sys/kernel/threads-max (system-wide limit on the number of threads): 108368
/proc/sys/vm/max_map_count (maximum number of memory map areas a process may have): 1048576
/proc/sys/vm/swappiness (control to define how aggressively the kernel swaps out anonymous memory): 60
/proc/sys/kernel/pid_max (system-wide limit on number of process identifiers): 4194304

container information not found.
Steal ticks since vm start: 0
Steal ticks percentage since vm start:  0,000

CPU: total 8 (initial active 8) (4 cores per cpu, 2 threads per core) family 6 model 140 stepping 1 microcode 0xbe, cx8, cmov, fxsr, ht, mmx, 3dnowpref, sse, sse2, sse3, ssse3, sse4.1, sse4.2, popcnt, lzcnt, tsc, tscinvbit, avx, avx2, aes, erms, clmul, bmi1, bmi2, adx, avx512f, avx512dq, avx512cd, avx512bw, avx512vl, sha, fma, vzeroupper, avx512_vpopcntdq, avx512_vpclmulqdq, avx512_vaes, avx512_vnni, clflush, clflushopt, clwb, avx512_vbmi2, avx512_vbmi, rdtscp, rdpid, fsrm, gfni, avx512_bitalg, f16c, pku, ospke, cet_ibt, cet_ss, avx512_ifma
CPU Model and flags from /proc/cpuinfo:
model name	: 11th Gen Intel(R) Core(TM) i5-1135G7 @ 2.40GHz
flags		: fpu vme de pse tsc msr pae mce cx8 apic sep mtrr pge mca cmov pat pse36 clflush dts acpi mmx fxsr sse sse2 ss ht tm pbe syscall nx pdpe1gb rdtscp lm constant_tsc art arch_perfmon pebs bts rep_good nopl xtopology nonstop_tsc cpuid aperfmperf tsc_known_freq pni pclmulqdq dtes64 monitor ds_cpl vmx est tm2 ssse3 sdbg fma cx16 xtpr pdcm pcid sse4_1 sse4_2 x2apic movbe popcnt tsc_deadline_timer aes xsave avx f16c rdrand lahf_lm abm 3dnowprefetch cpuid_fault epb cat_l2 cdp_l2 ssbd ibrs ibpb stibp ibrs_enhanced tpr_shadow flexpriority ept vpid ept_ad fsgsbase tsc_adjust bmi1 avx2 smep bmi2 erms invpcid rdt_a avx512f avx512dq rdseed adx smap avx512ifma clflushopt clwb intel_pt avx512cd sha_ni avx512bw avx512vl xsaveopt xsavec xgetbv1 xsaves split_lock_detect user_shstk dtherm ida arat pln pts hwp hwp_notify hwp_act_window hwp_epp hwp_pkg_req vnmi avx512vbmi umip pku ospke avx512_vbmi2 gfni vaes vpclmulqdq avx512_vnni avx512_bitalg avx512_vpopcntdq rdpid movdiri movdir64b fsrm avx512_vp2intersect md_clear ibt flush_l1d arch_capabilities

Online cpus: 0-7
Offline cpus: 
BIOS frequency limitation: <Not Available>
Frequency switch latency (ns): 0
Available cpu frequencies: <Not Available>
Current governor: powersave
Core performance/turbo boost: <Not Available>

Memory: 4k page, physical 15756152k(7195976k free), swap 16777212k(16777212k free)
Page Sizes: 4k

vm_info: OpenJDK 64-Bit Server VM (21.0.11+10-1-24.04.2-Ubuntu) for linux-amd64 JRE (21.0.11+10-1-24.04.2-Ubuntu), built on 2026-04-26T09:33:23Z by "buildd" with gcc 13.3.0

END.
