#
# A fatal error has been detected by the Java Runtime Environment:
#
#  SIGSEGV (0xb) at pc=0x0000748247bb8d03, pid=16816, tid=16845
#
# JRE version: OpenJDK Runtime Environment (21.0.11+10) (build 21.0.11+10-1-24.04.2-Ubuntu)
# Java VM: OpenJDK 64-Bit Server VM (21.0.11+10-1-24.04.2-Ubuntu, mixed mode, sharing, tiered, compressed oops, compressed class ptrs, g1 gc, linux-amd64)
# Problematic frame:
# V  [libjvm.so+0x9b8d03]  jni_invoke_nonstatic(JNIEnv_*, JavaValue*, _jobject*, JNICallType, _jmethodID*, JNI_ArgumentPusher*, JavaThread*) [clone .constprop.1]+0x43
#
# Core dump will be written. Default location: Core dumps may be processed with "/usr/share/apport/apport -p%p -s%s -c%c -d%d -P%P -u%u -g%g -F%F -- %E" (or dumping to /home/bloch/Documents/P/cmp/core.16816)
#
# If you would like to submit a bug report, please visit:
#   https://bugs.launchpad.net/ubuntu/+source/openjdk-21
#

---------------  S U M M A R Y ------------

Command Line: -Djdk.gtk.version=3 --add-modules=javafx.controls,javafx.fxml,javafx.media --module-path=/home/bloch/.gradle/caches/modules-2/files-2.1/org.openjfx/javafx-fxml/21/b750203c47c36fec228b9573782f960464d01ca8/javafx-fxml-21-linux.jar:/home/bloch/.gradle/caches/modules-2/files-2.1/org.openjfx/javafx-controls/21/db6e8350bc0dbf96d19adb38e93d6126b4e2f052/javafx-controls-21-linux.jar:/home/bloch/.gradle/caches/modules-2/files-2.1/org.openjfx/javafx-media/21/315b8fbe3a887e0a615320c123a7d39995557d0a/javafx-media-21-linux.jar:/home/bloch/.gradle/caches/modules-2/files-2.1/org.openjfx/javafx-graphics/21/a734e04a70edc6b76f3628e88ca097513560ab17/javafx-graphics-21-linux.jar:/home/bloch/.gradle/caches/modules-2/files-2.1/org.openjfx/javafx-base/21/c1ad0fb1259de26d47a7184ebf40bc6bb88e753f/javafx-base-21-linux.jar --add-modules=javafx.controls,javafx.fxml,javafx.media -Dfile.encoding=UTF-8 -Duser.country=FR -Duser.language=fr -Duser.variant com.luciferc137.cmp.MainApp

Host: 11th Gen Intel(R) Core(TM) i5-1135G7 @ 2.40GHz, 8 cores, 15G, Ubuntu 24.04.4 LTS
Time: Sun Aug 16 17:56:24 2026 CEST elapsed time: 9.712232 seconds (0d 0h 0m 9s)

---------------  T H R E A D  ---------------

Current thread (0x00007482404240f0):  JavaThread "JavaFX Application Thread"        [_thread_in_vm, id=16845, stack(0x000074817295c000,0x0000748172a5c000) (1024K)]

Stack: [0x000074817295c000,0x0000748172a5c000],  sp=0x0000748172a57ae0,  free space=1006k
Native frames: (J=compiled Java code, j=interpreted, Vv=VM code, C=native code)
V  [libjvm.so+0x9b8d03]  jni_invoke_nonstatic(JNIEnv_*, JavaValue*, _jobject*, JNICallType, _jmethodID*, JNI_ArgumentPusher*, JavaThread*) [clone .constprop.1]+0x43
V  [libjvm.so+0x9cc0c1]  jni_CallVoidMethodV+0x1d1
C  [libglassgtk3.so+0x16ec1]  JNIEnv_::CallVoidMethod(_jobject*, _jmethodID*, ...)+0x81
C  [libglassgtk3.so+0x22ce5]  WindowContextBase::process_key(_GdkEventKey*)+0x195
C  [libglassgtk3.so+0x25118]  WindowContextBase::im_filter_keypress(_GdkEventKey*)+0x1e8
C  [libglassgtk3.so+0x17590]
C  [libgdk-3.so.0+0x3a407]
C  [libgdk-3.so.0+0x93e2e]
C  [libglib-2.0.so.0+0x5d585]
C  [libglib-2.0.so.0+0xbc977]
C  [libglib-2.0.so.0+0x5df47]  g_main_loop_run+0x127
C  [libgtk-3.so.0+0x1febc5]  gtk_main+0x85
j  com.sun.glass.ui.gtk.GtkApplication.enterNestedEventLoopImpl()V+0 javafx.graphics@21
j  com.sun.glass.ui.gtk.GtkApplication._enterNestedEventLoop()Ljava/lang/Object;+15 javafx.graphics@21
j  com.sun.glass.ui.Application.enterNestedEventLoop()Ljava/lang/Object;+14 javafx.graphics@21
j  com.sun.glass.ui.EventLoop.enter()Ljava/lang/Object;+42 javafx.graphics@21
j  com.sun.javafx.tk.quantum.QuantumToolkit.enterNestedEventLoop(Ljava/lang/Object;)Ljava/lang/Object;+98 javafx.graphics@21
j  javafx.stage.Stage.showAndWait()V+93 javafx.graphics@21
j  javafx.scene.control.HeavyweightDialog.showAndWait()V+22 javafx.controls@21
j  javafx.scene.control.Dialog.showAndWait()Ljava/util/Optional;+86 javafx.controls@21
j  com.luciferc137.cmp.ui.settings.SettingsController.showCreateTagDialog(Ljava/lang/Runnable;)V+34
j  com.luciferc137.cmp.ui.settings.SettingsController.onCreateTag(Ljavafx/event/ActionEvent;)V+6
j  java.lang.invoke.DirectMethodHandle$Holder.invokeVirtual(Ljava/lang/Object;Ljava/lang/Object;Ljava/lang/Object;)V+11 java.base@21.0.11
j  java.lang.invoke.LambdaForm$MH+0x00007481c8188400.invoke(Ljava/lang/Object;Ljava/lang/Object;Ljava/lang/Object;)Ljava/lang/Object;+52 java.base@21.0.11
J 5288 c2 jdk.internal.reflect.DirectMethodHandleAccessor.invoke(Ljava/lang/Object;[Ljava/lang/Object;)Ljava/lang/Object; java.base@21.0.11 (92 bytes) @ 0x00007482305a2390 [0x00007482305a22a0+0x00000000000000f0]
J 5866 c1 com.sun.javafx.reflect.MethodUtil.invoke(Ljava/lang/reflect/Method;Ljava/lang/Object;[Ljava/lang/Object;)Ljava/lang/Object; javafx.base@21 (111 bytes) @ 0x000074822940a2cc [0x0000748229408260+0x000000000000206c]
J 5865 c1 com.sun.javafx.fxml.MethodHelper.invoke(Ljava/lang/reflect/Method;Ljava/lang/Object;[Ljava/lang/Object;)Ljava/lang/Object; javafx.fxml@21 (146 bytes) @ 0x000074822940597c [0x0000748229405140+0x000000000000083c]
j  javafx.fxml.FXMLLoader$MethodHandler.invoke([Ljava/lang/Object;)V+19 javafx.fxml@21
j  javafx.fxml.FXMLLoader$ControllerMethodEventHandler.handle(Ljavafx/event/Event;)V+12 javafx.fxml@21
J 5829 c1 com.sun.javafx.event.CompositeEventHandler.dispatchBubblingEvent(Ljavafx/event/Event;)V javafx.base@21 (57 bytes) @ 0x00007482293f534c [0x00007482293f4f80+0x00000000000003cc]
J 6504 c2 com.sun.javafx.event.EventHandlerManager.dispatchBubblingEvent(Ljavafx/event/EventType;Ljavafx/event/Event;)Ljavafx/event/Event; javafx.base@21 (41 bytes) @ 0x00007482306bf0f8 [0x00007482306bef60+0x0000000000000198]
J 5637 c1 com.sun.javafx.event.EventHandlerManager.dispatchBubblingEvent(Ljavafx/event/Event;)Ljavafx/event/Event; javafx.base@21 (23 bytes) @ 0x0000748229385dc4 [0x0000748229385c60+0x0000000000000164]
J 5636 c1 com.sun.javafx.event.CompositeEventDispatcher.dispatchBubblingEvent(Ljavafx/event/Event;)Ljavafx/event/Event; javafx.base@21 (35 bytes) @ 0x0000748229386434 [0x0000748229386260+0x00000000000001d4]
J 5509 c1 com.sun.javafx.event.BasicEventDispatcher.dispatchEvent(Ljavafx/event/Event;Ljavafx/event/EventDispatchChain;)Ljavafx/event/Event; javafx.base@21 (44 bytes) @ 0x000074822934ca44 [0x000074822934c700+0x0000000000000344]
J 5543 c1 com.sun.javafx.event.EventDispatchChainImpl.dispatchEvent(Ljavafx/event/Event;)Ljavafx/event/Event; javafx.base@21 (101 bytes) @ 0x00007482293644f4 [0x0000748229364340+0x00000000000001b4]
J 5509 c1 com.sun.javafx.event.BasicEventDispatcher.dispatchEvent(Ljavafx/event/Event;Ljavafx/event/EventDispatchChain;)Ljavafx/event/Event; javafx.base@21 (44 bytes) @ 0x000074822934c95c [0x000074822934c700+0x000000000000025c]
J 5543 c1 com.sun.javafx.event.EventDispatchChainImpl.dispatchEvent(Ljavafx/event/Event;)Ljavafx/event/Event; javafx.base@21 (101 bytes) @ 0x00007482293644f4 [0x0000748229364340+0x00000000000001b4]
J 5509 c1 com.sun.javafx.event.BasicEventDispatcher.dispatchEvent(Ljavafx/event/Event;Ljavafx/event/EventDispatchChain;)Ljavafx/event/Event; javafx.base@21 (44 bytes) @ 0x000074822934c95c [0x000074822934c700+0x000000000000025c]
J 5543 c1 com.sun.javafx.event.EventDispatchChainImpl.dispatchEvent(Ljavafx/event/Event;)Ljavafx/event/Event; javafx.base@21 (101 bytes) @ 0x00007482293644f4 [0x0000748229364340+0x00000000000001b4]
J 5764 c1 com.sun.javafx.event.EventUtil.fireEvent(Ljavafx/event/EventTarget;Ljavafx/event/Event;)Ljavafx/event/Event; javafx.base@21 (81 bytes) @ 0x00007482293bbcf4 [0x00007482293bb040+0x0000000000000cb4]
J 5763 c1 javafx.event.Event.fireEvent(Ljavafx/event/EventTarget;Ljavafx/event/Event;)V javafx.base@21 (35 bytes) @ 0x00007482293ba99c [0x00007482293ba8e0+0x00000000000000bc]
j  javafx.scene.Node.fireEvent(Ljavafx/event/Event;)V+86 javafx.graphics@21
j  javafx.scene.control.Button.fire()V+15 javafx.controls@21
j  com.sun.javafx.scene.control.behavior.ButtonBehavior.mouseReleased(Ljavafx/scene/input/MouseEvent;)V+27 javafx.controls@21
j  com.sun.javafx.scene.control.behavior.ButtonBehavior$$Lambda+0x00007481c832b330.handle(Ljavafx/event/Event;)V+8 javafx.controls@21
j  com.sun.javafx.scene.control.inputmap.InputMap.handle(Ljavafx/event/Event;)V+61 javafx.controls@21
j  com.sun.javafx.scene.control.inputmap.InputMap$$Lambda+0x00007481c832a630.handle(Ljavafx/event/Event;)V+5 javafx.controls@21
J 5798 c1 com.sun.javafx.event.CompositeEventHandler$NormalEventHandlerRecord.handleBubblingEvent(Ljavafx/event/Event;)V javafx.base@21 (11 bytes) @ 0x00007482293d2dd4 [0x00007482293d2cc0+0x0000000000000114]
J 5829 c1 com.sun.javafx.event.CompositeEventHandler.dispatchBubblingEvent(Ljavafx/event/Event;)V javafx.base@21 (57 bytes) @ 0x00007482293f51dc [0x00007482293f4f80+0x000000000000025c]
J 6504 c2 com.sun.javafx.event.EventHandlerManager.dispatchBubblingEvent(Ljavafx/event/EventType;Ljavafx/event/Event;)Ljavafx/event/Event; javafx.base@21 (41 bytes) @ 0x00007482306bf0f8 [0x00007482306bef60+0x0000000000000198]
J 5637 c1 com.sun.javafx.event.EventHandlerManager.dispatchBubblingEvent(Ljavafx/event/Event;)Ljavafx/event/Event; javafx.base@21 (23 bytes) @ 0x0000748229385dc4 [0x0000748229385c60+0x0000000000000164]
J 5636 c1 com.sun.javafx.event.CompositeEventDispatcher.dispatchBubblingEvent(Ljavafx/event/Event;)Ljavafx/event/Event; javafx.base@21 (35 bytes) @ 0x0000748229386434 [0x0000748229386260+0x00000000000001d4]
J 5509 c1 com.sun.javafx.event.BasicEventDispatcher.dispatchEvent(Ljavafx/event/Event;Ljavafx/event/EventDispatchChain;)Ljavafx/event/Event; javafx.base@21 (44 bytes) @ 0x000074822934ca44 [0x000074822934c700+0x0000000000000344]
J 5543 c1 com.sun.javafx.event.EventDispatchChainImpl.dispatchEvent(Ljavafx/event/Event;)Ljavafx/event/Event; javafx.base@21 (101 bytes) @ 0x00007482293644f4 [0x0000748229364340+0x00000000000001b4]
J 5509 c1 com.sun.javafx.event.BasicEventDispatcher.dispatchEvent(Ljavafx/event/Event;Ljavafx/event/EventDispatchChain;)Ljavafx/event/Event; javafx.base@21 (44 bytes) @ 0x000074822934c95c [0x000074822934c700+0x000000000000025c]
J 5543 c1 com.sun.javafx.event.EventDispatchChainImpl.dispatchEvent(Ljavafx/event/Event;)Ljavafx/event/Event; javafx.base@21 (101 bytes) @ 0x00007482293644f4 [0x0000748229364340+0x00000000000001b4]
J 5509 c1 com.sun.javafx.event.BasicEventDispatcher.dispatchEvent(Ljavafx/event/Event;Ljavafx/event/EventDispatchChain;)Ljavafx/event/Event; javafx.base@21 (44 bytes) @ 0x000074822934c95c [0x000074822934c700+0x000000000000025c]
J 5543 c1 com.sun.javafx.event.EventDispatchChainImpl.dispatchEvent(Ljavafx/event/Event;)Ljavafx/event/Event; javafx.base@21 (101 bytes) @ 0x00007482293644f4 [0x0000748229364340+0x00000000000001b4]
J 5764 c1 com.sun.javafx.event.EventUtil.fireEvent(Ljavafx/event/EventTarget;Ljavafx/event/Event;)Ljavafx/event/Event; javafx.base@21 (81 bytes) @ 0x00007482293bb92c [0x00007482293bb040+0x00000000000008ec]
J 6397 c1 javafx.scene.Scene$MouseHandler.process(Ljavafx/scene/input/MouseEvent;Z)V javafx.graphics@21 (793 bytes) @ 0x000074822956a69c [0x0000748229568840+0x0000000000001e5c]
j  javafx.scene.Scene.processMouseEvent(Ljavafx/scene/input/MouseEvent;)V+6 javafx.graphics@21
j  javafx.scene.Scene$ScenePeerListener.mouseEvent(Ljavafx/event/EventType;DDDDLjavafx/scene/input/MouseButton;ZZZZZZZZZZZ)V+50 javafx.graphics@21
j  com.sun.javafx.tk.quantum.GlassViewEventHandler$MouseEventNotification.run()Ljava/lang/Void;+650 javafx.graphics@21
j  com.sun.javafx.tk.quantum.GlassViewEventHandler$MouseEventNotification.run()Ljava/lang/Object;+1 javafx.graphics@21
J 5594 c1 java.security.AccessController.doPrivileged(Ljava/security/PrivilegedAction;Ljava/security/AccessControlContext;)Ljava/lang/Object; java.base@21.0.11 (17 bytes) @ 0x000074822937356c [0x0000748229373380+0x00000000000001ec]
j  com.sun.javafx.tk.quantum.GlassViewEventHandler.lambda$handleMouseEvent$2()Ljava/lang/Void;+11 javafx.graphics@21
j  com.sun.javafx.tk.quantum.GlassViewEventHandler$$Lambda+0x00007481c83e2938.get()Ljava/lang/Object;+4 javafx.graphics@21
J 6274 c1 com.sun.javafx.tk.quantum.QuantumToolkit.runWithoutRenderLock(Ljava/util/function/Supplier;)Ljava/lang/Object; javafx.graphics@21 (49 bytes) @ 0x0000748229522a5c [0x0000748229522580+0x00000000000004dc]
j  com.sun.javafx.tk.quantum.GlassViewEventHandler.handleMouseEvent(Lcom/sun/glass/ui/View;JIIIIIIIZZ)V+103 javafx.graphics@21
j  com.sun.glass.ui.View.handleMouseEvent(JIIIIIIIZZ)V+30 javafx.graphics@21
J 6471 c1 com.sun.glass.ui.View.notifyMouse(IIIIIIIZZ)V javafx.graphics@21 (221 bytes) @ 0x00007482295c14ec [0x00007482295c0820+0x0000000000000ccc]
v  ~StubRoutines::call_stub 0x000074822fd37cc6
V  [libjvm.so+0x91456a]  JavaCalls::call_helper(JavaValue*, methodHandle const&, JavaCallArguments*, JavaThread*)+0x2da
V  [libjvm.so+0x9b8eca]  jni_invoke_nonstatic(JNIEnv_*, JavaValue*, _jobject*, JNICallType, _jmethodID*, JNI_ArgumentPusher*, JavaThread*) [clone .constprop.1]+0x20a
V  [libjvm.so+0x9cc0c1]  jni_CallVoidMethodV+0x1d1
C  [libglassgtk3.so+0x16ec1]  JNIEnv_::CallVoidMethod(_jobject*, _jmethodID*, ...)+0x81
C  [libglassgtk3.so+0x2265d]  WindowContextBase::process_mouse_button(_GdkEventButton*)+0x11d
C  [libglassgtk3.so+0x176e7]
C  [libgdk-3.so.0+0x3a407]
C  [libgdk-3.so.0+0x93e2e]
C  [libglib-2.0.so.0+0x5d585]
C  [libglib-2.0.so.0+0xbc977]
C  [libglib-2.0.so.0+0x5df47]  g_main_loop_run+0x127
C  [libgtk-3.so.0+0x1febc5]  gtk_main+0x85
C  [libglassgtk3.so+0x172e2]  Java_com_sun_glass_ui_gtk_GtkApplication__1runLoop+0x52
j  com.sun.glass.ui.gtk.GtkApplication._runLoop(Ljava/lang/Runnable;Z)V+0 javafx.graphics@21
j  com.sun.glass.ui.gtk.GtkApplication.lambda$runLoop$10(Ljava/lang/Runnable;Z)V+7 javafx.graphics@21
j  com.sun.glass.ui.gtk.GtkApplication$$Lambda+0x00007481c8037c88.run()V+12 javafx.graphics@21
j  java.lang.Thread.runWith(Ljava/lang/Object;Ljava/lang/Runnable;)V+5 java.base@21.0.11
j  java.lang.Thread.run()V+19 java.base@21.0.11
v  ~StubRoutines::call_stub 0x000074822fd37cc6
V  [libjvm.so+0x91456a]  JavaCalls::call_helper(JavaValue*, methodHandle const&, JavaCallArguments*, JavaThread*)+0x2da
V  [libjvm.so+0x915d52]  JavaCalls::call_virtual(JavaValue*, Handle, Klass*, Symbol*, Symbol*, JavaThread*)+0x1a2
V  [libjvm.so+0x9f1073]  thread_entry(JavaThread*, JavaThread*)+0x93
V  [libjvm.so+0x92c516]  JavaThread::thread_main_inner()+0x1e6
V  [libjvm.so+0xf90cb7]  Thread::call_run()+0xa7
V  [libjvm.so+0xd06fd5]  thread_native_entry(Thread*)+0xd5
C  [libc.so.6+0x9cb84]
Java frames: (J=compiled Java code, j=interpreted, Vv=VM code)
j  com.sun.glass.ui.gtk.GtkApplication.enterNestedEventLoopImpl()V+0 javafx.graphics@21
j  com.sun.glass.ui.gtk.GtkApplication._enterNestedEventLoop()Ljava/lang/Object;+15 javafx.graphics@21
j  com.sun.glass.ui.Application.enterNestedEventLoop()Ljava/lang/Object;+14 javafx.graphics@21
j  com.sun.glass.ui.EventLoop.enter()Ljava/lang/Object;+42 javafx.graphics@21
j  com.sun.javafx.tk.quantum.QuantumToolkit.enterNestedEventLoop(Ljava/lang/Object;)Ljava/lang/Object;+98 javafx.graphics@21
j  javafx.stage.Stage.showAndWait()V+93 javafx.graphics@21
j  javafx.scene.control.HeavyweightDialog.showAndWait()V+22 javafx.controls@21
j  javafx.scene.control.Dialog.showAndWait()Ljava/util/Optional;+86 javafx.controls@21
j  com.luciferc137.cmp.ui.settings.SettingsController.showCreateTagDialog(Ljava/lang/Runnable;)V+34
j  com.luciferc137.cmp.ui.settings.SettingsController.onCreateTag(Ljavafx/event/ActionEvent;)V+6
j  java.lang.invoke.DirectMethodHandle$Holder.invokeVirtual(Ljava/lang/Object;Ljava/lang/Object;Ljava/lang/Object;)V+11 java.base@21.0.11
j  java.lang.invoke.LambdaForm$MH+0x00007481c8188400.invoke(Ljava/lang/Object;Ljava/lang/Object;Ljava/lang/Object;)Ljava/lang/Object;+52 java.base@21.0.11
J 5288 c2 jdk.internal.reflect.DirectMethodHandleAccessor.invoke(Ljava/lang/Object;[Ljava/lang/Object;)Ljava/lang/Object; java.base@21.0.11 (92 bytes) @ 0x00007482305a2390 [0x00007482305a22a0+0x00000000000000f0]
J 5866 c1 com.sun.javafx.reflect.MethodUtil.invoke(Ljava/lang/reflect/Method;Ljava/lang/Object;[Ljava/lang/Object;)Ljava/lang/Object; javafx.base@21 (111 bytes) @ 0x000074822940a2cc [0x0000748229408260+0x000000000000206c]
J 5865 c1 com.sun.javafx.fxml.MethodHelper.invoke(Ljava/lang/reflect/Method;Ljava/lang/Object;[Ljava/lang/Object;)Ljava/lang/Object; javafx.fxml@21 (146 bytes) @ 0x000074822940597c [0x0000748229405140+0x000000000000083c]
j  javafx.fxml.FXMLLoader$MethodHandler.invoke([Ljava/lang/Object;)V+19 javafx.fxml@21
j  javafx.fxml.FXMLLoader$ControllerMethodEventHandler.handle(Ljavafx/event/Event;)V+12 javafx.fxml@21
J 5829 c1 com.sun.javafx.event.CompositeEventHandler.dispatchBubblingEvent(Ljavafx/event/Event;)V javafx.base@21 (57 bytes) @ 0x00007482293f534c [0x00007482293f4f80+0x00000000000003cc]
J 6504 c2 com.sun.javafx.event.EventHandlerManager.dispatchBubblingEvent(Ljavafx/event/EventType;Ljavafx/event/Event;)Ljavafx/event/Event; javafx.base@21 (41 bytes) @ 0x00007482306bf0f8 [0x00007482306bef60+0x0000000000000198]
J 5637 c1 com.sun.javafx.event.EventHandlerManager.dispatchBubblingEvent(Ljavafx/event/Event;)Ljavafx/event/Event; javafx.base@21 (23 bytes) @ 0x0000748229385dc4 [0x0000748229385c60+0x0000000000000164]
J 5636 c1 com.sun.javafx.event.CompositeEventDispatcher.dispatchBubblingEvent(Ljavafx/event/Event;)Ljavafx/event/Event; javafx.base@21 (35 bytes) @ 0x0000748229386434 [0x0000748229386260+0x00000000000001d4]
J 5509 c1 com.sun.javafx.event.BasicEventDispatcher.dispatchEvent(Ljavafx/event/Event;Ljavafx/event/EventDispatchChain;)Ljavafx/event/Event; javafx.base@21 (44 bytes) @ 0x000074822934ca44 [0x000074822934c700+0x0000000000000344]
J 5543 c1 com.sun.javafx.event.EventDispatchChainImpl.dispatchEvent(Ljavafx/event/Event;)Ljavafx/event/Event; javafx.base@21 (101 bytes) @ 0x00007482293644f4 [0x0000748229364340+0x00000000000001b4]
J 5509 c1 com.sun.javafx.event.BasicEventDispatcher.dispatchEvent(Ljavafx/event/Event;Ljavafx/event/EventDispatchChain;)Ljavafx/event/Event; javafx.base@21 (44 bytes) @ 0x000074822934c95c [0x000074822934c700+0x000000000000025c]
J 5543 c1 com.sun.javafx.event.EventDispatchChainImpl.dispatchEvent(Ljavafx/event/Event;)Ljavafx/event/Event; javafx.base@21 (101 bytes) @ 0x00007482293644f4 [0x0000748229364340+0x00000000000001b4]
J 5509 c1 com.sun.javafx.event.BasicEventDispatcher.dispatchEvent(Ljavafx/event/Event;Ljavafx/event/EventDispatchChain;)Ljavafx/event/Event; javafx.base@21 (44 bytes) @ 0x000074822934c95c [0x000074822934c700+0x000000000000025c]
J 5543 c1 com.sun.javafx.event.EventDispatchChainImpl.dispatchEvent(Ljavafx/event/Event;)Ljavafx/event/Event; javafx.base@21 (101 bytes) @ 0x00007482293644f4 [0x0000748229364340+0x00000000000001b4]
J 5764 c1 com.sun.javafx.event.EventUtil.fireEvent(Ljavafx/event/EventTarget;Ljavafx/event/Event;)Ljavafx/event/Event; javafx.base@21 (81 bytes) @ 0x00007482293bbcf4 [0x00007482293bb040+0x0000000000000cb4]
J 5763 c1 javafx.event.Event.fireEvent(Ljavafx/event/EventTarget;Ljavafx/event/Event;)V javafx.base@21 (35 bytes) @ 0x00007482293ba99c [0x00007482293ba8e0+0x00000000000000bc]
j  javafx.scene.Node.fireEvent(Ljavafx/event/Event;)V+86 javafx.graphics@21
j  javafx.scene.control.Button.fire()V+15 javafx.controls@21
j  com.sun.javafx.scene.control.behavior.ButtonBehavior.mouseReleased(Ljavafx/scene/input/MouseEvent;)V+27 javafx.controls@21
j  com.sun.javafx.scene.control.behavior.ButtonBehavior$$Lambda+0x00007481c832b330.handle(Ljavafx/event/Event;)V+8 javafx.controls@21
j  com.sun.javafx.scene.control.inputmap.InputMap.handle(Ljavafx/event/Event;)V+61 javafx.controls@21
j  com.sun.javafx.scene.control.inputmap.InputMap$$Lambda+0x00007481c832a630.handle(Ljavafx/event/Event;)V+5 javafx.controls@21
J 5798 c1 com.sun.javafx.event.CompositeEventHandler$NormalEventHandlerRecord.handleBubblingEvent(Ljavafx/event/Event;)V javafx.base@21 (11 bytes) @ 0x00007482293d2dd4 [0x00007482293d2cc0+0x0000000000000114]
J 5829 c1 com.sun.javafx.event.CompositeEventHandler.dispatchBubblingEvent(Ljavafx/event/Event;)V javafx.base@21 (57 bytes) @ 0x00007482293f51dc [0x00007482293f4f80+0x000000000000025c]
J 6504 c2 com.sun.javafx.event.EventHandlerManager.dispatchBubblingEvent(Ljavafx/event/EventType;Ljavafx/event/Event;)Ljavafx/event/Event; javafx.base@21 (41 bytes) @ 0x00007482306bf0f8 [0x00007482306bef60+0x0000000000000198]
J 5637 c1 com.sun.javafx.event.EventHandlerManager.dispatchBubblingEvent(Ljavafx/event/Event;)Ljavafx/event/Event; javafx.base@21 (23 bytes) @ 0x0000748229385dc4 [0x0000748229385c60+0x0000000000000164]
J 5636 c1 com.sun.javafx.event.CompositeEventDispatcher.dispatchBubblingEvent(Ljavafx/event/Event;)Ljavafx/event/Event; javafx.base@21 (35 bytes) @ 0x0000748229386434 [0x0000748229386260+0x00000000000001d4]
J 5509 c1 com.sun.javafx.event.BasicEventDispatcher.dispatchEvent(Ljavafx/event/Event;Ljavafx/event/EventDispatchChain;)Ljavafx/event/Event; javafx.base@21 (44 bytes) @ 0x000074822934ca44 [0x000074822934c700+0x0000000000000344]
J 5543 c1 com.sun.javafx.event.EventDispatchChainImpl.dispatchEvent(Ljavafx/event/Event;)Ljavafx/event/Event; javafx.base@21 (101 bytes) @ 0x00007482293644f4 [0x0000748229364340+0x00000000000001b4]
J 5509 c1 com.sun.javafx.event.BasicEventDispatcher.dispatchEvent(Ljavafx/event/Event;Ljavafx/event/EventDispatchChain;)Ljavafx/event/Event; javafx.base@21 (44 bytes) @ 0x000074822934c95c [0x000074822934c700+0x000000000000025c]
J 5543 c1 com.sun.javafx.event.EventDispatchChainImpl.dispatchEvent(Ljavafx/event/Event;)Ljavafx/event/Event; javafx.base@21 (101 bytes) @ 0x00007482293644f4 [0x0000748229364340+0x00000000000001b4]
J 5509 c1 com.sun.javafx.event.BasicEventDispatcher.dispatchEvent(Ljavafx/event/Event;Ljavafx/event/EventDispatchChain;)Ljavafx/event/Event; javafx.base@21 (44 bytes) @ 0x000074822934c95c [0x000074822934c700+0x000000000000025c]
J 5543 c1 com.sun.javafx.event.EventDispatchChainImpl.dispatchEvent(Ljavafx/event/Event;)Ljavafx/event/Event; javafx.base@21 (101 bytes) @ 0x00007482293644f4 [0x0000748229364340+0x00000000000001b4]
J 5764 c1 com.sun.javafx.event.EventUtil.fireEvent(Ljavafx/event/EventTarget;Ljavafx/event/Event;)Ljavafx/event/Event; javafx.base@21 (81 bytes) @ 0x00007482293bb92c [0x00007482293bb040+0x00000000000008ec]
J 6397 c1 javafx.scene.Scene$MouseHandler.process(Ljavafx/scene/input/MouseEvent;Z)V javafx.graphics@21 (793 bytes) @ 0x000074822956a69c [0x0000748229568840+0x0000000000001e5c]
j  javafx.scene.Scene.processMouseEvent(Ljavafx/scene/input/MouseEvent;)V+6 javafx.graphics@21
j  javafx.scene.Scene$ScenePeerListener.mouseEvent(Ljavafx/event/EventType;DDDDLjavafx/scene/input/MouseButton;ZZZZZZZZZZZ)V+50 javafx.graphics@21
j  com.sun.javafx.tk.quantum.GlassViewEventHandler$MouseEventNotification.run()Ljava/lang/Void;+650 javafx.graphics@21
j  com.sun.javafx.tk.quantum.GlassViewEventHandler$MouseEventNotification.run()Ljava/lang/Object;+1 javafx.graphics@21
J 5594 c1 java.security.AccessController.doPrivileged(Ljava/security/PrivilegedAction;Ljava/security/AccessControlContext;)Ljava/lang/Object; java.base@21.0.11 (17 bytes) @ 0x000074822937356c [0x0000748229373380+0x00000000000001ec]
j  com.sun.javafx.tk.quantum.GlassViewEventHandler.lambda$handleMouseEvent$2()Ljava/lang/Void;+11 javafx.graphics@21
j  com.sun.javafx.tk.quantum.GlassViewEventHandler$$Lambda+0x00007481c83e2938.get()Ljava/lang/Object;+4 javafx.graphics@21
J 6274 c1 com.sun.javafx.tk.quantum.QuantumToolkit.runWithoutRenderLock(Ljava/util/function/Supplier;)Ljava/lang/Object; javafx.graphics@21 (49 bytes) @ 0x0000748229522a5c [0x0000748229522580+0x00000000000004dc]
j  com.sun.javafx.tk.quantum.GlassViewEventHandler.handleMouseEvent(Lcom/sun/glass/ui/View;JIIIIIIIZZ)V+103 javafx.graphics@21
j  com.sun.glass.ui.View.handleMouseEvent(JIIIIIIIZZ)V+30 javafx.graphics@21
J 6471 c1 com.sun.glass.ui.View.notifyMouse(IIIIIIIZZ)V javafx.graphics@21 (221 bytes) @ 0x00007482295c14ec [0x00007482295c0820+0x0000000000000ccc]
v  ~StubRoutines::call_stub 0x000074822fd37cc6
j  com.sun.glass.ui.gtk.GtkApplication._runLoop(Ljava/lang/Runnable;Z)V+0 javafx.graphics@21
j  com.sun.glass.ui.gtk.GtkApplication.lambda$runLoop$10(Ljava/lang/Runnable;Z)V+7 javafx.graphics@21
j  com.sun.glass.ui.gtk.GtkApplication$$Lambda+0x00007481c8037c88.run()V+12 javafx.graphics@21
j  java.lang.Thread.runWith(Ljava/lang/Object;Ljava/lang/Runnable;)V+5 java.base@21.0.11
j  java.lang.Thread.run()V+19 java.base@21.0.11
v  ~StubRoutines::call_stub 0x000074822fd37cc6

siginfo: si_signo: 11 (SIGSEGV), si_code: 128 (SI_KERNEL), si_addr: 0x0000000000000000

Registers:
RAX=0x0000000000000003, RBX=0x00007482404240f0, RCX=0x0000748172a57c70, RDX=0x00007482402b2808
RSP=0x0000748172a57ae0, RBP=0x0000748172a57c10, RSI=0x6d2f736568636163, RDI=0x0000748172a57c30
R8 =0x00007482404240f0, R9 =0x00007481c3518578, R10=0x000074824874b560, R11=0x000074823060e1c0
R12=0x0000748172a57c70, R13=0x0000748172a57c30, R14=0x00007482402b2808, R15=0x0000748172a57c70
RIP=0x0000748247bb8d03, EFLAGS=0x0000000000010202, CSGSFS=0x002b000000000033, ERR=0x0000000000000000
  TRAPNO=0x000000000000000d

XMM[0]=0x0000000000000000 0x00007482404240f0
XMM[1]=0x00007482404240f0 0x00007481c3518578
XMM[2]=0x0000748172a57e10 0x0000003000000018
XMM[3]=0x0000000000000000 0x000074822fd3ea90
XMM[4]=0x0000748172a57008 0x0000740000000000
XMM[5]=0x0000000000000000 0x00007482404240f0
XMM[6]=0x0000000000000000 0x00007482404240f0
XMM[7]=0x3064353162393437 0x3564393236323034
XMM[8]=0x6262323038313637 0x3830306237323938
XMM[9]=0xd52aabb6d52aabb6 0xd52aabb67348a980
XMM[10]=0x0000000000000000 0x000000009e1dfdca
XMM[11]=0x8b95c3f28b95c3f2 0x8b95c3f2fede6d72
XMM[12]=0x0000000000000000 0x000000007348a980
XMM[13]=0x0000000000000000 0x00000000e20aa1f5
XMM[14]=0x0000000000000000 0xc018000000000000
XMM[15]=0x0000000000000000 0x3ed3cc85e8e20000
  MXCSR=0x00001faf


Register to memory mapping:

RAX=0x0000000000000003 is an unknown value
RBX=0x00007482404240f0 is a thread
RCX=0x0000748172a57c70 is pointing into the stack for thread: 0x00007482404240f0
RDX=0x00007482402b2808 points into unknown readable memory: 0x00007481c3518578 | 78 85 51 c3 81 74 00 00
RSP=0x0000748172a57ae0 is pointing into the stack for thread: 0x00007482404240f0
RBP=0x0000748172a57c10 is pointing into the stack for thread: 0x00007482404240f0
RSI=0x6d2f736568636163 is an unknown value
RDI=0x0000748172a57c30 is pointing into the stack for thread: 0x00007482404240f0
R8 =0x00007482404240f0 is a thread
R9 ={method} {0x00007481c3518578} 'notifyKey' '(II[CI)V' in 'com/sun/glass/ui/View'
R10=0x000074824874b560: <offset 0x000000000154b560> in /usr/lib/jvm/java-21-openjdk-amd64/lib/server/libjvm.so at 0x0000748247200000
R11=0x000074823060e1c0 is at entry_point+32 in (nmethod*)0x000074823060e010
Compiled method (c1) 9717 5694       1       com.sun.javafx.tk.quantum.WindowStage::setInAllowedEventHandler (6 bytes)
 total in heap  [0x000074823060e010,0x000074823060e2a0] = 656
 relocation     [0x000074823060e168,0x000074823060e190] = 40
 main code      [0x000074823060e1a0,0x000074823060e238] = 152
 stub code      [0x000074823060e238,0x000074823060e268] = 48
 oops           [0x000074823060e268,0x000074823060e270] = 8
 scopes data    [0x000074823060e270,0x000074823060e278] = 8
 scopes pcs     [0x000074823060e278,0x000074823060e298] = 32
 dependencies   [0x000074823060e298,0x000074823060e2a0] = 8
0x000074823060e1c0:   89 84 24 00 c0 fe ff 55 48 83 ec 20 41 81 7f 20
0x000074823060e1d0:   03 00 00 00 74 05 
R12=0x0000748172a57c70 is pointing into the stack for thread: 0x00007482404240f0
R13=0x0000748172a57c30 is pointing into the stack for thread: 0x00007482404240f0
R14=0x00007482402b2808 points into unknown readable memory: 0x00007481c3518578 | 78 85 51 c3 81 74 00 00
R15=0x0000748172a57c70 is pointing into the stack for thread: 0x00007482404240f0

Top of Stack: (sp=0x0000748172a57ae0)
0x0000748172a57ae0:   0000748172a57d48 00000000fffffff8   H}.r.t..........
0x0000748172a57af0:   00007481a802b890 00007481a802b908   .....t.......t..
0x0000748172a57b00:   00007481a802b908 0000748172a57b60   .....t..`{.r.t..
0x0000748172a57b10:   00007481a802bc78 00007481a802b890   x....t.......t..
0x0000748172a57b20:   00007481c3518578 00007482404240f0   x.Q..t...@B@.t..
0x0000748172a57b30:   0000748240438610 00007481a802b890   ..C@.t.......t..
0x0000748172a57b40:   00007481a802b908 00007481a802bc78   .....t..x....t..
0x0000748172a57b50:   00000000000003d8 00000000000000d8   ................
0x0000748172a57b60:   0000748172a5a1b0 0000000712fd5cf0   ...r.t...\......
0x0000748172a57b70:   000074820000006f 000074810000000a   o....t.......t..
0x0000748172a57b80:   0000000712dcbb78 0000000700000000   x...............
0x0000748172a57b90:   0000748172a58100 000074822fd43a91   ...r.t...:./.t..
0x0000748172a57ba0:   0000748172a58150 0000000100000140   P..r.t..@.......
0x0000748172a57bb0:   0000748172a5a1b0 0000748172a57b68   ...r.t..h{.r.t..
0x0000748172a57bc0:   0000748172a57ba9 0000000800000005   .{.r.t..........
0x0000748172a57bd0:   0000748240438600 0000000000000000   ..C@.t..........
0x0000748172a57be0:   0000748172a57d20 00007482404240f0    }.r.t...@B@.t..
0x0000748172a57bf0:   00007482402b2808 6d2f736568636163   .(+@.t..caches/m
0x0000748172a57c00:   0000748172a57d38 0000748172a57c70   8}.r.t..p|.r.t..
0x0000748172a57c10:   0000748172a57d20 0000748247bcc0c1    }.r.t.....G.t..
0x0000748172a57c20:   00007481a802bc78 00007481a802b890   x....t.......t..
0x0000748172a57c30:   000074810000000e 0000748200000000   .....t.......t..
0x0000748172a57c40:   00007481c3518578 00007482404240f0   x.Q..t...@B@.t..
0x0000748172a57c50:   00007482404240f0 0000000000000000   .@B@.t..........
0x0000748172a57c60:   00007482402c5b80 0f4250ab1571b100   .[,@.t....q..PB.
0x0000748172a57c70:   0000748248604a88 00007481c748e758   .J`H.t..X.H..t..
0x0000748172a57c80:   000074810000000e 000000000015b55c   .....t..\.......
0x0000748172a57c90:   0000000000000000 0000003000000018   ............0...
0x0000748172a57ca0:   0000748172a57e10 0000748172a57d50   .~.r.t..P}.r.t..
0x0000748172a57cb0:   00007481c748e758 000074810000000e   X.H..t.......t..
0x0000748172a57cc0:   000000000015b55c 0000000000000008   \...............
0x0000748172a57cd0:   00007481a802b890 00007481a802b908   .....t.......t..

Instructions: (pc=0x0000748247bb8d03)
0x0000748247bb8c03:   83 7d b8 00 74 09 48 8d 7d b0 e8 fe 93 3a 00 4c
0x0000748247bb8c13:   8b a3 98 01 00 00 49 8b 44 24 10 48 83 38 00 74
0x0000748247bb8c23:   0d 4c 89 e7 e8 c4 77 ee ff 49 8b 44 24 10 49 8b
0x0000748247bb8c33:   54 24 08 48 8d bb a0 03 00 00 48 89 42 10 49 8b
0x0000748247bb8c43:   44 24 08 49 8b 54 24 18 48 89 50 18 49 8b 44 24
0x0000748247bb8c53:   08 49 8b 54 24 20 48 89 50 20 e8 5e 4d de ff c7
0x0000748247bb8c63:   83 4c 04 00 00 04 00 00 00 48 83 c4 28 4c 89 e8
0x0000748247bb8c73:   5b 41 5c 41 5d 41 5e 41 5f 5d c3 66 90 31 d2 be
0x0000748247bb8c83:   01 00 00 00 48 89 df e8 41 4f 40 00 8b 83 48 04
0x0000748247bb8c93:   00 00 a8 0c 0f 84 27 ff ff ff 48 89 df e8 ab 42
0x0000748247bb8ca3:   f7 ff e9 1a ff ff ff 66 0f 1f 44 00 00 48 89 df
0x0000748247bb8cb3:   e8 e8 32 f7 ff e9 cf fe ff ff 0f 1f 00 55 48 89
0x0000748247bb8cc3:   e5 41 57 41 56 41 55 41 54 53 4c 89 c3 48 81 ec
0x0000748247bb8cd3:   08 01 00 00 48 85 f6 0f 84 7e 02 00 00 48 89 f0
0x0000748247bb8ce3:   49 89 fd 49 89 d6 49 89 cc 83 e0 03 48 83 f8 01
0x0000748247bb8cf3:   0f 84 4f 02 00 00 48 83 f8 02 0f 84 9d 03 00 00
0x0000748247bb8d03:   48 8b 0e 48 85 c9 0f 84 4f 02 00 00 48 8b bb 28
0x0000748247bb8d13:   03 00 00 4c 8b 47 18 48 8b 47 20 4c 29 c0 48 83
0x0000748247bb8d23:   f8 07 0f 86 d5 02 00 00 49 8d 40 08 48 89 47 18
0x0000748247bb8d33:   49 89 08 4d 8b 36 49 8b 46 08 41 8b 76 2c 44 0f
0x0000748247bb8d43:   b7 78 2e 48 8b 40 08 48 8b 40 18 83 fe f7 0f 8c
0x0000748247bb8d53:   41 02 00 00 83 fe fe 74 39 48 8d 05 a5 59 b1 00
0x0000748247bb8d63:   80 38 00 0f 84 f4 03 00 00 48 8d 05 2d 41 b1 00
0x0000748247bb8d73:   8b 79 08 8b 48 08 48 d3 e7 48 03 38 4c 89 85 08
0x0000748247bb8d83:   ff ff ff e8 15 5e 19 00 4c 8b 85 08 ff ff ff 49
0x0000748247bb8d93:   89 c6 41 f6 46 29 04 0f 85 18 03 00 00 48 8b bb
0x0000748247bb8da3:   30 03 00 00 4c 89 b5 10 ff ff ff 48 89 9d 18 ff
0x0000748247bb8db3:   ff ff 48 63 07 3b 47 04 0f 84 af 03 00 00 8d 48
0x0000748247bb8dc3:   01 41 0f b7 d7 89 0f 48 8b 4f 08 4c 89 34 c1 4c
0x0000748247bb8dd3:   8b b3 20 03 00 00 f3 41 0f 6f 56 10 49 8b 46 20
0x0000748247bb8de3:   66 49 0f 6e c6 4d 8b 7e 28 48 c7 45 c8 00 00 00
0x0000748247bb8df3:   00 48 89 85 00 ff ff ff 0f 12 ea 66 0f d6 95 08


Stack slot to memory mapping:

stack at sp + 0 slots: 0x0000748172a57d48 is pointing into the stack for thread: 0x00007482404240f0
stack at sp + 1 slots: 0x00000000fffffff8 is an unknown value
stack at sp + 2 slots: 0x00007481a802b890 points into unknown readable memory: 0x0000000000000000 | 00 00 00 00 00 00 00 00
stack at sp + 3 slots: 0x00007481a802b908 points into unknown readable memory: 0x2e6e75732e6d6f63 | 63 6f 6d 2e 73 75 6e 2e
stack at sp + 4 slots: 0x00007481a802b908 points into unknown readable memory: 0x2e6e75732e6d6f63 | 63 6f 6d 2e 73 75 6e 2e
stack at sp + 5 slots: 0x0000748172a57b60 is pointing into the stack for thread: 0x00007482404240f0
stack at sp + 6 slots: 0x00007481a802bc78 points into unknown readable memory: 0x0000000000000095 | 95 00 00 00 00 00 00 00
stack at sp + 7 slots: 0x00007481a802b890 points into unknown readable memory: 0x0000000000000000 | 00 00 00 00 00 00 00 00


Compiled method (c2) 9722 5288   !   4       jdk.internal.reflect.DirectMethodHandleAccessor::invoke (92 bytes)
 total in heap  [0x00007482305a2010,0x00007482305a3278] = 4712
 relocation     [0x00007482305a2168,0x00007482305a2290] = 296
 main code      [0x00007482305a22a0,0x00007482305a29f0] = 1872
 stub code      [0x00007482305a29f0,0x00007482305a2a70] = 128
 oops           [0x00007482305a2a70,0x00007482305a2aa0] = 48
 metadata       [0x00007482305a2aa0,0x00007482305a2b08] = 104
 scopes data    [0x00007482305a2b08,0x00007482305a2e38] = 816
 scopes pcs     [0x00007482305a2e38,0x00007482305a30e8] = 688
 dependencies   [0x00007482305a30e8,0x00007482305a30f0] = 8
 handler table  [0x00007482305a30f0,0x00007482305a3220] = 304
 nul chk table  [0x00007482305a3220,0x00007482305a3278] = 88

[Constant Pool (empty)]

[MachCode]
[Entry Point]
  # {method} {0x00007481c71a1f10} 'invoke' '(Ljava/lang/Object;[Ljava/lang/Object;)Ljava/lang/Object;' in 'jdk/internal/reflect/DirectMethodHandleAccessor'
  # this:     rsi:rsi   = 'jdk/internal/reflect/DirectMethodHandleAccessor'
  # parm0:    rdx:rdx   = 'java/lang/Object'
  # parm1:    rcx:rcx   = '[Ljava/lang/Object;'
  #           [sp+0x50]  (sp of caller)
  0x00007482305a22a0: 448b 5608 | 49bb 0000 | 00c7 8174 | 0000 4d03 | d349 3bc2 

  0x00007482305a22b4: ;   {runtime_call ic_miss_stub}
  0x00007482305a22b4: 0f85 c62f | 7eff 6690 | 0f1f 4000 
[Verified Entry Point]
  0x00007482305a22c0: 8984 2400 | c0fe ff55 | 4883 ec40 | 4181 7f20 | 0300 0000 | 0f85 0707 | 0000 4c8b | d948 8954 
  0x00007482305a22e0: 2408 4889 | 3424 41b8 | 0002 0000 | 4485 4610 | 0f84 b500 | 0000 4d85 | db0f 84e2 | 0100 0045 
  0x00007482305a2300: 8b53 0c4c | 8b04 2445 | 8b48 0c45 | 3bd1 0f85 | 1003 0000 | 458b 5018 | 4183 f901 | 0f85 0e01 
  0x00007482305a2320: 0000 458b | 430c 4585 | c00f 86d1 | 0200 0047 | 8b4c d410 | 458b 5b10 

  0x00007482305a2338: ;   {oop(a 'java/lang/invoke/MethodType'{0x00000007ffc01680} = (Ljava/lang/Object;Ljava/lang/Object;)Ljava/lang/Object;)}
  0x00007482305a2338: 4181 f9d0 | 02f8 ff0f | 8507 0300 | 0047 8b44 | d414 4585 | c00f 8496 | 0200 004b | 8d2c d447 
  0x00007482305a2358: 3b64 c41c | 751b 4489 | 5c24 1048 

  0x00007482305a2364: ;   {static_call}
  0x00007482305a2364: 8bf5 90e8 

  0x00007482305a2368: ; ImmutableOopMap {rbp=Oop [0]=Oop [8]=Oop [16]=NarrowOop }
                      ;*invokestatic maybeCustomize {reexecute=0 rethrow=0 return_oop=0}
                      ; - java.lang.invoke.Invokers::checkCustomized@19 (line 627)
                      ; - java.lang.invoke.Invokers$Holder::invokeExact_MT@14
                      ; - jdk.internal.reflect.DirectMethodHandleAccessor::invokeImpl@55 (line 154)
                      ; - jdk.internal.reflect.DirectMethodHandleAccessor::invoke@23 (line 103)
  0x00007482305a2368: d4d7 43f8 

  0x00007482305a236c: ;   {other}
  0x00007482305a236c: 0f1f 8400 | 5c03 0000 | 448b 5c24 | 1049 8bcb | 48c1 e103 | 488b f548 | 8b54 2408 

  0x00007482305a2388: ;   {optimized virtual_call}
  0x00007482305a2388: 6666 90e8 

  0x00007482305a238c: ; ImmutableOopMap {[0]=Oop }
                      ;*invokevirtual invokeBasic {reexecute=0 rethrow=0 return_oop=1}
                      ; - java.lang.invoke.Invokers$Holder::invokeExact_MT@20
                      ; - jdk.internal.reflect.DirectMethodHandleAccessor::invokeImpl@55 (line 154)
                      ; - jdk.internal.reflect.DirectMethodHandleAccessor::invoke@23 (line 103)
  0x00007482305a238c: 70ef d2ff 

  0x00007482305a2390: ;   {other}
  0x00007482305a2390: 0f1f 8400 | 8003 0001 | 4883 c440 

  0x00007482305a239c: ;   {poll_return}
  0x00007482305a239c: 5d49 3ba7 | 5004 0000 | 0f87 2106 | 0000 c344 | 8b42 088b | 4e14 48be | 0000 00c7 | 8174 0000 
  0x00007482305a23bc: 4903 f04c | 8b56 7049 | 8b2a 498b | 44cc 1044 | 8b40 144d | 63d0 4e8b | 1416 493b | c20f 8417 
  0x00007482305a23dc: ffff ff41 | 83f8 2075 | 2948 3bf0 | 0f84 08ff | ffff 488b | 7e28 8b0f | 4883 c708 | 4885 c0f2 
  0x00007482305a23fc: 48af 0f85 | 0400 0000 | 4889 4620 | 0f84 e8fe | ffff be63 | 0000 0048 | 8b2c 2448 | 8914 244c 
  0x00007482305a241c: 895c 2408 

  0x00007482305a2420: ;   {runtime_call UncommonTrapBlob}
  0x00007482305a2420: 6666 90e8 

  0x00007482305a2424: ; ImmutableOopMap {rbp=Oop [0]=Oop [8]=Oop }
                      ;*new {reexecute=0 rethrow=0 return_oop=0}
                      ; - jdk.internal.reflect.DirectMethodHandleAccessor::checkReceiver@14 (line 197)
                      ; - jdk.internal.reflect.DirectMethodHandleAccessor::invoke@9 (line 99)
  0x00007482305a2424: 58c1 7eff 

  0x00007482305a2428: ;   {other}
  0x00007482305a2428: 0f1f 8400 | 1804 0002 | 4183 f901 | 0f86 af00 | 0000 4183 | f903 0f84 | 0101 0000 | 418d 49fe 
  0x00007482305a2448: 83f9 010f | 8727 0200 | 0045 8b43 | 0c41 83f8 | 010f 8651 | 0200 0047 | 8b44 d410 | 418b 4b14 
  0x00007482305a2468: 418b 6b10 

  0x00007482305a246c: ;   {oop(a 'java/lang/invoke/MethodType'{0x00000007ffc02cb0} = (Ljava/lang/Object;Ljava/lang/Object;Ljava/lang/Object;)Ljava/lang/Object;)}
  0x00007482305a246c: 4181 f896 | 05f8 ff0f | 8557 0200 | 0047 8b44 | d414 4585 | c00f 8411 | 0200 0049 | c1e2 0347 
  0x00007482305a248c: 3b64 c41c | 7523 4c89 | 5424 1889 | 4c24 1049 

  0x00007482305a249c: ;   {static_call}
  0x00007482305a249c: 8bf2 90e8 

  0x00007482305a24a0: ; ImmutableOopMap {rbp=NarrowOop [0]=Oop [8]=Oop [16]=NarrowOop [24]=Oop }
                      ;*invokestatic maybeCustomize {reexecute=0 rethrow=0 return_oop=0}
                      ; - java.lang.invoke.Invokers::checkCustomized@19 (line 627)
                      ; - java.lang.invoke.LambdaForm$MH/0x00007481c8205000::invokeExact_MT@15
                      ; - jdk.internal.reflect.DirectMethodHandleAccessor::invokeImpl@72 (line 155)
                      ; - jdk.internal.reflect.DirectMethodHandleAccessor::invoke@23 (line 103)
  0x00007482305a24a0: 9cd6 43f8 

  0x00007482305a24a4: ;   {other}
  0x00007482305a24a4: 0f1f 8400 | 9404 0003 | 8b4c 2410 | 4c8b 5424 | 184c 8bc1 | 49c1 e003 | 488b cd48 | c1e1 0349 
  0x00007482305a24c4: 8bf2 488b | 5424 0848 

  0x00007482305a24cc: ;   {optimized virtual_call}
  0x00007482305a24cc: 8b2c 24e8 

  0x00007482305a24d0: ; ImmutableOopMap {rbp=Oop [0]=Oop }
                      ;*invokevirtual invokeBasic {reexecute=0 rethrow=0 return_oop=1}
                      ; - java.lang.invoke.LambdaForm$MH/0x00007481c8205000::invokeExact_MT@22
                      ; - jdk.internal.reflect.DirectMethodHandleAccessor::invokeImpl@72 (line 155)
                      ; - jdk.internal.reflect.DirectMethodHandleAccessor::invoke@23 (line 103)
  0x00007482305a24d0: 2c44 d6ff 

  0x00007482305a24d4: ;   {other}
  0x00007482305a24d4: 0f1f 8400 | c404 0004 | e9b7 feff | ff45 33d2 | e91a feff | ff43 8b6c 

  0x00007482305a24ec: ;   {oop(a 'java/lang/invoke/MethodType'{0x00000007ffc03c80} = (Ljava/lang/Object;)Ljava/lang/Object;)}
  0x00007482305a24ec: d410 81fd | 9007 f8ff | 0f85 4602 | 0000 478b | 5cd4 1445 | 85db 0f84 | e801 0000 | 4b8d 2cd4 
  0x00007482305a250c: 473b 64dc | 1c75 1148 

  0x00007482305a2514: ;   {static_call}
  0x00007482305a2514: 8bf5 90e8 

  0x00007482305a2518: ; ImmutableOopMap {rbp=Oop [0]=Oop [8]=Oop }
                      ;*invokestatic maybeCustomize {reexecute=0 rethrow=0 return_oop=0}
                      ; - java.lang.invoke.Invokers::checkCustomized@19 (line 627)
                      ; - java.lang.invoke.Invokers$Holder::invokeExact_MT@14
                      ; - jdk.internal.reflect.DirectMethodHandleAccessor::invokeImpl@41 (line 153)
                      ; - jdk.internal.reflect.DirectMethodHandleAccessor::invoke@23 (line 103)
  0x00007482305a2518: 24d6 43f8 

  0x00007482305a251c: ;   {other}
  0x00007482305a251c: 0f1f 8400 | 0c05 0005 | 488b f548 | 8b54 2408 | 488b 2c24 

  0x00007482305a2530: ;   {optimized virtual_call}
  0x00007482305a2530: 6666 90e8 

  0x00007482305a2534: ; ImmutableOopMap {rbp=Oop [0]=Oop }
                      ;*invokevirtual invokeBasic {reexecute=0 rethrow=0 return_oop=1}
                      ; - java.lang.invoke.Invokers$Holder::invokeExact_MT@19
                      ; - jdk.internal.reflect.DirectMethodHandleAccessor::invokeImpl@41 (line 153)
                      ; - jdk.internal.reflect.DirectMethodHandleAccessor::invoke@23 (line 103)
  0x00007482305a2534: 489e d2ff 

  0x00007482305a2538: ;   {other}
  0x00007482305a2538: 0f1f 8400 | 2805 0006 | e953 feff | ff45 8b43 | 0c41 83f8 | 020f 86cd | 0100 0047 | 8b44 d410 
  0x00007482305a2558: 418b 4b18 | 418b 5b10 | 418b 6b14 

  0x00007482305a2564: ;   {oop(a 'java/lang/invoke/MethodType'{0x00000007ffc02240} = (Ljava/lang/Object;Ljava/lang/Object;Ljava/lang/Object;Ljava/lang/Object;)Ljava/lang/Object;)}
  0x00007482305a2564: 4181 f848 | 04f8 ff0f | 85e7 0100 | 0047 8b44 | d414 4585 | c00f 8489 | 0100 0049 | c1e2 0347 
  0x00007482305a2584: 3b64 c41c | 752b 4c89 | 5424 1889 | 5c24 1489 | 4c24 1049 

  0x00007482305a2598: ;   {static_call}
  0x00007482305a2598: 8bf2 90e8 

  0x00007482305a259c: ; ImmutableOopMap {rbp=NarrowOop [0]=Oop [8]=Oop [16]=NarrowOop [20]=NarrowOop [24]=Oop }
                      ;*invokestatic maybeCustomize {reexecute=0 rethrow=0 return_oop=0}
                      ; - java.lang.invoke.Invokers::checkCustomized@19 (line 627)
                      ; - java.lang.invoke.LambdaForm$MH/0x00007481c8004c00::invokeExact_MT@15
                      ; - jdk.internal.reflect.DirectMethodHandleAccessor::invokeImpl@92 (line 156)
                      ; - jdk.internal.reflect.DirectMethodHandleAccessor::invoke@23 (line 103)
  0x00007482305a259c: e03b 7eff 

  0x00007482305a25a0: ;   {other}
  0x00007482305a25a0: 0f1f 8400 | 9005 0007 | 8b4c 2410 | 8b5c 2414 | 4c8b 5424 | 184c 8bc9 | 49c1 e103 | 488b cb48 
  0x00007482305a25c0: c1e1 034c | 8bc5 49c1 | e003 498b | f248 8b54 | 2408 488b 

  0x00007482305a25d4: ;   {optimized virtual_call}
  0x00007482305a25d4: 2c24 90e8 

  0x00007482305a25d8: ; ImmutableOopMap {rbp=Oop [0]=Oop }
                      ;*invokevirtual invokeBasic {reexecute=0 rethrow=0 return_oop=1}
                      ; - java.lang.invoke.LambdaForm$MH/0x00007481c8004c00::invokeExact_MT@24
                      ; - jdk.internal.reflect.DirectMethodHandleAccessor::invokeImpl@92 (line 156)
                      ; - jdk.internal.reflect.DirectMethodHandleAccessor::invoke@23 (line 103)
  0x00007482305a25d8: a493 d4ff 

  0x00007482305a25dc: ;   {other}
  0x00007482305a25dc: 0f1f 8400 | cc05 0008 | e9af fdff | ffbe f6ff | ffff 488b 

  0x00007482305a25f0: ;   {runtime_call UncommonTrapBlob}
  0x00007482305a25f0: 2c24 90e8 

  0x00007482305a25f4: ; ImmutableOopMap {rbp=Oop }
                      ;*getfield customized {reexecute=1 rethrow=0 return_oop=0}
                      ; - (reexecute) java.lang.invoke.Invokers::checkCustomized@12 (line 626)
                      ; - java.lang.invoke.Invokers$Holder::invokeExact_MT@14
                      ; - jdk.internal.reflect.DirectMethodHandleAccessor::invokeImpl@55 (line 154)
                      ; - jdk.internal.reflect.DirectMethodHandleAccessor::invoke@23 (line 103)
  0x00007482305a25f4: 88bf 7eff 

  0x00007482305a25f8: ;   {other}
  0x00007482305a25f8: 0f1f 8400 | e805 0009 | bee4 ffff | ff48 8b2c | 2448 8914 | 244c 895c | 2408 4489 

  0x00007482305a2614: ;   {runtime_call UncommonTrapBlob}
  0x00007482305a2614: 5424 10e8 

  0x00007482305a2618: ; ImmutableOopMap {rbp=Oop [0]=Oop [8]=Oop [16]=NarrowOop }
                      ;*aaload {reexecute=0 rethrow=0 return_oop=0}
                      ; - jdk.internal.reflect.DirectMethodHandleAccessor::invokeImpl@54 (line 154)
                      ; - jdk.internal.reflect.DirectMethodHandleAccessor::invoke@23 (line 103)
  0x00007482305a2618: 64bf 7eff 

  0x00007482305a261c: ;   {other}
  0x00007482305a261c: 0f1f 8400 | 0c06 000a | be45 ffff | ff49 8be8 | 4889 1424 | 4c89 5c24 | 0844 8954 | 2418 4489 
  0x00007482305a263c: ;   {runtime_call UncommonTrapBlob}
  0x00007482305a263c: 4c24 1ce8 

  0x00007482305a2640: ; ImmutableOopMap {rbp=Oop [0]=Oop [8]=Oop }
                      ;*if_icmpeq {reexecute=1 rethrow=0 return_oop=0}
                      ; - (reexecute) jdk.internal.reflect.DirectMethodHandleAccessor::checkArgumentCount@13 (line 328)
                      ; - jdk.internal.reflect.DirectMethodHandleAccessor::invoke@17 (line 101)
  0x00007482305a2640: 3cbf 7eff 

  0x00007482305a2644: ;   {other}
  0x00007482305a2644: 0f1f 8400 | 3406 000b | be45 ffff | ff48 8b2c | 2448 8914 | 2444 8954 | 2408 4489 | 4c24 1044 
  0x00007482305a2664: 895c 2414 

  0x00007482305a2668: ;   {runtime_call UncommonTrapBlob}
  0x00007482305a2668: 6666 90e8 

  0x00007482305a266c: ; ImmutableOopMap {rbp=Oop [0]=Oop [8]=NarrowOop [16]=NarrowOop [20]=NarrowOop }
                      ;*if_acmpeq {reexecute=1 rethrow=0 return_oop=0}
                      ; - (reexecute) java.lang.invoke.Invokers::checkExactType@7 (line 530)
                      ; - java.lang.invoke.Invokers$Holder::invokeExact_MT@10
                      ; - jdk.internal.reflect.DirectMethodHandleAccessor::invokeImpl@55 (line 154)
                      ; - jdk.internal.reflect.DirectMethodHandleAccessor::invoke@23 (line 103)
  0x00007482305a266c: 10bf 7eff 

  0x00007482305a2670: ;   {other}
  0x00007482305a2670: 0f1f 8400 | 6006 000c | be45 ffff | ff49 8be8 | 4c89 5c24 | 1044 894c 

  0x00007482305a2688: ;   {runtime_call UncommonTrapBlob}
  0x00007482305a2688: 2418 90e8 

  0x00007482305a268c: ; ImmutableOopMap {rbp=Oop [8]=Oop [16]=Oop }
                      ;*tableswitch {reexecute=1 rethrow=0 return_oop=0}
                      ; - (reexecute) jdk.internal.reflect.DirectMethodHandleAccessor::invokeImpl@4 (line 152)
                      ; - jdk.internal.reflect.DirectMethodHandleAccessor::invoke@23 (line 103)
  0x00007482305a268c: f0be 7eff 

  0x00007482305a2690: ;   {other}
  0x00007482305a2690: 0f1f 8400 | 8006 000d | bef6 ffff | ff48 8b2c 

  0x00007482305a26a0: ;   {runtime_call UncommonTrapBlob}
  0x00007482305a26a0: 2466 90e8 

  0x00007482305a26a4: ; ImmutableOopMap {rbp=Oop }
                      ;*getfield customized {reexecute=1 rethrow=0 return_oop=0}
                      ; - (reexecute) java.lang.invoke.Invokers::checkCustomized@12 (line 626)
                      ; - java.lang.invoke.LambdaForm$MH/0x00007481c8205000::invokeExact_MT@15
                      ; - jdk.internal.reflect.DirectMethodHandleAccessor::invokeImpl@72 (line 155)
                      ; - jdk.internal.reflect.DirectMethodHandleAccessor::invoke@23 (line 103)
  0x00007482305a26a4: d8be 7eff 

  0x00007482305a26a8: ;   {other}
  0x00007482305a26a8: 0f1f 8400 | 9806 000e | bee4 ffff | ff48 8b2c | 244c 895c | 2410 4489 

  0x00007482305a26c0: ;   {runtime_call UncommonTrapBlob}
  0x00007482305a26c0: 5424 18e8 

  0x00007482305a26c4: ; ImmutableOopMap {rbp=Oop [8]=Oop [16]=Oop [24]=NarrowOop }
                      ;*aaload {reexecute=0 rethrow=0 return_oop=0}
                      ; - jdk.internal.reflect.DirectMethodHandleAccessor::invokeImpl@68 (line 155)
                      ; - jdk.internal.reflect.DirectMethodHandleAccessor::invoke@23 (line 103)
  0x00007482305a26c4: b8be 7eff 

  0x00007482305a26c8: ;   {other}
  0x00007482305a26c8: 0f1f 8400 | b806 000f | be45 ffff | ff44 8954 | 2410 894c | 2414 4489 

  0x00007482305a26e0: ;   {runtime_call UncommonTrapBlob}
  0x00007482305a26e0: 4424 1ce8 

  0x00007482305a26e4: ; ImmutableOopMap {rbp=NarrowOop [0]=Oop [8]=Oop [16]=NarrowOop [20]=NarrowOop [28]=NarrowOop }
                      ;*if_acmpeq {reexecute=1 rethrow=0 return_oop=0}
                      ; - (reexecute) java.lang.invoke.Invokers::checkExactType@7 (line 530)
                      ; - java.lang.invoke.LambdaForm$MH/0x00007481c8205000::invokeExact_MT@11
                      ; - jdk.internal.reflect.DirectMethodHandleAccessor::invokeImpl@72 (line 155)
                      ; - jdk.internal.reflect.DirectMethodHandleAccessor::invoke@23 (line 103)
  0x00007482305a26e4: 98be 7eff 

  0x00007482305a26e8: ;   {other}
  0x00007482305a26e8: 0f1f 8400 | d806 0010 | bef6 ffff | ff49 8be8 

  0x00007482305a26f8: ;   {runtime_call UncommonTrapBlob}
  0x00007482305a26f8: 6666 90e8 

  0x00007482305a26fc: ; ImmutableOopMap {rbp=Oop }
                      ;*getfield customized {reexecute=1 rethrow=0 return_oop=0}
                      ; - (reexecute) java.lang.invoke.Invokers::checkCustomized@12 (line 626)
                      ; - java.lang.invoke.Invokers$Holder::invokeExact_MT@14
                      ; - jdk.internal.reflect.DirectMethodHandleAccessor::invokeImpl@41 (line 153)
                      ; - jdk.internal.reflect.DirectMethodHandleAccessor::invoke@23 (line 103)
  0x00007482305a26fc: 80be 7eff 

  0x00007482305a2700: ;   {other}
  0x00007482305a2700: 0f1f 8400 | f006 0011 | bef6 ffff | ff48 8b2c 

  0x00007482305a2710: ;   {runtime_call UncommonTrapBlob}
  0x00007482305a2710: 2466 90e8 

  0x00007482305a2714: ; ImmutableOopMap {rbp=Oop }
                      ;*getfield customized {reexecute=1 rethrow=0 return_oop=0}
                      ; - (reexecute) java.lang.invoke.Invokers::checkCustomized@12 (line 626)
                      ; - java.lang.invoke.LambdaForm$MH/0x00007481c8004c00::invokeExact_MT@15
                      ; - jdk.internal.reflect.DirectMethodHandleAccessor::invokeImpl@92 (line 156)
                      ; - jdk.internal.reflect.DirectMethodHandleAccessor::invoke@23 (line 103)
  0x00007482305a2714: 68be 7eff 

  0x00007482305a2718: ;   {other}
  0x00007482305a2718: 0f1f 8400 | 0807 0012 | bee4 ffff | ff48 8b2c | 244c 895c | 2410 4489 

  0x00007482305a2730: ;   {runtime_call UncommonTrapBlob}
  0x00007482305a2730: 5424 18e8 

  0x00007482305a2734: ; ImmutableOopMap {rbp=Oop [8]=Oop [16]=Oop [24]=NarrowOop }
                      ;*aaload {reexecute=0 rethrow=0 return_oop=0}
                      ; - jdk.internal.reflect.DirectMethodHandleAccessor::invokeImpl@85 (line 156)
                      ; - jdk.internal.reflect.DirectMethodHandleAccessor::invoke@23 (line 103)
  0x00007482305a2734: 48be 7eff 

  0x00007482305a2738: ;   {other}
  0x00007482305a2738: 0f1f 8400 | 2807 0013 | be45 ffff | ff44 8954 

  0x00007482305a2748: ;   {runtime_call UncommonTrapBlob}
  0x00007482305a2748: 2410 90e8 

  0x00007482305a274c: ; ImmutableOopMap {rbp=NarrowOop [0]=Oop [8]=Oop [16]=NarrowOop }
                      ;*if_acmpeq {reexecute=1 rethrow=0 return_oop=0}
                      ; - (reexecute) java.lang.invoke.Invokers::checkExactType@7 (line 530)
                      ; - java.lang.invoke.Invokers$Holder::invokeExact_MT@10
                      ; - jdk.internal.reflect.DirectMethodHandleAccessor::invokeImpl@41 (line 153)
                      ; - jdk.internal.reflect.DirectMethodHandleAccessor::invoke@23 (line 103)
  0x00007482305a274c: 30be 7eff 

  0x00007482305a2750: ;   {other}
  0x00007482305a2750: 0f1f 8400 | 4007 0014 | be45 ffff | ff44 8954 | 2410 895c | 2414 894c | 2418 4489 

  0x00007482305a276c: ;   {runtime_call UncommonTrapBlob}
  0x00007482305a276c: 4424 20e8 

  0x00007482305a2770: ; ImmutableOopMap {rbp=NarrowOop [0]=Oop [8]=Oop [16]=NarrowOop [20]=NarrowOop [24]=NarrowOop [32]=NarrowOop }
                      ;*if_acmpeq {reexecute=1 rethrow=0 return_oop=0}
                      ; - (reexecute) java.lang.invoke.Invokers::checkExactType@7 (line 530)
                      ; - java.lang.invoke.LambdaForm$MH/0x00007481c8004c00::invokeExact_MT@11
                      ; - jdk.internal.reflect.DirectMethodHandleAccessor::invokeImpl@92 (line 156)
                      ; - jdk.internal.reflect.DirectMethodHandleAccessor::invoke@23 (line 103)
  0x00007482305a2770: 0cbe 7eff 

  0x00007482305a2774: ;   {other}
  0x00007482305a2774: 0f1f 8400 | 6407 0015 | bef6 ffff | ff48 8b2c 

  0x00007482305a2784: ;   {runtime_call UncommonTrapBlob}
  0x00007482305a2784: 2466 90e8 

  0x00007482305a2788: ; ImmutableOopMap {rbp=Oop }
                      ;*aaload {reexecute=0 rethrow=0 return_oop=0}
                      ; - jdk.internal.reflect.DirectMethodHandleAccessor::invokeImpl@54 (line 154)
                      ; - jdk.internal.reflect.DirectMethodHandleAccessor::invoke@23 (line 103)
  0x00007482305a2788: f4bd 7eff 

  0x00007482305a278c: ;   {other}
  0x00007482305a278c: 0f1f 8400 | 7c07 0016 | be5e ffff | ff48 8b2c 

  0x00007482305a279c: ;   {runtime_call UncommonTrapBlob}
  0x00007482305a279c: 2466 90e8 

  0x00007482305a27a0: ; ImmutableOopMap {rbp=Oop }
                      ;*invokevirtual type {reexecute=0 rethrow=0 return_oop=0}
                      ; - java.lang.invoke.Invokers::checkExactType@1 (line 529)
                      ; - java.lang.invoke.Invokers$Holder::invokeExact_MT@10
                      ; - jdk.internal.reflect.DirectMethodHandleAccessor::invokeImpl@55 (line 154)
                      ; - jdk.internal.reflect.DirectMethodHandleAccessor::invoke@23 (line 103)
  0x00007482305a27a0: dcbd 7eff 

  0x00007482305a27a4: ;   {other}
  0x00007482305a27a4: 0f1f 8400 | 9407 0017 | bef6 ffff | ff48 8b2c | 2448 8914 | 2448 894c 

  0x00007482305a27bc: ;   {runtime_call UncommonTrapBlob}
  0x00007482305a27bc: 2408 90e8 

  0x00007482305a27c0: ; ImmutableOopMap {rbp=Oop [0]=Oop [8]=Oop }
                      ;*invokevirtual getClass {reexecute=0 rethrow=0 return_oop=0}
                      ; - jdk.internal.reflect.DirectMethodHandleAccessor::checkReceiver@5 (line 196)
                      ; - jdk.internal.reflect.DirectMethodHandleAccessor::invoke@9 (line 99)
  0x00007482305a27c0: bcbd 7eff 

  0x00007482305a27c4: ;   {other}
  0x00007482305a27c4: 0f1f 8400 | b407 0018 | bef6 ffff | ff4c 895c 

  0x00007482305a27d4: ;   {runtime_call UncommonTrapBlob}
  0x00007482305a27d4: 2410 90e8 

  0x00007482305a27d8: ; ImmutableOopMap {rbp=Oop [0]=Oop [8]=Oop [16]=Oop }
                      ;*invokevirtual isAssignableFrom {reexecute=0 rethrow=0 return_oop=0}
                      ; - jdk.internal.reflect.DirectMethodHandleAccessor::checkReceiver@8 (line 196)
                      ; - jdk.internal.reflect.DirectMethodHandleAccessor::invoke@9 (line 99)
  0x00007482305a27d8: a4bd 7eff 

  0x00007482305a27dc: ;   {other}
  0x00007482305a27dc: 0f1f 8400 | cc07 0019 | bef4 ffff | ff4c 895c | 2410 894c 

  0x00007482305a27f0: ;   {runtime_call UncommonTrapBlob}
  0x00007482305a27f0: 2418 90e8 

  0x00007482305a27f4: ; ImmutableOopMap {rbp=Oop [0]=Oop [8]=Oop [16]=Oop [24]=NarrowOop }
                      ;*invokevirtual isAssignableFrom {reexecute=0 rethrow=0 return_oop=0}
                      ; - jdk.internal.reflect.DirectMethodHandleAccessor::checkReceiver@8 (line 196)
                      ; - jdk.internal.reflect.DirectMethodHandleAccessor::invoke@9 (line 99)
  0x00007482305a27f4: 88bd 7eff 

  0x00007482305a27f8: ;   {other}
  0x00007482305a27f8: 0f1f 8400 | e807 001a | bef6 ffff | ff48 8b2c 

  0x00007482305a2808: ;   {runtime_call UncommonTrapBlob}
  0x00007482305a2808: 2466 90e8 

  0x00007482305a280c: ; ImmutableOopMap {rbp=Oop }
                      ;*aaload {reexecute=0 rethrow=0 return_oop=0}
                      ; - jdk.internal.reflect.DirectMethodHandleAccessor::invokeImpl@68 (line 155)
                      ; - jdk.internal.reflect.DirectMethodHandleAccessor::invoke@23 (line 103)
  0x00007482305a280c: 70bd 7eff 

  0x00007482305a2810: ;   {other}
  0x00007482305a2810: 0f1f 8400 | 0008 001b | bef6 ffff | ff48 8b2c 

  0x00007482305a2820: ;   {runtime_call UncommonTrapBlob}
  0x00007482305a2820: 2466 90e8 

  0x00007482305a2824: ; ImmutableOopMap {rbp=Oop }
                      ;*invokevirtual type {reexecute=0 rethrow=0 return_oop=0}
                      ; - java.lang.invoke.Invokers::checkExactType@1 (line 529)
                      ; - java.lang.invoke.LambdaForm$MH/0x00007481c8205000::invokeExact_MT@11
                      ; - jdk.internal.reflect.DirectMethodHandleAccessor::invokeImpl@72 (line 155)
                      ; - jdk.internal.reflect.DirectMethodHandleAccessor::invoke@23 (line 103)
  0x00007482305a2824: 58bd 7eff 

  0x00007482305a2828: ;   {other}
  0x00007482305a2828: 0f1f 8400 | 1808 001c | eb00 448b | 5008 49bb | 0000 00c7 | 8174 0000 | 4d03 da48 | 8bf0 eb46 
  0x00007482305a2848: eb00 448b | 5008 49bb | 0000 00c7 | 8174 0000 | 4d03 da48 | 8bf0 eb2e | eb00 448b | 4008 49bb 
  0x00007482305a2868: 0000 00c7 | 8174 0000 | 4d03 d848 | 8bf0 eb16 | eb00 448b | 5008 49bb | 0000 00c7 | 8174 0000 
  0x00007482305a2888: 4d03 da48 | 8bf0 4d8b 

  0x00007482305a2890: ;   {metadata('java/lang/ClassCastException')}
  0x00007482305a2890: 5350 49bb | c09c 06c7 | 8174 0000 | 4d3b d375 | 2f48 8bee | 488b 3424 

  0x00007482305a28a8: ;   {optimized virtual_call}
  0x00007482305a28a8: 488b d5e8 

  0x00007482305a28ac: ; ImmutableOopMap {rbp=Oop }
                      ;*invokevirtual isIllegalArgument {reexecute=0 rethrow=0 return_oop=0}
                      ; - jdk.internal.reflect.DirectMethodHandleAccessor::invoke@30 (line 105)
  0x00007482305a28ac: d02e 7eff 

  0x00007482305a28b0: ;   {other}
  0x00007482305a28b0: 0f1f 8400 | a008 001d | 85c0 7528 | be6a 0000 

  0x00007482305a28c0: ;   {runtime_call UncommonTrapBlob}
  0x00007482305a28c0: 0066 90e8 

  0x00007482305a28c4: ; ImmutableOopMap {rbp=Oop }
                      ;*new {reexecute=0 rethrow=0 return_oop=0}
                      ; - jdk.internal.reflect.DirectMethodHandleAccessor::invoke@46 (line 109)
  0x00007482305a28c4: b8bc 7eff 

  0x00007482305a28c8: ;   {other}
  0x00007482305a28c8: 0f1f 8400 | b808 001e | 488b 2c24 

  0x00007482305a28d4: ;   {runtime_call _rethrow_Java}
  0x00007482305a28d4: 6666 90e8 

  0x00007482305a28d8: ; ImmutableOopMap {rbp=Oop [0]=Oop }
                      ;*invokevirtual invokeImpl {reexecute=0 rethrow=0 return_oop=1}
                      ; - jdk.internal.reflect.DirectMethodHandleAccessor::invoke@23 (line 103)
  0x00007482305a28d8: a47b 8cff 

  0x00007482305a28dc: ;   {other}
  0x00007482305a28dc: 0f1f 8400 | cc08 001f | be63 0000 

  0x00007482305a28e8: ;   {runtime_call UncommonTrapBlob}
  0x00007482305a28e8: 0066 90e8 

  0x00007482305a28ec: ; ImmutableOopMap {}
                      ;*new {reexecute=0 rethrow=0 return_oop=0}
                      ; - jdk.internal.reflect.DirectMethodHandleAccessor::invoke@36 (line 107)
  0x00007482305a28ec: 90bc 7eff 

  0x00007482305a28f0: ;   {other}
  0x00007482305a28f0: 0f1f 8400 | e008 0020 | bef6 ffff | ff49 8be8 

  0x00007482305a2900: ;   {runtime_call UncommonTrapBlob}
  0x00007482305a2900: 6666 90e8 

  0x00007482305a2904: ; ImmutableOopMap {rbp=Oop }
                      ;*invokevirtual type {reexecute=0 rethrow=0 return_oop=0}
                      ; - java.lang.invoke.Invokers::checkExactType@1 (line 529)
                      ; - java.lang.invoke.Invokers$Holder::invokeExact_MT@10
                      ; - jdk.internal.reflect.DirectMethodHandleAccessor::invokeImpl@41 (line 153)
                      ; - jdk.internal.reflect.DirectMethodHandleAccessor::invoke@23 (line 103)
  0x00007482305a2904: 78bc 7eff 

  0x00007482305a2908: ;   {other}
  0x00007482305a2908: 0f1f 8400 | f808 0021 | bef6 ffff | ff48 8b2c 

  0x00007482305a2918: ;   {runtime_call UncommonTrapBlob}
  0x00007482305a2918: 2466 90e8 

  0x00007482305a291c: ; ImmutableOopMap {rbp=Oop }
                      ;*aaload {reexecute=0 rethrow=0 return_oop=0}
                      ; - jdk.internal.reflect.DirectMethodHandleAccessor::invokeImpl@85 (line 156)
                      ; - jdk.internal.reflect.DirectMethodHandleAccessor::invoke@23 (line 103)
  0x00007482305a291c: 60bc 7eff 

  0x00007482305a2920: ;   {other}
  0x00007482305a2920: 0f1f 8400 | 1009 0022 | bef6 ffff | ff48 8b2c 

  0x00007482305a2930: ;   {runtime_call UncommonTrapBlob}
  0x00007482305a2930: 2466 90e8 

  0x00007482305a2934: ; ImmutableOopMap {rbp=Oop }
                      ;*invokevirtual type {reexecute=0 rethrow=0 return_oop=0}
                      ; - java.lang.invoke.Invokers::checkExactType@1 (line 529)
                      ; - java.lang.invoke.LambdaForm$MH/0x00007481c8004c00::invokeExact_MT@11
                      ; - jdk.internal.reflect.DirectMethodHandleAccessor::invokeImpl@92 (line 156)
                      ; - jdk.internal.reflect.DirectMethodHandleAccessor::invoke@23 (line 103)
  0x00007482305a2934: 48bc 7eff 

  0x00007482305a2938: ;   {other}
  0x00007482305a2938: 0f1f 8400 | 2809 0023 | 488b e848 | 8b34 2448 

  0x00007482305a2948: ;   {optimized virtual_call}
  0x00007482305a2948: 8bd0 90e8 

  0x00007482305a294c: ; ImmutableOopMap {rbp=Oop }
                      ;*invokevirtual isIllegalArgument {reexecute=0 rethrow=0 return_oop=0}
                      ; - jdk.internal.reflect.DirectMethodHandleAccessor::invoke@58 (line 112)
  0x00007482305a294c: 302e 7eff 

  0x00007482305a2950: ;   {other}
  0x00007482305a2950: 0f1f 8400 | 4009 0024 | 85c0 7514 | be6a 0000 

  0x00007482305a2960: ;   {runtime_call UncommonTrapBlob}
  0x00007482305a2960: 0066 90e8 

  0x00007482305a2964: ; ImmutableOopMap {rbp=Oop }
                      ;*new {reexecute=0 rethrow=0 return_oop=0}
                      ; - jdk.internal.reflect.DirectMethodHandleAccessor::invoke@73 (line 115)
  0x00007482305a2964: 18bc 7eff 

  0x00007482305a2968: ;   {other}
  0x00007482305a2968: 0f1f 8400 | 5809 0025 | be63 0000 

  0x00007482305a2974: ;   {runtime_call UncommonTrapBlob}
  0x00007482305a2974: 0066 90e8 

  0x00007482305a2978: ; ImmutableOopMap {rbp=Oop }
                      ;*new {reexecute=0 rethrow=0 return_oop=0}
                      ; - jdk.internal.reflect.DirectMethodHandleAccessor::invoke@64 (line 113)
  0x00007482305a2978: 04bc 7eff 

  0x00007482305a297c: ;   {other}
  0x00007482305a297c: 0f1f 8400 | 6c09 0026 | beb5 ffff | ff48 8904 

  0x00007482305a298c: ;   {runtime_call UncommonTrapBlob}
  0x00007482305a298c: 2466 90e8 

  0x00007482305a2990: ; ImmutableOopMap {rbp=Oop [0]=Oop }
                      ;*astore_3 {reexecute=0 rethrow=0 return_oop=0}
                      ; - jdk.internal.reflect.DirectMethodHandleAccessor::invoke@27 (line 104)
  0x00007482305a2990: ecbb 7eff 

  0x00007482305a2994: ;   {other}
  0x00007482305a2994: 0f1f 8400 | 8409 0027 | be6a 0000 | 0048 8be8 

  0x00007482305a29a4: ;   {runtime_call UncommonTrapBlob}
  0x00007482305a29a4: 6666 90e8 

  0x00007482305a29a8: ; ImmutableOopMap {rbp=Oop }
                      ;*new {reexecute=0 rethrow=0 return_oop=0}
                      ; - jdk.internal.reflect.DirectMethodHandleAccessor::invoke@83 (line 118)
  0x00007482305a29a8: d4bb 7eff 

  0x00007482305a29ac: ;   {other}
  0x00007482305a29ac: 0f1f 8400 | 9c09 0028 | 488b f0eb | 0848 8bf0 | eb03 488b | f048 83c4 

  0x00007482305a29c4: ;   {runtime_call _rethrow_Java}
  0x00007482305a29c4: 405d e9b5 

  0x00007482305a29c8: ;   {internal_word}
  0x00007482305a29c8: 7a8c ff49 | ba9d 235a | 3082 7400 | 004d 8997 | 6804 0000 

  0x00007482305a29dc: ;   {runtime_call SafepointBlob}
  0x00007482305a29dc: e91f aa7e 

  0x00007482305a29e0: ;   {runtime_call StubRoutines (final stubs)}
  0x00007482305a29e0: ffe8 3aa8 | 7cff e9ef | f8ff fff4 | f4f4 f4f4 
[Stub Code]
  0x00007482305a29f0: ;   {no_reloc}
  0x00007482305a29f0: 48bb 0000 | 0000 0000 

  0x00007482305a29f8: ;   {runtime_call nmethod}
  0x00007482305a29f8: 0000 e9fb 

  0x00007482305a29fc: ;   {static_stub}
  0x00007482305a29fc: ffff ff48 | bb00 0000 | 0000 0000 

  0x00007482305a2a08: ;   {runtime_call nmethod}
  0x00007482305a2a08: 00e9 fbff 

  0x00007482305a2a0c: ;   {static_stub}
  0x00007482305a2a0c: ffff 48bb | 0000 0000 | 0000 0000 

  0x00007482305a2a18: ;   {runtime_call nmethod}
  0x00007482305a2a18: e9fb ffff 

  0x00007482305a2a1c: ;   {static_stub}
  0x00007482305a2a1c: ff48 bb00 | 0000 0000 

  0x00007482305a2a24: ;   {runtime_call nmethod}
  0x00007482305a2a24: 0000 00e9 | fbff ffff 

  0x00007482305a2a2c: ;   {static_stub}
  0x00007482305a2a2c: 48bb 0000 | 0000 0000 

  0x00007482305a2a34: ;   {runtime_call nmethod}
  0x00007482305a2a34: 0000 e9fb 

  0x00007482305a2a38: ;   {static_stub}
  0x00007482305a2a38: ffff ff48 | bb00 0000 | 0000 0000 

  0x00007482305a2a44: ;   {runtime_call nmethod}
  0x00007482305a2a44: 00e9 fbff 

  0x00007482305a2a48: ;   {runtime_call ExceptionBlob}
  0x00007482305a2a48: ffff e9b1 | ac8b ffe8 | 0000 0000 | 4883 2c24 

  0x00007482305a2a58: ;   {runtime_call DeoptimizationBlob}
  0x00007482305a2a58: 05e9 42be | 7eff e800 | 0000 0048 | 832c 2405 

  0x00007482305a2a68: ;   {runtime_call DeoptimizationBlob}
  0x00007482305a2a68: e933 be7e | fff4 f4f4 
[/MachCode]


Compiled method (c1) 9740 5866   !   3       com.sun.javafx.reflect.MethodUtil::invoke (111 bytes)
 total in heap  [0x0000748229407b10,0x000074822940e6f8] = 27624
 relocation     [0x0000748229407c68,0x0000748229408248] = 1504
 main code      [0x0000748229408260,0x000074822940c2e8] = 16520
 stub code      [0x000074822940c2e8,0x000074822940c4d0] = 488
 oops           [0x000074822940c4d0,0x000074822940c550] = 128
 metadata       [0x000074822940c550,0x000074822940c628] = 216
 scopes data    [0x000074822940c628,0x000074822940cdc8] = 1952
 scopes pcs     [0x000074822940cdc8,0x000074822940d648] = 2176
 dependencies   [0x000074822940d648,0x000074822940d658] = 16
 handler table  [0x000074822940d658,0x000074822940e660] = 4104
 nul chk table  [0x000074822940e660,0x000074822940e6f8] = 152

[Constant Pool (empty)]

[MachCode]
[Verified Entry Point]
  # {method} {0x00007481c39d91d0} 'invoke' '(Ljava/lang/reflect/Method;Ljava/lang/Object;[Ljava/lang/Object;)Ljava/lang/Object;' in 'com/sun/javafx/reflect/MethodUtil'
  # parm0:    rsi:rsi   = 'java/lang/reflect/Method'
  # parm1:    rdx:rdx   = 'java/lang/Object'
  # parm2:    rcx:rcx   = '[Ljava/lang/Object;'
  #           [sp+0x290]  (sp of caller)
  0x0000748229408260: 8984 2400 | c0fe ff55 | 4881 ec80 | 0200 0090 | 4181 7f20 | 0300 0000 

  0x0000748229408278: ;   {runtime_call StubRoutines (final stubs)}
  0x0000748229408278: 7405 e8a1 | 4f96 064c | 8bc6 4c8b | ca4c 8bd9 

  0x0000748229408288: ;   {metadata(method data for {method} {0x00007481c39d91d0} 'invoke' '(Ljava/lang/reflect/Method;Ljava/lang/Object;[Ljava/lang/Object;)Ljava/lang/Object;' in 'com/sun/javafx/reflect/MethodUtil')}
  0x0000748229408288: 48bb 48dd | 81c4 8174 | 0000 8b93 | f400 0000 | 83c2 0289 | 93f4 0000 | 0081 e2fe | 0700 0085 
  0x00007482294082a8: d20f 843a | 3800 00bb | 0300 0000 

  0x00007482294082b4: ;   {metadata('java/lang/Object'[])}
  0x00007482294082b4: 48ba 7012 | 00c7 8174 | 0000 4863 | db48 8bfb | 4881 fbff | ffff 000f | 8739 3800 | 0048 c7c6 
  0x00007482294082d4: 1700 0000 | 488d 349e | 4883 e6f8 | 498b 87b8 | 0100 0048 | 8d34 3049 | 3bb7 c801 | 0000 0f87 
  0x00007482294082f4: 1238 0000 | 4989 b7b8 | 0100 0048 | 2bf0 48c7 | 0001 0000 | 0048 8bca | 49ba 0000 | 00c7 8174 
  0x0000748229408314: 0000 492b | ca89 4808 | 8958 0c48 | 83ee 1048 | 85f6 0f84 | 1100 0000 | 4833 db48 | c1ee 0348 
  0x0000748229408334: 895c f008 | 48ff ce75 | f648 8984 | 2498 0100 | 004d 85c0 

  0x0000748229408348: ;   {metadata(method data for {method} {0x00007481c39d91d0} 'invoke' '(Ljava/lang/reflect/Method;Ljava/lang/Object;[Ljava/lang/Object;)Ljava/lang/Object;' in 'com/sun/javafx/reflect/MethodUtil')}
  0x0000748229408348: 7516 48bf | 48dd 81c4 | 8174 0000 | 808f 3101 | 0000 01e9 | fa00 0000 

  0x0000748229408360: ; implicit exception: dispatches to 0x000074822940bb14
  0x0000748229408360: 8b70 0849 | ba00 0000 | c781 7400 | 0049 03f2 | 418b 7808 | 49ba 0000 | 00c7 8174 | 0000 4903 
  0x0000748229408380: fa48 8bb6 | e000 0000 | 483b fe0f | 8427 0000 | 008b 5e14 | 483b 341f | 0f84 1a00 | 0000 83fb 
  0x00007482294083a0: 200f 859c | 0000 0057 

  0x00007482294083a8: ;   {runtime_call slow_subtype_check Runtime1 stub}
  0x00007482294083a8: 56e8 52fb | a406 5f5e | 85f6 0f84 | 8b00 0000 

  0x00007482294083b8: ;   {metadata(method data for {method} {0x00007481c39d91d0} 'invoke' '(Ljava/lang/reflect/Method;Ljava/lang/Object;[Ljava/lang/Object;)Ljava/lang/Object;' in 'com/sun/javafx/reflect/MethodUtil')}
  0x00007482294083b8: 48bf 48dd | 81c4 8174 | 0000 418b | 7008 49ba | 0000 00c7 | 8174 0000 | 4903 f248 | 3bb7 4801 
  0x00007482294083d8: 0000 750d | 4883 8750 | 0100 0001 | e971 0000 | 0048 3bb7 | 5801 0000 | 750d 4883 | 8760 0100 
  0x00007482294083f8: 0001 e95b | 0000 0048 | 83bf 4801 | 0000 0075 | 1748 89b7 | 4801 0000 | 48c7 8750 | 0100 0001 
  0x0000748229408418: 0000 00e9 | 3a00 0000 | 4883 bf58 | 0100 0000 | 7517 4889 | b758 0100 | 0048 c787 | 6001 0000 
  0x0000748229408438: 0100 0000 | e919 0000 

  0x0000748229408440: ;   {metadata(method data for {method} {0x00007481c39d91d0} 'invoke' '(Ljava/lang/reflect/Method;Ljava/lang/Object;[Ljava/lang/Object;)Ljava/lang/Object;' in 'com/sun/javafx/reflect/MethodUtil')}
  0x0000748229408440: 00eb 1748 | bf48 dd81 | c481 7400 | 0048 83af | 3801 0000 | 01e9 bf36 | 0000 488d | 7010 410f 
  0x0000748229408460: be7f 4085 | ff0f 85b7 | 3600 004d | 8bd0 49c1 | ea03 4489 | 1648 8bfe | 4933 f848 | c1ef 1548 
  0x0000748229408480: 83ff 000f | 85b7 3600 | 004d 85c9 

  0x000074822940848c: ;   {metadata(method data for {method} {0x00007481c39d91d0} 'invoke' '(Ljava/lang/reflect/Method;Ljava/lang/Object;[Ljava/lang/Object;)Ljava/lang/Object;' in 'com/sun/javafx/reflect/MethodUtil')}
  0x000074822940848c: 7516 48bf | 48dd 81c4 | 8174 0000 | 808f 6901 | 0000 01e9 | fa00 0000 

  0x00007482294084a4: ; implicit exception: dispatches to 0x000074822940bb58
  0x00007482294084a4: 8b70 0849 | ba00 0000 | c781 7400 | 0049 03f2 | 418b 7908 | 49ba 0000 | 00c7 8174 | 0000 4903 
  0x00007482294084c4: fa48 8bb6 | e000 0000 | 483b fe0f | 8427 0000 | 008b 5e14 | 483b 341f | 0f84 1a00 | 0000 83fb 
  0x00007482294084e4: 200f 859c | 0000 0057 

  0x00007482294084ec: ;   {runtime_call slow_subtype_check Runtime1 stub}
  0x00007482294084ec: 56e8 0efa | a406 5f5e | 85f6 0f84 | 8b00 0000 

  0x00007482294084fc: ;   {metadata(method data for {method} {0x00007481c39d91d0} 'invoke' '(Ljava/lang/reflect/Method;Ljava/lang/Object;[Ljava/lang/Object;)Ljava/lang/Object;' in 'com/sun/javafx/reflect/MethodUtil')}
  0x00007482294084fc: 48bf 48dd | 81c4 8174 | 0000 418b | 7108 49ba | 0000 00c7 | 8174 0000 | 4903 f248 | 3bb7 8001 
  0x000074822940851c: 0000 750d | 4883 8788 | 0100 0001 | e971 0000 | 0048 3bb7 | 9001 0000 | 750d 4883 | 8798 0100 
  0x000074822940853c: 0001 e95b | 0000 0048 | 83bf 8001 | 0000 0075 | 1748 89b7 | 8001 0000 | 48c7 8788 | 0100 0001 
  0x000074822940855c: 0000 00e9 | 3a00 0000 | 4883 bf90 | 0100 0000 | 7517 4889 | b790 0100 | 0048 c787 | 9801 0000 
  0x000074822940857c: 0100 0000 | e919 0000 

  0x0000748229408584: ;   {metadata(method data for {method} {0x00007481c39d91d0} 'invoke' '(Ljava/lang/reflect/Method;Ljava/lang/Object;[Ljava/lang/Object;)Ljava/lang/Object;' in 'com/sun/javafx/reflect/MethodUtil')}
  0x0000748229408584: 00eb 1748 | bf48 dd81 | c481 7400 | 0048 83af | 7001 0000 | 01e9 bf35 | 0000 488d | 7014 410f 
  0x00007482294085a4: be7f 4085 | ff0f 85b7 | 3500 004d | 8bd1 49c1 | ea03 4489 | 1648 8bfe | 4933 f948 | c1ef 1548 
  0x00007482294085c4: 83ff 000f | 85b7 3500 | 004d 85db 

  0x00007482294085d0: ;   {metadata(method data for {method} {0x00007481c39d91d0} 'invoke' '(Ljava/lang/reflect/Method;Ljava/lang/Object;[Ljava/lang/Object;)Ljava/lang/Object;' in 'com/sun/javafx/reflect/MethodUtil')}
  0x00007482294085d0: 7516 48bf | 48dd 81c4 | 8174 0000 | 808f a101 | 0000 01e9 | fa00 0000 

  0x00007482294085e8: ; implicit exception: dispatches to 0x000074822940bb9c
  0x00007482294085e8: 8b70 0849 | ba00 0000 | c781 7400 | 0049 03f2 | 418b 7b08 | 49ba 0000 | 00c7 8174 | 0000 4903 
  0x0000748229408608: fa48 8bb6 | e000 0000 | 483b fe0f | 8427 0000 | 008b 5e14 | 483b 341f | 0f84 1a00 | 0000 83fb 
  0x0000748229408628: 200f 859c | 0000 0057 

  0x0000748229408630: ;   {runtime_call slow_subtype_check Runtime1 stub}
  0x0000748229408630: 56e8 caf8 | a406 5f5e | 85f6 0f84 | 8b00 0000 

  0x0000748229408640: ;   {metadata(method data for {method} {0x00007481c39d91d0} 'invoke' '(Ljava/lang/reflect/Method;Ljava/lang/Object;[Ljava/lang/Object;)Ljava/lang/Object;' in 'com/sun/javafx/reflect/MethodUtil')}
  0x0000748229408640: 48bf 48dd | 81c4 8174 | 0000 418b | 7308 49ba | 0000 00c7 | 8174 0000 | 4903 f248 | 3bb7 b801 
  0x0000748229408660: 0000 750d | 4883 87c0 | 0100 0001 | e971 0000 | 0048 3bb7 | c801 0000 | 750d 4883 | 87d0 0100 
  0x0000748229408680: 0001 e95b | 0000 0048 | 83bf b801 | 0000 0075 | 1748 89b7 | b801 0000 | 48c7 87c0 | 0100 0001 
  0x00007482294086a0: 0000 00e9 | 3a00 0000 | 4883 bfc8 | 0100 0000 | 7517 4889 | b7c8 0100 | 0048 c787 | d001 0000 
  0x00007482294086c0: 0100 0000 | e919 0000 

  0x00007482294086c8: ;   {metadata(method data for {method} {0x00007481c39d91d0} 'invoke' '(Ljava/lang/reflect/Method;Ljava/lang/Object;[Ljava/lang/Object;)Ljava/lang/Object;' in 'com/sun/javafx/reflect/MethodUtil')}
  0x00007482294086c8: 00eb 1748 | bf48 dd81 | c481 7400 | 0048 83af | a801 0000 | 01e9 bf34 | 0000 488d | 7018 410f 
  0x00007482294086e8: be7f 4085 | ff0f 85b7 | 3400 004d | 8bd3 49c1 | ea03 4489 | 1648 8bfe | 4933 fb48 | c1ef 1548 
  0x0000748229408708: 83ff 000f | 85b7 3400 

  0x0000748229408710: ;   {oop(a 'java/lang/reflect/Method'{0x000000071085e230})}
  0x0000748229408710: 0048 bf30 | e285 1007 | 0000 0048 

  0x000074822940871c: ;   {metadata(method data for {method} {0x00007481c39d91d0} 'invoke' '(Ljava/lang/reflect/Method;Ljava/lang/Object;[Ljava/lang/Object;)Ljava/lang/Object;' in 'com/sun/javafx/reflect/MethodUtil')}
  0x000074822940871c: 8bf7 48bb | 48dd 81c4 | 8174 0000 | 4883 83e0 | 0100 0001 

  0x0000748229408730: ;   {metadata(method data for {method} {0x00007481c7045680} 'invoke' '(Ljava/lang/Object;[Ljava/lang/Object;)Ljava/lang/Object;' in 'java/lang/reflect/Method')}
  0x0000748229408730: 48be 108b | b9c3 8174 | 0000 8b9e | f400 0000 | 83c3 0289 | 9ef4 0000 | 0081 e3fe | ff1f 0085 
  0x0000748229408750: db0f 8489 | 3400 0048 

  0x0000748229408758: ;   {metadata(method data for {method} {0x00007481c7045680} 'invoke' '(Ljava/lang/Object;[Ljava/lang/Object;)Ljava/lang/Object;' in 'java/lang/reflect/Method')}
  0x0000748229408758: 8bf7 48bb | 108b b9c3 | 8174 0000 | 4883 8338 | 0100 0001 | 488b f748 | 89bc 2490 

  0x0000748229408774: ;   {optimized virtual_call}
  0x0000748229408774: 0100 00e8 

  0x0000748229408778: ; ImmutableOopMap {[400]=Oop [408]=Oop }
                      ;*invokevirtual isCallerSensitive {reexecute=0 rethrow=0 return_oop=0}
                      ; - java.lang.reflect.Method::invoke@1 (line 561)
                      ; - com.sun.javafx.reflect.MethodUtil::invoke@20 (line 270)
  0x0000748229408778: e444 1907 

  0x000074822940877c: ;   {other}
  0x000074822940877c: 0f1f 8400 | 6c0c 0000 | 488b bc24 | 9001 0000 | 0fbe 770c 

  0x0000748229408790: ;   {metadata(method data for {method} {0x00007481c7045680} 'invoke' '(Ljava/lang/Object;[Ljava/lang/Object;)Ljava/lang/Object;' in 'java/lang/reflect/Method')}
  0x0000748229408790: 85f6 48be | 108b b9c3 | 8174 0000 | 48c7 c770 | 0100 0074 | 0748 c7c7 | 8001 0000 | 488b 1c3e 
  0x00007482294087b0: 488d 5b01 | 4889 1c3e | 0f84 4400 | 0000 85c0 

  0x00007482294087c0: ;   {metadata(method data for {method} {0x00007481c7045680} 'invoke' '(Ljava/lang/Object;[Ljava/lang/Object;)Ljava/lang/Object;' in 'java/lang/reflect/Method')}
  0x00007482294087c0: 48be 108b | b9c3 8174 | 0000 48c7 | c7a0 0100 | 0075 0748 | c7c7 9001 | 0000 488b | 1c3e 488d 
  0x00007482294087e0: 5b01 4889 | 1c3e 0f85 | 1600 0000 

  0x00007482294087ec: ;   {oop(nullptr)}
  0x00007482294087ec: 48bf 0000 | 0000 0000 | 0000 8984 | 24a0 0100 | 00e9 2d00 | 0000 8984 | 24a0 0100 

  0x0000748229408808: ;   {metadata(method data for {method} {0x00007481c7045680} 'invoke' '(Ljava/lang/Object;[Ljava/lang/Object;)Ljava/lang/Object;' in 'java/lang/reflect/Method')}
  0x0000748229408808: 0048 be10 | 8bb9 c381 | 7400 0048 | 8386 b001 | 0000 010f 

  0x000074822940881c: ;   {static_call}
  0x000074822940881c: 1f40 00e8 

  0x0000748229408820: ; ImmutableOopMap {[408]=Oop }
                      ;*invokestatic getCallerClass {reexecute=0 rethrow=0 return_oop=0}
                      ; - java.lang.reflect.Method::invoke@19 (line 564)
                      ; - com.sun.javafx.reflect.MethodUtil::invoke@20 (line 270)
  0x0000748229408820: 5cd9 9706 

  0x0000748229408824: ;   {other}
  0x0000748229408824: 0f1f 8400 | 140d 0001 

  0x000074822940882c: ;   {oop(a 'java/lang/reflect/Method'{0x000000071085e230})}
  0x000074822940882c: 488b f848 | ba30 e285 | 1007 0000 | 000f be52 

  0x000074822940883c: ;   {metadata(method data for {method} {0x00007481c7045680} 'invoke' '(Ljava/lang/Object;[Ljava/lang/Object;)Ljava/lang/Object;' in 'java/lang/reflect/Method')}
  0x000074822940883c: 0c85 d248 | ba10 8bb9 | c381 7400 | 0048 c7c1 | d001 0000 | 7407 48c7 | c1c0 0100 | 004c 8b04 
  0x000074822940885c: 0a4d 8d40 | 014c 8904 | 0a0f 840d | 0000 0048 | 89bc 24a8 | 0100 00e9 | cc00 0000 

  0x0000748229408878: ;   {metadata(method data for {method} {0x00007481c7045680} 'invoke' '(Ljava/lang/Object;[Ljava/lang/Object;)Ljava/lang/Object;' in 'java/lang/reflect/Method')}
  0x0000748229408878: 48ba 108b | b9c3 8174 | 0000 4883 | 82e0 0100 

  0x0000748229408888: ;   {metadata(method data for {method} {0x00007481c70eb830} 'isStatic' '(I)Z' in 'java/lang/reflect/Modifier')}
  0x0000748229408888: 0001 48ba | c8c8 09c3 | 8174 0000 | 8b8a f400 | 0000 83c1 | 0289 8af4 | 0000 0081 | e1fe ff1f 
  0x00007482294088a8: 0085 c90f | 8450 3300 

  0x00007482294088b0: ;   {metadata(method data for {method} {0x00007481c70eb830} 'isStatic' '(I)Z' in 'java/lang/reflect/Modifier')}
  0x00007482294088b0: 0048 bac8 | c809 c381 | 7400 00ff | 8248 0100 

  0x00007482294088c0: ;   {metadata(method data for {method} {0x00007481c70eb830} 'isStatic' '(I)Z' in 'java/lang/reflect/Modifier')}
  0x00007482294088c0: 0048 bac8 | c809 c381 | 7400 00ff | 8258 0100 

  0x00007482294088d0: ;   {metadata(method data for {method} {0x00007481c7045680} 'invoke' '(Ljava/lang/Object;[Ljava/lang/Object;)Ljava/lang/Object;' in 'java/lang/reflect/Method')}
  0x00007482294088d0: 0048 ba10 | 8bb9 c381 | 7400 00ff | 8200 0200 

  0x00007482294088e0: ;   {metadata(method data for {method} {0x00007481c7045680} 'invoke' '(Ljava/lang/Object;[Ljava/lang/Object;)Ljava/lang/Object;' in 'java/lang/reflect/Method')}
  0x00007482294088e0: 0048 ba10 | 8bb9 c381 | 7400 00ff | 8210 0200 

  0x00007482294088f0: ;   {oop(a 'java/lang/reflect/Method'{0x000000071085e230})}
  0x00007482294088f0: 0048 be30 | e285 1007 | 0000 0048 

  0x00007482294088fc: ;   {metadata(method data for {method} {0x00007481c7045680} 'invoke' '(Ljava/lang/Object;[Ljava/lang/Object;)Ljava/lang/Object;' in 'java/lang/reflect/Method')}
  0x00007482294088fc: 8bd6 48b9 | 108b b9c3 | 8174 0000 | 4883 8160 | 0200 0001 

  0x0000748229408910: ;   {oop(a 'java/lang/Class'{0x000000070fec2960} = 'com/sun/javafx/reflect/Trampoline')}
  0x0000748229408910: 48b9 6029 | ec0f 0700 | 0000 488b 

  0x000074822940891c: ;   {oop(nullptr)}
  0x000074822940891c: d749 b800 | 0000 0000 | 0000 0041 | b90a 0000 | 0048 89bc | 24a8 0100 

  0x0000748229408934: ;   {optimized virtual_call}
  0x0000748229408934: 0066 90e8 

  0x0000748229408938: ; ImmutableOopMap {[408]=Oop [424]=Oop }
                      ;*invokevirtual checkAccess {reexecute=0 rethrow=0 return_oop=0}
                      ; - java.lang.reflect.Method::invoke@60 (line 571)
                      ; - com.sun.javafx.reflect.MethodUtil::invoke@20 (line 270)
  0x0000748229408938: 44ce 9706 

  0x000074822940893c: ;   {other}
  0x000074822940893c: 0f1f 8400 | 2c0e 0002 

  0x0000748229408944: ;   {metadata(method data for {method} {0x00007481c7045680} 'invoke' '(Ljava/lang/Object;[Ljava/lang/Object;)Ljava/lang/Object;' in 'java/lang/reflect/Method')}
  0x0000748229408944: 48be 108b | b9c3 8174 | 0000 ff86 | 9802 0000 | 8b84 24a0 | 0100 0085 

  0x000074822940895c: ;   {metadata(method data for {method} {0x00007481c7045680} 'invoke' '(Ljava/lang/Object;[Ljava/lang/Object;)Ljava/lang/Object;' in 'java/lang/reflect/Method')}
  0x000074822940895c: c048 be10 | 8bb9 c381 | 7400 0048 | c7c2 f002 | 0000 7407 | 48c7 c200 | 0300 0048 | 8b3c 1648 
  0x000074822940897c: 8d7f 0148 | 893c 160f | 84a0 0400 

  0x0000748229408988: ;   {oop(a 'jdk/internal/reflect/DirectMethodHandleAccessor'{0x000000070fec3138})}
  0x0000748229408988: 0048 be38 | 31ec 0f07 | 0000 0048 

  0x0000748229408994: ;   {metadata(method data for {method} {0x00007481c7045680} 'invoke' '(Ljava/lang/Object;[Ljava/lang/Object;)Ljava/lang/Object;' in 'java/lang/reflect/Method')}
  0x0000748229408994: 8bd6 48bf | 108b b9c3 | 8174 0000 

  0x00007482294089a0: ;   {metadata('jdk/internal/reflect/DirectMethodHandleAccessor')}
  0x00007482294089a0: 49ba d01c | 1ac7 8174 | 0000 4c89 | 9720 0300 | 0048 8387 | 2803 0000 

  0x00007482294089b8: ;   {metadata(method data for {method} {0x00007481c71a1f68} 'invoke' '(Ljava/lang/Object;[Ljava/lang/Object;Ljava/lang/Class;)Ljava/lang/Object;' in 'jdk/internal/reflect/DirectMethodHandleAccessor')}
  0x00007482294089b8: 0148 ba58 | c4ba c381 | 7400 008b | baf4 0000 | 0083 c702 | 89ba f400 | 0000 81e7 | feff 1f00 
  0x00007482294089d8: 85ff 0f84 | 4232 0000 

  0x00007482294089e0: ;   {metadata(method data for {method} {0x00007481c71a1f68} 'invoke' '(Ljava/lang/Object;[Ljava/lang/Object;Ljava/lang/Class;)Ljava/lang/Object;' in 'jdk/internal/reflect/DirectMethodHandleAccessor')}
  0x00007482294089e0: 48ba 58c4 | bac3 8174 | 0000 4883 | 8238 0100 

  0x00007482294089f0: ;   {metadata(method data for {method} {0x00007481c73c8438} 'isStatic' '()Z' in 'jdk/internal/reflect/DirectMethodHandleAccessor')}
  0x00007482294089f0: 0001 48be | 5095 b9c3 | 8174 0000 | 8b96 f400 | 0000 83c2 | 0289 96f4 | 0000 0081 | e2fe ff1f 
  0x0000748229408a10: 0085 d20f | 842a 3200 

  0x0000748229408a18: ;   {metadata(method data for {method} {0x00007481c73c8438} 'isStatic' '()Z' in 'jdk/internal/reflect/DirectMethodHandleAccessor')}
  0x0000748229408a18: 0048 be50 | 95b9 c381 | 7400 00ff | 8648 0100 

  0x0000748229408a28: ;   {metadata(method data for {method} {0x00007481c73c8438} 'isStatic' '()Z' in 'jdk/internal/reflect/DirectMethodHandleAccessor')}
  0x0000748229408a28: 0048 be50 | 95b9 c381 | 7400 00ff | 8658 0100 

  0x0000748229408a38: ;   {metadata(method data for {method} {0x00007481c71a1f68} 'invoke' '(Ljava/lang/Object;[Ljava/lang/Object;Ljava/lang/Class;)Ljava/lang/Object;' in 'jdk/internal/reflect/DirectMethodHandleAccessor')}
  0x0000748229408a38: 0048 be58 | c4ba c381 | 7400 00ff | 8670 0100 

  0x0000748229408a48: ;   {metadata(method data for {method} {0x00007481c71a1f68} 'invoke' '(Ljava/lang/Object;[Ljava/lang/Object;Ljava/lang/Class;)Ljava/lang/Object;' in 'jdk/internal/reflect/DirectMethodHandleAccessor')}
  0x0000748229408a48: 0048 be58 | c4ba c381 | 7400 0048 | 8386 c801 | 0000 01be | 0300 0000 | 488b 9424 | 9801 0000 
  0x0000748229408a68: 0f1f 8000 

  0x0000748229408a6c: ;   {static_call}
  0x0000748229408a6c: 0000 00e8 

  0x0000748229408a70: ; ImmutableOopMap {[408]=Oop [424]=Oop }
                      ;*invokestatic checkArgumentCount {reexecute=0 rethrow=0 return_oop=0}
                      ; - jdk.internal.reflect.DirectMethodHandleAccessor::invoke@17 (line 128)
                      ; - java.lang.reflect.Method::invoke@90 (line 580)
                      ; - com.sun.javafx.reflect.MethodUtil::invoke@20 (line 270)
  0x0000748229408a70: 0cd7 9706 

  0x0000748229408a74: ;   {other}
  0x0000748229408a74: 0f1f 8400 | 640f 0003 

  0x0000748229408a7c: ;   {oop(a 'jdk/internal/reflect/DirectMethodHandleAccessor'{0x000000070fec3138})}
  0x0000748229408a7c: 48be 3831 | ec0f 0700 | 0000 488b 

  0x0000748229408a88: ;   {metadata(method data for {method} {0x00007481c71a1f68} 'invoke' '(Ljava/lang/Object;[Ljava/lang/Object;Ljava/lang/Class;)Ljava/lang/Object;' in 'jdk/internal/reflect/DirectMethodHandleAccessor')}
  0x0000748229408a88: fe48 bb58 | c4ba c381 | 7400 0048 | 8383 d801 

  0x0000748229408a98: ;   {metadata(method data for {method} {0x00007481c73c8330} 'invokeImpl' '(Ljava/lang/Object;[Ljava/lang/Object;Ljava/lang/Class;)Ljava/lang/Object;' in 'jdk/internal/reflect/DirectMethodHandleAccessor')}
  0x0000748229408a98: 0000 0148 | bfc0 c7ba | c381 7400 | 008b 9ff4 | 0000 0083 | c302 899f | f400 0000 | 81e3 feff 
  0x0000748229408ab8: 1f00 85db | 0f84 a231 

  0x0000748229408ac0: ;   {metadata(method data for {method} {0x00007481c73c8330} 'invokeImpl' '(Ljava/lang/Object;[Ljava/lang/Object;Ljava/lang/Class;)Ljava/lang/Object;' in 'jdk/internal/reflect/DirectMethodHandleAccessor')}
  0x0000748229408ac0: 0000 48bf | c0c7 bac3 | 8174 0000 | 4883 8738 | 0100 0001 

  0x0000748229408ad4: ;   {metadata(method data for {method} {0x00007481c73c8120} 'hasCallerParameter' '()Z' in 'jdk/internal/reflect/DirectMethodHandleAccessor')}
  0x0000748229408ad4: 48be 18cd | bac3 8174 | 0000 8bbe | f400 0000 | 83c7 0289 | bef4 0000 | 0081 e7fe | ff1f 0085 
  0x0000748229408af4: ff0f 848a 

  0x0000748229408af8: ;   {metadata(method data for {method} {0x00007481c73c8120} 'hasCallerParameter' '()Z' in 'jdk/internal/reflect/DirectMethodHandleAccessor')}
  0x0000748229408af8: 3100 0048 | be18 cdba | c381 7400 | 00ff 8638 

  0x0000748229408b08: ;   {metadata(method data for {method} {0x00007481c73c8330} 'invokeImpl' '(Ljava/lang/Object;[Ljava/lang/Object;Ljava/lang/Class;)Ljava/lang/Object;' in 'jdk/internal/reflect/DirectMethodHandleAccessor')}
  0x0000748229408b08: 0100 0048 | bec0 c7ba | c381 7400 | 00ff 8670 | 0100 0048 | 8bbc 24a8 

  0x0000748229408b20: ;   {oop(a 'java/lang/invoke/MethodHandleImpl$1'{0x00000007ffda1e60})}
  0x0000748229408b20: 0100 0048 | be60 1eda | ff07 0000 

  0x0000748229408b2c: ;   {metadata(method data for {method} {0x00007481c73c8330} 'invokeImpl' '(Ljava/lang/Object;[Ljava/lang/Object;Ljava/lang/Class;)Ljava/lang/Object;' in 'jdk/internal/reflect/DirectMethodHandleAccessor')}
  0x0000748229408b2c: 0048 bbc0 | c7ba c381 

  0x0000748229408b34: ;   {metadata('java/lang/invoke/MethodHandleImpl$1')}
  0x0000748229408b34: 7400 0049 | bad0 4309 | c781 7400 | 004c 8993 | 6804 0000 | 4883 8370 | 0400 0001 

  0x0000748229408b50: ;   {metadata(method data for {method} {0x00007481c7094fc8} 'reflectiveInvoker' '(Ljava/lang/Class;)Ljava/lang/invoke/MethodHandle;' in 'java/lang/invoke/MethodHandleImpl$1')}
  0x0000748229408b50: 48be b0ce | bac3 8174 | 0000 8b9e | f400 0000 | 83c3 0289 | 9ef4 0000 | 0081 e3fe | ff1f 0085 
  0x0000748229408b70: db0f 842f 

  0x0000748229408b74: ;   {metadata(method data for {method} {0x00007481c7094fc8} 'reflectiveInvoker' '(Ljava/lang/Class;)Ljava/lang/invoke/MethodHandle;' in 'java/lang/invoke/MethodHandleImpl$1')}
  0x0000748229408b74: 3100 0048 | beb0 ceba | c381 7400 | 0048 8386 | 3801 0000 

  0x0000748229408b88: ;   {metadata(method data for {method} {0x00007481c7056360} 'requireNonNull' '(Ljava/lang/Object;)Ljava/lang/Object;' in 'java/util/Objects')}
  0x0000748229408b88: 0148 bec8 | 1701 c381 | 7400 008b | 9ef4 0000 | 0083 c302 | 899e f400 | 0000 81e3 | feff 1f00 
  0x0000748229408ba8: 85db 0f84 | 1731 0000 

  0x0000748229408bb0: ;   {metadata(method data for {method} {0x00007481c7056360} 'requireNonNull' '(Ljava/lang/Object;)Ljava/lang/Object;' in 'java/util/Objects')}
  0x0000748229408bb0: 4885 ff48 | bec8 1701 | c381 7400 | 0048 c7c3 | 4801 0000 | 7407 48c7 | c338 0100 | 0048 8b04 
  0x0000748229408bd0: 1e48 8d40 | 0148 8904 | 1e0f 84f5 | 1d00 0048 | 8bf7 0f1f 

  0x0000748229408be4: ;   {static_call}
  0x0000748229408be4: 4400 00e8 

  0x0000748229408be8: ; ImmutableOopMap {[408]=Oop }
                      ;*invokestatic reflectiveInvoker {reexecute=0 rethrow=0 return_oop=0}
                      ; - java.lang.invoke.MethodHandleImpl$1::reflectiveInvoker@6 (line 1656)
                      ; - jdk.internal.reflect.DirectMethodHandleAccessor::invokeImpl@121 (line 176)
                      ; - jdk.internal.reflect.DirectMethodHandleAccessor::invoke@24 (line 130)
                      ; - java.lang.reflect.Method::invoke@90 (line 580)
                      ; - com.sun.javafx.reflect.MethodUtil::invoke@20 (line 270)
  0x0000748229408be8: 94d5 9706 

  0x0000748229408bec: ;   {other}
  0x0000748229408bec: 0f1f 8400 | dc10 0004 | 0f1f 4000 

  0x0000748229408bf8: ;   {no_reloc}
  0x0000748229408bf8: e9fa 3000 | 0090 9090 | 9090 483b 

  0x0000748229408c04: ;   {metadata(method data for {method} {0x00007481c73c8330} 'invokeImpl' '(Ljava/lang/Object;[Ljava/lang/Object;Ljava/lang/Class;)Ljava/lang/Object;' in 'jdk/internal/reflect/DirectMethodHandleAccessor')}
  0x0000748229408c04: 0048 bac0 | c7ba c381 | 7400 0048 | 8d92 c804 

  0x0000748229408c14: ;   {oop(a 'java/lang/invoke/BoundMethodHandle$Species_LLL'{0x000000070fec27d8})}
  0x0000748229408c14: 0000 48b9 | d827 ec0f | 0700 0000 | 4885 c975 | 0ef6 4208 | 0175 4df0 | 4883 4a08 

  0x0000748229408c30: ;   {metadata('java/lang/invoke/BoundMethodHandle$Species_LLL')}
  0x0000748229408c30: 01eb 4549 | b828 5723 | c781 7400 | 004d 8bd0 | 4c33 4208 | 49f7 c0fc | ffff ff74 | 2b41 f6c0 
  0x0000748229408c50: 0275 2548 | f742 08fe | ffff ff74 | 174d 8bc2 | 4c33 4208 | 49f7 c0fc | ffff ff74 | 0b48 834a 
  0x0000748229408c70: 0802 eb04 | 4c89 4208 

  0x0000748229408c78: ;   {oop(nullptr)}
  0x0000748229408c78: 49b8 0000 | 0000 0000 | 0000 4d85 | c075 0ef6 | 4218 0175 | 54f0 4883 | 4a18 01eb | 4c45 8b40 
  0x0000748229408c98: 0849 ba00 | 0000 c781 | 7400 004d | 03c2 4d8b | d04c 3342 | 1849 f7c0 | fcff ffff | 742b 41f6 
  0x0000748229408cb8: c002 7525 | 48f7 4218 | feff ffff | 7417 4d8b | c24c 3342 | 1849 f7c0 | fcff ffff | 740b 4883 
  0x0000748229408cd8: 4a18 02eb | 044c 8942 | 1848 8bd0 

  0x0000748229408ce4: ;   {metadata(method data for {method} {0x00007481c73c8330} 'invokeImpl' '(Ljava/lang/Object;[Ljava/lang/Object;Ljava/lang/Class;)Ljava/lang/Object;' in 'jdk/internal/reflect/DirectMethodHandleAccessor')}
  0x0000748229408ce4: 49b8 c0c7 | bac3 8174 | 0000 8b52 | 0849 ba00 | 0000 c781 | 7400 0049 | 03d2 493b | 90a0 0400 
  0x0000748229408d04: 0075 0d49 | 8380 a804 | 0000 01e9 | 6000 0000 | 493b 90b0 | 0400 0075 | 0d49 8380 | b804 0000 
  0x0000748229408d24: 01e9 4a00 | 0000 4983 | b8a0 0400 | 0000 7517 | 4989 90a0 | 0400 0049 | c780 a804 | 0000 0100 
  0x0000748229408d44: 0000 e929 | 0000 0049 | 83b8 b004 | 0000 0075 | 1749 8990 | b004 0000 | 49c7 80b8 | 0400 0001 
  0x0000748229408d64: 0000 00e9 | 0800 0000 | 4983 8090 | 0400 0001 

  0x0000748229408d74: ;   {oop(nullptr)}
  0x0000748229408d74: 488b d148 | b900 0000 | 0000 0000 | 004c 8b84 | 2498 0100 | 0048 8bf0 

  0x0000748229408d8c: ;   {optimized virtual_call}
  0x0000748229408d8c: 6666 90e8 

  0x0000748229408d90: ; ImmutableOopMap {}
                      ;*invokevirtual invokeExact {reexecute=0 rethrow=0 return_oop=0}
                      ; - jdk.internal.reflect.DirectMethodHandleAccessor::invokeImpl@136 (line 178)
                      ; - jdk.internal.reflect.DirectMethodHandleAccessor::invoke@24 (line 130)
                      ; - java.lang.reflect.Method::invoke@90 (line 580)
                      ; - com.sun.javafx.reflect.MethodUtil::invoke@20 (line 270)
  0x0000748229408d90: ecc9 9706 

  0x0000748229408d94: ;   {other}
  0x0000748229408d94: 0f1f 8400 | 8412 0005 

  0x0000748229408d9c: ;   {metadata(method data for {method} {0x00007481c73c8330} 'invokeImpl' '(Ljava/lang/Object;[Ljava/lang/Object;Ljava/lang/Class;)Ljava/lang/Object;' in 'jdk/internal/reflect/DirectMethodHandleAccessor')}
  0x0000748229408d9c: 48be c0c7 | bac3 8174 | 0000 488d | b6e8 0400 | 0048 85c0 | 750c f606 | 0175 4cf0 | 4883 0e01 
  0x0000748229408dbc: eb45 8b50 | 0849 ba00 | 0000 c781 | 7400 0049 | 03d2 4c8b | d248 3316 | 48f7 c2fc | ffff ff74 
  0x0000748229408ddc: 26f6 c202 | 7521 48f7 | 06fe ffff | ff74 1549 | 8bd2 4833 | 1648 f7c2 | fcff ffff | 7409 4883 
  0x0000748229408dfc: 0e02 eb03 

  0x0000748229408e00: ;   {metadata(method data for {method} {0x00007481c7045680} 'invoke' '(Ljava/lang/Object;[Ljava/lang/Object;)Ljava/lang/Object;' in 'java/lang/reflect/Method')}
  0x0000748229408e00: 4889 1648 | be10 8bb9 | c381 7400 | 00ff 8648 | 0300 0048 | 81c4 8002 

  0x0000748229408e18: ;   {poll_return}
  0x0000748229408e18: 0000 5d49 | 3ba7 5004 | 0000 0f87 | de2e 0000 

  0x0000748229408e28: ;   {oop(a 'jdk/internal/reflect/DirectMethodHandleAccessor'{0x000000070fec3138})}
  0x0000748229408e28: c348 be38 | 31ec 0f07 | 0000 0048 

  0x0000748229408e34: ;   {metadata(method data for {method} {0x00007481c7045680} 'invoke' '(Ljava/lang/Object;[Ljava/lang/Object;)Ljava/lang/Object;' in 'java/lang/reflect/Method')}
  0x0000748229408e34: 8bd6 48bf | 108b b9c3 | 8174 0000 | 4883 8778 | 0300 0001 

  0x0000748229408e48: ;   {metadata(method data for {method} {0x00007481c71a1f10} 'invoke' '(Ljava/lang/Object;[Ljava/lang/Object;)Ljava/lang/Object;' in 'jdk/internal/reflect/DirectMethodHandleAccessor')}
  0x0000748229408e48: 48ba f091 | b9c3 8174 | 0000 8bba | f400 0000 | 83c7 0289 | baf4 0000 | 0081 e7fe | ff1f 0085 
  0x0000748229408e68: ff0f 84ad 

  0x0000748229408e6c: ;   {metadata(method data for {method} {0x00007481c71a1f10} 'invoke' '(Ljava/lang/Object;[Ljava/lang/Object;)Ljava/lang/Object;' in 'jdk/internal/reflect/DirectMethodHandleAccessor')}
  0x0000748229408e6c: 2e00 0048 | baf0 91b9 | c381 7400 | 0048 8382 | 3801 0000 

  0x0000748229408e80: ;   {metadata(method data for {method} {0x00007481c73c8438} 'isStatic' '()Z' in 'jdk/internal/reflect/DirectMethodHandleAccessor')}
  0x0000748229408e80: 0148 be50 | 95b9 c381 | 7400 008b | 96f4 0000 | 0083 c202 | 8996 f400 | 0000 81e2 | feff 1f00 
  0x0000748229408ea0: 85d2 0f84 | 952e 0000 

  0x0000748229408ea8: ;   {metadata(method data for {method} {0x00007481c73c8438} 'isStatic' '()Z' in 'jdk/internal/reflect/DirectMethodHandleAccessor')}
  0x0000748229408ea8: 48be 5095 | b9c3 8174 | 0000 ff86 | 4801 0000 

  0x0000748229408eb8: ;   {metadata(method data for {method} {0x00007481c73c8438} 'isStatic' '()Z' in 'jdk/internal/reflect/DirectMethodHandleAccessor')}
  0x0000748229408eb8: 48be 5095 | b9c3 8174 | 0000 ff86 | 5801 0000 

  0x0000748229408ec8: ;   {metadata(method data for {method} {0x00007481c71a1f10} 'invoke' '(Ljava/lang/Object;[Ljava/lang/Object;)Ljava/lang/Object;' in 'jdk/internal/reflect/DirectMethodHandleAccessor')}
  0x0000748229408ec8: 48be f091 | b9c3 8174 | 0000 ff86 | 7001 0000 

  0x0000748229408ed8: ;   {metadata(method data for {method} {0x00007481c71a1f10} 'invoke' '(Ljava/lang/Object;[Ljava/lang/Object;)Ljava/lang/Object;' in 'jdk/internal/reflect/DirectMethodHandleAccessor')}
  0x0000748229408ed8: 48be f091 | b9c3 8174 | 0000 4883 | 86c8 0100 | 0001 be03 | 0000 0048 | 8b94 2498 

  0x0000748229408ef4: ;   {static_call}
  0x0000748229408ef4: 0100 00e8 

  0x0000748229408ef8: ; ImmutableOopMap {[408]=Oop }
                      ;*invokestatic checkArgumentCount {reexecute=0 rethrow=0 return_oop=0}
                      ; - jdk.internal.reflect.DirectMethodHandleAccessor::invoke@17 (line 101)
                      ; - java.lang.reflect.Method::invoke@102 (line 580)
                      ; - com.sun.javafx.reflect.MethodUtil::invoke@20 (line 270)
  0x0000748229408ef8: 84dd 2207 

  0x0000748229408efc: ;   {other}
  0x0000748229408efc: 0f1f 8400 | ec13 0006 

  0x0000748229408f04: ;   {oop(a 'jdk/internal/reflect/DirectMethodHandleAccessor'{0x000000070fec3138})}
  0x0000748229408f04: 48be 3831 | ec0f 0700 

  0x0000748229408f0c: ;   {metadata(method data for {method} {0x00007481c71a1f10} 'invoke' '(Ljava/lang/Object;[Ljava/lang/Object;)Ljava/lang/Object;' in 'jdk/internal/reflect/DirectMethodHandleAccessor')}
  0x0000748229408f0c: 0000 48bf | f091 b9c3 | 8174 0000 | 4883 87d8 | 0100 0001 

  0x0000748229408f20: ;   {metadata(method data for {method} {0x00007481c73c82d8} 'invokeImpl' '(Ljava/lang/Object;[Ljava/lang/Object;)Ljava/lang/Object;' in 'jdk/internal/reflect/DirectMethodHandleAccessor')}
  0x0000748229408f20: 48be f899 | b9c3 8174 | 0000 8bbe | f400 0000 | 83c7 0289 | bef4 0000 | 0081 e7fe | ff1f 0085 
  0x0000748229408f40: ff0f 8417 | 2e00 0048 | 8b84 2498 | 0100 008b | 7810 48c1 | e703 4889 | bc24 b001 | 0000 8b58 
  0x0000748229408f60: 1448 c1e3 | 0348 899c | 24b8 0100 | 008b 4018 | 48c1 e003 | 4889 8424 | c001 0000 

  0x0000748229408f7c: ;   {metadata(method data for {method} {0x00007481c73c82d8} 'invokeImpl' '(Ljava/lang/Object;[Ljava/lang/Object;)Ljava/lang/Object;' in 'jdk/internal/reflect/DirectMethodHandleAccessor')}
  0x0000748229408f7c: 48be f899 | b9c3 8174 | 0000 488d | b640 0300 

  0x0000748229408f8c: ;   {oop(nullptr)}
  0x0000748229408f8c: 0048 ba00 | 0000 0000 | 0000 0048 | 85d2 7502 | eb4a 8b52 | 0849 ba00 | 0000 c781 | 7400 0049 
  0x0000748229408fac: 03d2 4c8b | d248 3356 | 0848 f7c2 | fcff ffff | 742a f6c2 | 0275 2548 | f746 08fe | ffff ff74 
  0x0000748229408fcc: 1749 8bd2 | 4833 5608 | 48f7 c2fc | ffff ff74 | 0b48 834e | 0802 eb04 | 4889 5608 

  0x0000748229408fe8: ;   {metadata(method data for {method} {0x00007481c3413ab0} 'invokeExact_MT' '(Ljava/lang/Object;Ljava/lang/Object;Ljava/lang/Object;Ljava/lang/Object;Ljava/lang/Object;Ljava/lang/Object;)Ljava/lang/Object;' in 'java/lang/invoke/LambdaForm$MH+0x00007481c8004c00')}
  0x0000748229408fe8: 48be 0088 | b2c3 8174 | 0000 488d | b6f0 0200 

  0x0000748229408ff8: ;   {oop(a 'java/lang/invoke/BoundMethodHandle$Species_LLL'{0x000000070fec27d8})}
  0x0000748229408ff8: 0048 bad8 | 27ec 0f07 | 0000 0048 | 85d2 750a | f606 0175 | 05f0 4883 

  0x0000748229409010: ;   {oop(nullptr)}
  0x0000748229409010: 0e01 48b9 | 0000 0000 | 0000 0000 | 4885 c975 | 02eb 2a8b | 4908 49ba | 0000 00c7 | 8174 0000 
  0x0000748229409030: 4903 ca4c | 8bd1 4833 | 4e10 48f7 | c1fc ffff | ff74 0af6 | c102 7505 | 4883 4e10 

  0x000074822940904c: ;   {metadata(method data for {method} {0x00007481c73c82d8} 'invokeImpl' '(Ljava/lang/Object;[Ljava/lang/Object;)Ljava/lang/Object;' in 'jdk/internal/reflect/DirectMethodHandleAccessor')}
  0x000074822940904c: 0248 bef8 | 99b9 c381 | 7400 0048 | 8386 0803 

  0x000074822940905c: ;   {metadata(method data for {method} {0x00007481c3413ab0} 'invokeExact_MT' '(Ljava/lang/Object;Ljava/lang/Object;Ljava/lang/Object;Ljava/lang/Object;Ljava/lang/Object;Ljava/lang/Object;)Ljava/lang/Object;' in 'java/lang/invoke/LambdaForm$MH+0x00007481c8004c00')}
  0x000074822940905c: 0000 0148 | be00 88b2 | c381 7400 | 008b 8ef4 | 0000 0083 | c102 898e | f400 0000 | 81e1 feff 
  0x000074822940907c: 1f00 85c9 | 0f84 f92c 

  0x0000748229409084: ;   {metadata(method data for {method} {0x00007481c3413ab0} 'invokeExact_MT' '(Ljava/lang/Object;Ljava/lang/Object;Ljava/lang/Object;Ljava/lang/Object;Ljava/lang/Object;Ljava/lang/Object;)Ljava/lang/Object;' in 'java/lang/invoke/LambdaForm$MH+0x00007481c8004c00')}
  0x0000748229409084: 0000 48be | 0088 b2c3 | 8174 0000 | 488d b6b8 | 0100 0048 | 85d2 750c | f646 0801 | 7506 f048 
  0x00007482294090a4: 834e 0801 

  0x00007482294090a8: ;   {oop(a 'java/lang/invoke/MethodType'{0x00000007ffc02240} = (Ljava/lang/Object;Ljava/lang/Object;Ljava/lang/Object;Ljava/lang/Object;)Ljava/lang/Object;)}
  0x00007482294090a8: 48b9 4022 | c0ff 0700 | 0000 4885 | c975 0cf6 | 4618 0175 | 06f0 4883 

  0x00007482294090c0: ;   {metadata(method data for {method} {0x00007481c3413ab0} 'invokeExact_MT' '(Ljava/lang/Object;Ljava/lang/Object;Ljava/lang/Object;Ljava/lang/Object;Ljava/lang/Object;Ljava/lang/Object;)Ljava/lang/Object;' in 'java/lang/invoke/LambdaForm$MH+0x00007481c8004c00')}
  0x00007482294090c0: 4e18 0148 | be00 88b2 | c381 7400 | 0048 8386 | a801 0000 

  0x00007482294090d4: ;   {metadata(method data for {method} {0x00007481c73dc970} 'checkExactType' '(Ljava/lang/invoke/MethodHandle;Ljava/lang/invoke/MethodType;)V' in 'java/lang/invoke/Invokers')}
  0x00007482294090d4: 0148 be00 | a02e c381 | 7400 008b | 8ef4 0000 | 0083 c102 | 898e f400 | 0000 81e1 | feff 1f00 
  0x00007482294090f4: 85c9 0f84 | a42c 0000 

  0x00007482294090fc: ;   {metadata(method data for {method} {0x00007481c73dc970} 'checkExactType' '(Ljava/lang/invoke/MethodHandle;Ljava/lang/invoke/MethodType;)V' in 'java/lang/invoke/Invokers')}
  0x00007482294090fc: 48be 00a0 | 2ec3 8174 | 0000 8b52 | 0849 ba00 | 0000 c781 | 7400 0049 | 03d2 483b | 9648 0100 
  0x000074822940911c: 0075 0d48 | 8386 5001 | 0000 01e9 | 6000 0000 | 483b 9658 | 0100 0075 | 0d48 8386 | 6001 0000 
  0x000074822940913c: 01e9 4a00 | 0000 4883 | be48 0100 | 0000 7517 | 4889 9648 | 0100 0048 | c786 5001 | 0000 0100 
  0x000074822940915c: 0000 e929 | 0000 0048 | 83be 5801 | 0000 0075 | 1748 8996 | 5801 0000 | 48c7 8660 | 0100 0001 
  0x000074822940917c: 0000 00e9 | 0800 0000 | 4883 8638 | 0100 0001 

  0x000074822940918c: ;   {metadata(method data for {method} {0x00007481c73dc970} 'checkExactType' '(Ljava/lang/invoke/MethodHandle;Ljava/lang/invoke/MethodType;)V' in 'java/lang/invoke/Invokers')}
  0x000074822940918c: 48be 00a0 | 2ec3 8174 | 0000 ff86 | 7001 0000 

  0x000074822940919c: ;   {metadata(method data for {method} {0x00007481c3413ab0} 'invokeExact_MT' '(Ljava/lang/Object;Ljava/lang/Object;Ljava/lang/Object;Ljava/lang/Object;Ljava/lang/Object;Ljava/lang/Object;)Ljava/lang/Object;' in 'java/lang/invoke/LambdaForm$MH+0x00007481c8004c00')}
  0x000074822940919c: 48be 0088 | b2c3 8174 | 0000 488d | b6f0 0100 

  0x00007482294091ac: ;   {oop(a 'java/lang/invoke/BoundMethodHandle$Species_LLL'{0x000000070fec27d8})}
  0x00007482294091ac: 0048 bad8 | 27ec 0f07 | 0000 0048 | 85d2 750c | f646 0801 | 7506 f048 | 834e 0801 

  0x00007482294091c8: ;   {metadata(method data for {method} {0x00007481c3413ab0} 'invokeExact_MT' '(Ljava/lang/Object;Ljava/lang/Object;Ljava/lang/Object;Ljava/lang/Object;Ljava/lang/Object;Ljava/lang/Object;)Ljava/lang/Object;' in 'java/lang/invoke/LambdaForm$MH+0x00007481c8004c00')}
  0x00007482294091c8: 48be 0088 | b2c3 8174 | 0000 4883 | 86e0 0100 

  0x00007482294091d8: ;   {metadata(method data for {method} {0x00007481c73dc868} 'checkCustomized' '(Ljava/lang/invoke/MethodHandle;)V' in 'java/lang/invoke/Invokers')}
  0x00007482294091d8: 0001 48be | 98a8 2ec3 | 8174 0000 | 8b96 f400 | 0000 83c2 | 0289 96f4 | 0000 0081 | e2fe ff1f 
  0x00007482294091f8: 0085 d20f | 84c0 2b00 

  0x0000748229409200: ;   {metadata(method data for {method} {0x00007481c73dc868} 'checkCustomized' '(Ljava/lang/invoke/MethodHandle;)V' in 'java/lang/invoke/Invokers')}
  0x0000748229409200: 0048 be98 | a82e c381 | 7400 0048 | 8386 3801 

  0x0000748229409210: ;   {metadata(method data for {method} {0x00007481c70951e0} 'isCompileConstant' '(Ljava/lang/Object;)Z' in 'java/lang/invoke/MethodHandleImpl')}
  0x0000748229409210: 0000 0148 | be70 aa2e | c381 7400 | 008b 96f4 | 0000 0083 | c202 8996 | f400 0000 | 81e2 feff 
  0x0000748229409230: 1f00 85d2 | 0f84 a82b 

  0x0000748229409238: ;   {metadata(method data for {method} {0x00007481c73dc868} 'checkCustomized' '(Ljava/lang/invoke/MethodHandle;)V' in 'java/lang/invoke/Invokers')}
  0x0000748229409238: 0000 48be | 98a8 2ec3 | 8174 0000 | ff86 4801 

  0x0000748229409248: ;   {metadata(method data for {method} {0x00007481c73dc868} 'checkCustomized' '(Ljava/lang/invoke/MethodHandle;)V' in 'java/lang/invoke/Invokers')}
  0x0000748229409248: 0000 48be | 98a8 2ec3 | 8174 0000 | ff86 6801 

  0x0000748229409258: ;   {metadata(method data for {method} {0x00007481c3413ab0} 'invokeExact_MT' '(Ljava/lang/Object;Ljava/lang/Object;Ljava/lang/Object;Ljava/lang/Object;Ljava/lang/Object;Ljava/lang/Object;)Ljava/lang/Object;' in 'java/lang/invoke/LambdaForm$MH+0x00007481c8004c00')}
  0x0000748229409258: 0000 48be | 0088 b2c3 | 8174 0000 | 488d b640 

  0x0000748229409268: ;   {oop(nullptr)}
  0x0000748229409268: 0200 0048 | ba00 0000 | 0000 0000 | 0048 85d2 | 7502 eb2a | 8b52 0849 | ba00 0000 | c781 7400 
  0x0000748229409288: 0049 03d2 | 4c8b d248 | 3356 0848 | f7c2 fcff | ffff 740a | f6c2 0275 | 0548 834e 

  0x00007482294092a4: ;   {metadata(method data for {method} {0x00007481c3b61750} 'invoke' '(Ljava/lang/Object;Ljava/lang/Object;Ljava/lang/Object;Ljava/lang/Object;Ljava/lang/Object;)Ljava/lang/Object;' in 'java/lang/invoke/LambdaForm$MH+0x00007481c820c000')}
  0x00007482294092a4: 0802 48be | 0000 82c4 | 8174 0000 | 488d b6e0 

  0x00007482294092b4: ;   {oop(a 'java/lang/invoke/BoundMethodHandle$Species_LLL'{0x000000070fec27d8})}
  0x00007482294092b4: 0300 0048 | bad8 27ec | 0f07 0000 | 0048 85d2 | 750c f606 | 0175 46f0 | 4883 0e01 

  0x00007482294092d0: ;   {metadata('java/lang/invoke/BoundMethodHandle$Species_LLL')}
  0x00007482294092d0: eb3f 48ba | 2857 23c7 | 8174 0000 | 4c8b d248 | 3316 48f7 | c2fc ffff | ff74 26f6 | c202 7521 
  0x00007482294092f0: 48f7 06fe | ffff ff74 | 1549 8bd2 | 4833 1648 | f7c2 fcff | ffff 7409 | 4883 0e02 | eb03 4889 
  0x0000748229409310: ;   {oop(nullptr)}
  0x0000748229409310: 1648 ba00 | 0000 0000 | 0000 0048 | 85d2 750e | f646 1001 | 7552 f048 | 834e 1001 | eb4a 8b52 
  0x0000748229409330: 0849 ba00 | 0000 c781 | 7400 0049 | 03d2 4c8b | d248 3356 | 1048 f7c2 | fcff ffff | 742a f6c2 
  0x0000748229409350: 0275 2548 | f746 10fe | ffff ff74 | 1749 8bd2 | 4833 5610 | 48f7 c2fc | ffff ff74 | 0b48 834e 
  0x0000748229409370: 1002 eb04 | 4889 5610 

  0x0000748229409378: ;   {metadata(method data for {method} {0x00007481c3413ab0} 'invokeExact_MT' '(Ljava/lang/Object;Ljava/lang/Object;Ljava/lang/Object;Ljava/lang/Object;Ljava/lang/Object;Ljava/lang/Object;)Ljava/lang/Object;' in 'java/lang/invoke/LambdaForm$MH+0x00007481c8004c00')}
  0x0000748229409378: 48be 0088 | b2c3 8174 | 0000 4883 | 8608 0200 

  0x0000748229409388: ;   {metadata(method data for {method} {0x00007481c3b61750} 'invoke' '(Ljava/lang/Object;Ljava/lang/Object;Ljava/lang/Object;Ljava/lang/Object;Ljava/lang/Object;)Ljava/lang/Object;' in 'java/lang/invoke/LambdaForm$MH+0x00007481c820c000')}
  0x0000748229409388: 0001 48be | 0000 82c4 | 8174 0000 | 8b96 f400 | 0000 83c2 | 0289 96f4 | 0000 0081 | e2fe ff1f 
  0x00007482294093a8: 0085 d20f | 8452 2a00 

  0x00007482294093b0: ;   {metadata(method data for {method} {0x00007481c3b61750} 'invoke' '(Ljava/lang/Object;Ljava/lang/Object;Ljava/lang/Object;Ljava/lang/Object;Ljava/lang/Object;)Ljava/lang/Object;' in 'java/lang/invoke/LambdaForm$MH+0x00007481c820c000')}
  0x00007482294093b0: 0048 be00 | 0082 c481 | 7400 0048 | 8db6 1802 | 0000 4885 | ff75 0ef6 | 4608 0175 | 52f0 4883 
  0x00007482294093d0: 4e08 01eb | 4a8b 5708 | 49ba 0000 | 00c7 8174 | 0000 4903 | d24c 8bd2 | 4833 5608 | 48f7 c2fc 
  0x00007482294093f0: ffff ff74 | 2af6 c202 | 7525 48f7 | 4608 feff | ffff 7417 | 498b d248 | 3356 0848 | f7c2 fcff 
  0x0000748229409410: ffff 740b | 4883 4e08 | 02eb 0448 

  0x000074822940941c: ;   {metadata(method data for {method} {0x00007481c3411a88} 'invoke' '(Ljava/lang/Object;Ljava/lang/Object;)Ljava/lang/Object;' in 'java/lang/invoke/LambdaForm$MH+0x00007481c8003c00')}
  0x000074822940941c: 8956 0848 | bef0 1c41 | c381 7400 | 0048 8db6 | 7002 0000 

  0x0000748229409430: ;   {oop(a 'java/lang/invoke/BoundMethodHandle$Species_LL'{0x000000070fec3260})}
  0x0000748229409430: 48ba 6032 | ec0f 0700 | 0000 4885 | d275 0af6 | 0601 7505 | f048 830e 

  0x0000748229409448: ;   {metadata(method data for {method} {0x00007481c3b61750} 'invoke' '(Ljava/lang/Object;Ljava/lang/Object;Ljava/lang/Object;Ljava/lang/Object;Ljava/lang/Object;)Ljava/lang/Object;' in 'java/lang/invoke/LambdaForm$MH+0x00007481c820c000')}
  0x0000748229409448: 0148 be00 | 0082 c481 | 7400 0048 | 8386 e001 

  0x0000748229409458: ;   {metadata(method data for {method} {0x00007481c3411a88} 'invoke' '(Ljava/lang/Object;Ljava/lang/Object;)Ljava/lang/Object;' in 'java/lang/invoke/LambdaForm$MH+0x00007481c8003c00')}
  0x0000748229409458: 0000 0148 | bef0 1c41 | c381 7400 | 008b 96f4 | 0000 0083 | c202 8996 | f400 0000 | 81e2 feff 
  0x0000748229409478: 1f00 85d2 | 0f84 a229 

  0x0000748229409480: ;   {metadata(method data for {method} {0x00007481c3411a88} 'invoke' '(Ljava/lang/Object;Ljava/lang/Object;)Ljava/lang/Object;' in 'java/lang/invoke/LambdaForm$MH+0x00007481c8003c00')}
  0x0000748229409480: 0000 48be | f01c 41c3 | 8174 0000 | 488d b6e0 

  0x0000748229409490: ;   {oop(a 'java/lang/Class'{0x00000007ffe82588} = 'java/lang/reflect/Method')}
  0x0000748229409490: 0100 0048 | ba88 25e8 | ff07 0000 | 0048 85d2 | 750c f646 | 0801 7506 | f048 834e 

  0x00007482294094ac: ;   {metadata(method data for {method} {0x00007481c70b4138} 'invokeSpecial' '(Ljava/lang/Object;Ljava/lang/Object;Ljava/lang/Object;)Ljava/lang/Object;' in 'java/lang/invoke/DirectMethodHandle$Holder')}
  0x00007482294094ac: 0801 48be | 9026 3ec3 | 8174 0000 | 488d b648 

  0x00007482294094bc: ;   {oop(a 'java/lang/invoke/DirectMethodHandle'{0x00000007ffc789b8})}
  0x00007482294094bc: 0200 0048 | b9b8 89c7 | ff07 0000 | 0048 85c9 | 750a f606 | 0175 05f0 | 4883 0e01 | 4885 d275 
  0x00007482294094dc: 0cf6 4610 | 0175 06f0 | 4883 4e10 

  0x00007482294094e8: ;   {metadata(method data for {method} {0x00007481c3411a88} 'invoke' '(Ljava/lang/Object;Ljava/lang/Object;)Ljava/lang/Object;' in 'java/lang/invoke/LambdaForm$MH+0x00007481c8003c00')}
  0x00007482294094e8: 0148 bef0 | 1c41 c381 | 7400 0048 | 8386 a801 

  0x00007482294094f8: ;   {metadata(method data for {method} {0x00007481c70b4138} 'invokeSpecial' '(Ljava/lang/Object;Ljava/lang/Object;Ljava/lang/Object;)Ljava/lang/Object;' in 'java/lang/invoke/DirectMethodHandle$Holder')}
  0x00007482294094f8: 0000 0148 | be90 263e | c381 7400 | 0044 8b86 | f400 0000 | 4183 c002 | 4489 86f4 | 0000 0041 
  0x0000748229409518: 81e0 feff | 1f00 4585 | c00f 841e 

  0x0000748229409524: ;   {metadata(method data for {method} {0x00007481c70b4138} 'invokeSpecial' '(Ljava/lang/Object;Ljava/lang/Object;Ljava/lang/Object;)Ljava/lang/Object;' in 'java/lang/invoke/DirectMethodHandle$Holder')}
  0x0000748229409524: 2900 0048 | be90 263e | c381 7400 | 0048 8db6 | 4801 0000 | 4885 c975 | 0cf6 4608 | 0175 06f0 
  0x0000748229409544: 4883 4e08 

  0x0000748229409548: ;   {metadata(method data for {method} {0x00007481c70b4138} 'invokeSpecial' '(Ljava/lang/Object;Ljava/lang/Object;Ljava/lang/Object;)Ljava/lang/Object;' in 'java/lang/invoke/DirectMethodHandle$Holder')}
  0x0000748229409548: 0148 be90 | 263e c381 | 7400 0048 | 8386 3801 

  0x0000748229409558: ;   {metadata(method data for {method} {0x00007481c70a1a00} 'internalMemberName' '(Ljava/lang/Object;)Ljava/lang/Object;' in 'java/lang/invoke/DirectMethodHandle')}
  0x0000748229409558: 0000 0148 | be40 b014 | c381 7400 | 008b 8ef4 | 0000 0083 | c102 898e | f400 0000 | 81e1 feff 
  0x0000748229409578: 1f00 85c9 | 0f84 e428 

  0x0000748229409580: ;   {metadata(method data for {method} {0x00007481c70b4138} 'invokeSpecial' '(Ljava/lang/Object;Ljava/lang/Object;Ljava/lang/Object;)Ljava/lang/Object;' in 'java/lang/invoke/DirectMethodHandle$Holder')}
  0x0000748229409580: 0000 48be | 9026 3ec3 | 8174 0000 | 488d b658 

  0x0000748229409590: ;   {oop(a 'java/lang/invoke/MemberName'{0x00000007ffc78a20} = {method} {0x00007481c7469018} 'cast' '(Ljava/lang/Object;)Ljava/lang/Object;' in 'java/lang/Class')}
  0x0000748229409590: 0100 0048 | b920 8ac7 | ff07 0000 | 0048 85c9 | 750a f606 | 0175 05f0 | 4883 0e01 

  0x00007482294095ac: ;   {metadata(method data for {method} {0x00007481c70b4138} 'invokeSpecial' '(Ljava/lang/Object;Ljava/lang/Object;Ljava/lang/Object;)Ljava/lang/Object;' in 'java/lang/invoke/DirectMethodHandle$Holder')}
  0x00007482294095ac: 48be 9026 | 3ec3 8174 | 0000 488d | b6b0 0100 | 0048 85d2 | 750c f646 | 0801 7506 | f048 834e 
  0x00007482294095cc: ;   {metadata(method data for {method} {0x00007481c70b4138} 'invokeSpecial' '(Ljava/lang/Object;Ljava/lang/Object;Ljava/lang/Object;)Ljava/lang/Object;' in 'java/lang/invoke/DirectMethodHandle$Holder')}
  0x00007482294095cc: 0801 48be | 9026 3ec3 | 8174 0000 | 4883 86a0 | 0100 0001 

  0x00007482294095e0: ;   {metadata(method data for {method} {0x00007481c7469018} 'cast' '(Ljava/lang/Object;)Ljava/lang/Object;' in 'java/lang/Class')}
  0x00007482294095e0: 48be 787b | 0cc3 8174 | 0000 8b96 | f400 0000 | 83c2 0289 | 96f4 0000 | 0081 e2fe | ff1f 0085 
  0x0000748229409600: d20f 8480 | 2800 0048 

  0x0000748229409608: ;   {metadata(method data for {method} {0x00007481c7469018} 'cast' '(Ljava/lang/Object;)Ljava/lang/Object;' in 'java/lang/Class')}
  0x0000748229409608: 85ff 48be | 787b 0cc3 | 8174 0000 | 48c7 c238 | 0100 0074 | 0748 c7c2 | 4801 0000 | 488b 0c16 
  0x0000748229409628: 488d 4901 | 4889 0c16 | 0f84 8800 

  0x0000748229409634: ;   {oop(a 'java/lang/Class'{0x00000007ffe82588} = 'java/lang/reflect/Method')}
  0x0000748229409634: 0000 48be | 8825 e8ff | 0700 0000 

  0x0000748229409640: ;   {metadata(method data for {method} {0x00007481c7469018} 'cast' '(Ljava/lang/Object;)Ljava/lang/Object;' in 'java/lang/Class')}
  0x0000748229409640: 48ba 787b | 0cc3 8174 | 0000 4883 | 8258 0100 | 0001 4885 | ff0f 8429 

  0x0000748229409658: ;   {metadata('java/lang/reflect/Method')}
  0x0000748229409658: 0000 0049 | b8f8 1e04 | c781 7400 | 008b 4f08 | 49ba 0000 | 00c7 8174 | 0000 4903 | ca4c 3b41 
  0x0000748229409678: 480f 8505 | 0000 00e9 | 0500 0000 | 4833 f6eb | 0748 c7c6 | 0100 0000 

  0x0000748229409690: ;   {metadata(method data for {method} {0x00007481c7469018} 'cast' '(Ljava/lang/Object;)Ljava/lang/Object;' in 'java/lang/Class')}
  0x0000748229409690: 85f6 48be | 787b 0cc3 | 8174 0000 | 48c7 c2a0 | 0100 0074 | 0748 c7c2 | 9001 0000 | 488b 0c16 
  0x00007482294096b0: 488d 4901 | 4889 0c16 | 0f84 f60d 

  0x00007482294096bc: ;   {metadata(method data for {method} {0x00007481c3b61750} 'invoke' '(Ljava/lang/Object;Ljava/lang/Object;Ljava/lang/Object;Ljava/lang/Object;Ljava/lang/Object;)Ljava/lang/Object;' in 'java/lang/invoke/LambdaForm$MH+0x00007481c820c000')}
  0x00007482294096bc: 0000 48be | 0000 82c4 | 8174 0000 | 488d b628 | 0200 0048 | 85ff 750c | f606 0175 | 4cf0 4883 
  0x00007482294096dc: 0e01 eb45 | 8b57 0849 | ba00 0000 | c781 7400 | 0049 03d2 | 4c8b d248 | 3316 48f7 | c2fc ffff 
  0x00007482294096fc: ff74 26f6 | c202 7521 | 48f7 06fe | ffff ff74 | 1549 8bd2 | 4833 1648 | f7c2 fcff | ffff 7409 
  0x000074822940971c: 4883 0e02 | eb03 4889 

  0x0000748229409724: ;   {metadata(method data for {method} {0x00007481c3b61750} 'invoke' '(Ljava/lang/Object;Ljava/lang/Object;Ljava/lang/Object;Ljava/lang/Object;Ljava/lang/Object;)Ljava/lang/Object;' in 'java/lang/invoke/LambdaForm$MH+0x00007481c820c000')}
  0x0000748229409724: 1648 be00 | 0082 c481 | 7400 0048 | 8db6 a802 | 0000 4885 | c075 0ef6 | 4608 0175 | 52f0 4883 
  0x0000748229409744: 4e08 01eb | 4a8b 5008 | 49ba 0000 | 00c7 8174 | 0000 4903 | d24c 8bd2 | 4833 5608 | 48f7 c2fc 
  0x0000748229409764: ffff ff74 | 2af6 c202 | 7525 48f7 | 4608 feff | ffff 7417 | 498b d248 | 3356 0848 | f7c2 fcff 
  0x0000748229409784: ffff 740b | 4883 4e08 | 02eb 0448 

  0x0000748229409790: ;   {metadata(method data for {method} {0x00007481c3411a88} 'invoke' '(Ljava/lang/Object;Ljava/lang/Object;)Ljava/lang/Object;' in 'java/lang/invoke/LambdaForm$MH+0x00007481c8003c00')}
  0x0000748229409790: 8956 0848 | bef0 1c41 | c381 7400 | 0048 8db6 | 7002 0000 

  0x00007482294097a4: ;   {oop(a 'java/lang/invoke/BoundMethodHandle$Species_LL'{0x000000070fec3238})}
  0x00007482294097a4: 48ba 3832 | ec0f 0700 | 0000 4885 | d275 0af6 | 0601 7505 | f048 830e 

  0x00007482294097bc: ;   {metadata(method data for {method} {0x00007481c3b61750} 'invoke' '(Ljava/lang/Object;Ljava/lang/Object;Ljava/lang/Object;Ljava/lang/Object;Ljava/lang/Object;)Ljava/lang/Object;' in 'java/lang/invoke/LambdaForm$MH+0x00007481c820c000')}
  0x00007482294097bc: 0148 be00 | 0082 c481 | 7400 0048 | 8386 7002 

  0x00007482294097cc: ;   {metadata(method data for {method} {0x00007481c3411a88} 'invoke' '(Ljava/lang/Object;Ljava/lang/Object;)Ljava/lang/Object;' in 'java/lang/invoke/LambdaForm$MH+0x00007481c8003c00')}
  0x00007482294097cc: 0000 0148 | bef0 1c41 | c381 7400 | 008b 96f4 | 0000 0083 | c202 8996 | f400 0000 | 81e2 feff 
  0x00007482294097ec: 1f00 85d2 | 0f84 b226 

  0x00007482294097f4: ;   {metadata(method data for {method} {0x00007481c3411a88} 'invoke' '(Ljava/lang/Object;Ljava/lang/Object;)Ljava/lang/Object;' in 'java/lang/invoke/LambdaForm$MH+0x00007481c8003c00')}
  0x00007482294097f4: 0000 48be | f01c 41c3 | 8174 0000 | 488d b6e0 

  0x0000748229409804: ;   {oop(a 'java/lang/Class'{0x00000007ffe87508} = 'java/lang/Object'[])}
  0x0000748229409804: 0100 0048 | ba08 75e8 | ff07 0000 | 0048 85d2 | 750c f646 | 0801 7506 | f048 834e 

  0x0000748229409820: ;   {metadata(method data for {method} {0x00007481c70b4138} 'invokeSpecial' '(Ljava/lang/Object;Ljava/lang/Object;Ljava/lang/Object;)Ljava/lang/Object;' in 'java/lang/invoke/DirectMethodHandle$Holder')}
  0x0000748229409820: 0801 48be | 9026 3ec3 | 8174 0000 | 488d b648 

  0x0000748229409830: ;   {oop(a 'java/lang/invoke/DirectMethodHandle'{0x00000007ffc789b8})}
  0x0000748229409830: 0200 0048 | b9b8 89c7 | ff07 0000 | 0048 85c9 | 750a f606 | 0175 05f0 | 4883 0e01 | 4885 d275 
  0x0000748229409850: 0cf6 4610 | 0175 06f0 | 4883 4e10 

  0x000074822940985c: ;   {metadata(method data for {method} {0x00007481c3411a88} 'invoke' '(Ljava/lang/Object;Ljava/lang/Object;)Ljava/lang/Object;' in 'java/lang/invoke/LambdaForm$MH+0x00007481c8003c00')}
  0x000074822940985c: 0148 bef0 | 1c41 c381 | 7400 0048 | 8386 a801 

  0x000074822940986c: ;   {metadata(method data for {method} {0x00007481c70b4138} 'invokeSpecial' '(Ljava/lang/Object;Ljava/lang/Object;Ljava/lang/Object;)Ljava/lang/Object;' in 'java/lang/invoke/DirectMethodHandle$Holder')}
  0x000074822940986c: 0000 0148 | be90 263e | c381 7400 | 0044 8b86 | f400 0000 | 4183 c002 | 4489 86f4 | 0000 0041 
  0x000074822940988c: 81e0 feff | 1f00 4585 | c00f 842e 

  0x0000748229409898: ;   {metadata(method data for {method} {0x00007481c70b4138} 'invokeSpecial' '(Ljava/lang/Object;Ljava/lang/Object;Ljava/lang/Object;)Ljava/lang/Object;' in 'java/lang/invoke/DirectMethodHandle$Holder')}
  0x0000748229409898: 2600 0048 | be90 263e | c381 7400 | 0048 8db6 | 4801 0000 | 4885 c975 | 0cf6 4608 | 0175 06f0 
  0x00007482294098b8: 4883 4e08 

  0x00007482294098bc: ;   {metadata(method data for {method} {0x00007481c70b4138} 'invokeSpecial' '(Ljava/lang/Object;Ljava/lang/Object;Ljava/lang/Object;)Ljava/lang/Object;' in 'java/lang/invoke/DirectMethodHandle$Holder')}
  0x00007482294098bc: 0148 be90 | 263e c381 | 7400 0048 | 8386 3801 

  0x00007482294098cc: ;   {metadata(method data for {method} {0x00007481c70a1a00} 'internalMemberName' '(Ljava/lang/Object;)Ljava/lang/Object;' in 'java/lang/invoke/DirectMethodHandle')}
  0x00007482294098cc: 0000 0148 | be40 b014 | c381 7400 | 008b 8ef4 | 0000 0083 | c102 898e | f400 0000 | 81e1 feff 
  0x00007482294098ec: 1f00 85c9 | 0f84 f425 

  0x00007482294098f4: ;   {metadata(method data for {method} {0x00007481c70b4138} 'invokeSpecial' '(Ljava/lang/Object;Ljava/lang/Object;Ljava/lang/Object;)Ljava/lang/Object;' in 'java/lang/invoke/DirectMethodHandle$Holder')}
  0x00007482294098f4: 0000 48be | 9026 3ec3 | 8174 0000 | 488d b658 

  0x0000748229409904: ;   {oop(a 'java/lang/invoke/MemberName'{0x00000007ffc78a20} = {method} {0x00007481c7469018} 'cast' '(Ljava/lang/Object;)Ljava/lang/Object;' in 'java/lang/Class')}
  0x0000748229409904: 0100 0048 | b920 8ac7 | ff07 0000 | 0048 85c9 | 750a f606 | 0175 05f0 | 4883 0e01 

  0x0000748229409920: ;   {metadata(method data for {method} {0x00007481c70b4138} 'invokeSpecial' '(Ljava/lang/Object;Ljava/lang/Object;Ljava/lang/Object;)Ljava/lang/Object;' in 'java/lang/invoke/DirectMethodHandle$Holder')}
  0x0000748229409920: 48be 9026 | 3ec3 8174 | 0000 488d | b6b0 0100 | 0048 85d2 | 750c f646 | 0801 7506 | f048 834e 
  0x0000748229409940: ;   {metadata(method data for {method} {0x00007481c70b4138} 'invokeSpecial' '(Ljava/lang/Object;Ljava/lang/Object;Ljava/lang/Object;)Ljava/lang/Object;' in 'java/lang/invoke/DirectMethodHandle$Holder')}
  0x0000748229409940: 0801 48be | 9026 3ec3 | 8174 0000 | 4883 86a0 | 0100 0001 

  0x0000748229409954: ;   {metadata(method data for {method} {0x00007481c7469018} 'cast' '(Ljava/lang/Object;)Ljava/lang/Object;' in 'java/lang/Class')}
  0x0000748229409954: 48be 787b | 0cc3 8174 | 0000 8b96 | f400 0000 | 83c2 0289 | 96f4 0000 | 0081 e2fe | ff1f 0085 
  0x0000748229409974: d20f 8490 | 2500 0048 

  0x000074822940997c: ;   {metadata(method data for {method} {0x00007481c7469018} 'cast' '(Ljava/lang/Object;)Ljava/lang/Object;' in 'java/lang/Class')}
  0x000074822940997c: 85c0 48be | 787b 0cc3 | 8174 0000 | 48c7 c238 | 0100 0074 | 0748 c7c2 | 4801 0000 | 488b 0c16 
  0x000074822940999c: 488d 4901 | 4889 0c16 | 0f84 8800 

  0x00007482294099a8: ;   {oop(a 'java/lang/Class'{0x00000007ffe87508} = 'java/lang/Object'[])}
  0x00007482294099a8: 0000 48be | 0875 e8ff | 0700 0000 

  0x00007482294099b4: ;   {metadata(method data for {method} {0x00007481c7469018} 'cast' '(Ljava/lang/Object;)Ljava/lang/Object;' in 'java/lang/Class')}
  0x00007482294099b4: 48ba 787b | 0cc3 8174 | 0000 4883 | 8258 0100 | 0001 4885 | c00f 8429 

  0x00007482294099cc: ;   {metadata('java/lang/Object'[])}
  0x00007482294099cc: 0000 0049 | b870 1200 | c781 7400 | 008b 4808 | 49ba 0000 | 00c7 8174 | 0000 4903 | ca4c 3b41 
  0x00007482294099ec: 380f 8505 | 0000 00e9 | 0500 0000 | 4833 f6eb | 0748 c7c6 | 0100 0000 

  0x0000748229409a04: ;   {metadata(method data for {method} {0x00007481c7469018} 'cast' '(Ljava/lang/Object;)Ljava/lang/Object;' in 'java/lang/Class')}
  0x0000748229409a04: 85f6 48be | 787b 0cc3 | 8174 0000 | 48c7 c2a0 | 0100 0074 | 0748 c7c2 | 9001 0000 | 488b 0c16 
  0x0000748229409a24: 488d 4901 | 4889 0c16 | 0f84 9809 

  0x0000748229409a30: ;   {metadata(method data for {method} {0x00007481c3b61750} 'invoke' '(Ljava/lang/Object;Ljava/lang/Object;Ljava/lang/Object;Ljava/lang/Object;Ljava/lang/Object;)Ljava/lang/Object;' in 'java/lang/invoke/LambdaForm$MH+0x00007481c820c000')}
  0x0000748229409a30: 0000 48be | 0000 82c4 | 8174 0000 | 488d b6b8 | 0200 0048 | 85c0 750c | f606 0175 | 4cf0 4883 
  0x0000748229409a50: 0e01 eb45 | 8b50 0849 | ba00 0000 | c781 7400 | 0049 03d2 | 4c8b d248 | 3316 48f7 | c2fc ffff 
  0x0000748229409a70: ff74 26f6 | c202 7521 | 48f7 06fe | ffff ff74 | 1549 8bd2 | 4833 1648 | f7c2 fcff | ffff 7409 
  0x0000748229409a90: 4883 0e02 | eb03 4889 

  0x0000748229409a98: ;   {metadata(method data for {method} {0x00007481c3b61750} 'invoke' '(Ljava/lang/Object;Ljava/lang/Object;Ljava/lang/Object;Ljava/lang/Object;Ljava/lang/Object;)Ljava/lang/Object;' in 'java/lang/invoke/LambdaForm$MH+0x00007481c820c000')}
  0x0000748229409a98: 1648 be00 | 0082 c481 | 7400 0048 | 8db6 3803 | 0000 4885 | ff75 0ef6 | 4608 0175 | 52f0 4883 
  0x0000748229409ab8: 4e08 01eb | 4a8b 5708 | 49ba 0000 | 00c7 8174 | 0000 4903 | d24c 8bd2 | 4833 5608 | 48f7 c2fc 
  0x0000748229409ad8: ffff ff74 | 2af6 c202 | 7525 48f7 | 4608 feff | ffff 7417 | 498b d248 | 3356 0848 | f7c2 fcff 
  0x0000748229409af8: ffff 740b | 4883 4e08 | 02eb 0448 

  0x0000748229409b04: ;   {metadata(method data for {method} {0x00007481c70b2ea8} 'invokeStatic' '(Ljava/lang/Object;Ljava/lang/Object;Ljava/lang/Object;Ljava/lang/Object;)Ljava/lang/Object;' in 'java/lang/invoke/DirectMethodHandle$Holder')}
  0x0000748229409b04: 8956 0848 | bea8 4a56 | c481 7400 | 0048 8db6 | 5002 0000 

  0x0000748229409b18: ;   {oop(a 'java/lang/invoke/DirectMethodHandle'{0x000000070fec28c0})}
  0x0000748229409b18: 48ba c028 | ec0f 0700 | 0000 4885 | d275 0cf6 | 0601 7546 | f048 830e 

  0x0000748229409b30: ;   {metadata('java/lang/invoke/DirectMethodHandle')}
  0x0000748229409b30: 01eb 3f48 | b978 f109 | c781 7400 | 004c 8bd1 | 4833 0e48 | f7c1 fcff | ffff 7426 | f6c1 0275 
  0x0000748229409b50: 2148 f706 | feff ffff | 7415 498b | ca48 330e | 48f7 c1fc | ffff ff74 | 0948 830e | 02eb 0348 
  0x0000748229409b70: 890e 4885 | ff75 0ef6 | 4610 0175 | 52f0 4883 | 4e10 01eb | 4a8b 4f08 | 49ba 0000 | 00c7 8174 
  0x0000748229409b90: 0000 4903 | ca4c 8bd1 | 4833 4e10 | 48f7 c1fc | ffff ff74 | 2af6 c102 | 7525 48f7 | 4610 feff 
  0x0000748229409bb0: ffff 7417 | 498b ca48 | 334e 1048 | f7c1 fcff | ffff 740b | 4883 4e10 | 02eb 0448 

  0x0000748229409bcc: ;   {metadata(method data for {method} {0x00007481c3b61750} 'invoke' '(Ljava/lang/Object;Ljava/lang/Object;Ljava/lang/Object;Ljava/lang/Object;Ljava/lang/Object;)Ljava/lang/Object;' in 'java/lang/invoke/LambdaForm$MH+0x00007481c820c000')}
  0x0000748229409bcc: 894e 1048 | be00 0082 | c481 7400 | 0048 8386 | 0003 0000 

  0x0000748229409be0: ;   {metadata(method data for {method} {0x00007481c70b2ea8} 'invokeStatic' '(Ljava/lang/Object;Ljava/lang/Object;Ljava/lang/Object;Ljava/lang/Object;)Ljava/lang/Object;' in 'java/lang/invoke/DirectMethodHandle$Holder')}
  0x0000748229409be0: 0148 bea8 | 4a56 c481 | 7400 008b | 8ef4 0000 | 0083 c102 | 898e f400 | 0000 81e1 | feff 1f00 
  0x0000748229409c00: 85c9 0f84 | 2423 0000 

  0x0000748229409c08: ;   {metadata(method data for {method} {0x00007481c70b2ea8} 'invokeStatic' '(Ljava/lang/Object;Ljava/lang/Object;Ljava/lang/Object;Ljava/lang/Object;)Ljava/lang/Object;' in 'java/lang/invoke/DirectMethodHandle$Holder')}
  0x0000748229409c08: 48be a84a | 56c4 8174 | 0000 488d | b648 0100 | 0048 85d2 | 750e f646 | 0801 754c | f048 834e 
  0x0000748229409c28: 0801 eb44 

  0x0000748229409c2c: ;   {metadata('java/lang/invoke/DirectMethodHandle')}
  0x0000748229409c2c: 48ba 78f1 | 09c7 8174 | 0000 4c8b | d248 3356 | 0848 f7c2 | fcff ffff | 742a f6c2 | 0275 2548 
  0x0000748229409c4c: f746 08fe | ffff ff74 | 1749 8bd2 | 4833 5608 | 48f7 c2fc | ffff ff74 | 0b48 834e | 0802 eb04 
  0x0000748229409c6c: 4889 5608 

  0x0000748229409c70: ;   {metadata(method data for {method} {0x00007481c70b2ea8} 'invokeStatic' '(Ljava/lang/Object;Ljava/lang/Object;Ljava/lang/Object;Ljava/lang/Object;)Ljava/lang/Object;' in 'java/lang/invoke/DirectMethodHandle$Holder')}
  0x0000748229409c70: 48be a84a | 56c4 8174 | 0000 4883 | 8638 0100 

  0x0000748229409c80: ;   {metadata(method data for {method} {0x00007481c70a1a00} 'internalMemberName' '(Ljava/lang/Object;)Ljava/lang/Object;' in 'java/lang/invoke/DirectMethodHandle')}
  0x0000748229409c80: 0001 48be | 40b0 14c3 | 8174 0000 | 8b96 f400 | 0000 83c2 | 0289 96f4 | 0000 0081 | e2fe ff1f 
  0x0000748229409ca0: 0085 d20f | 84a4 2200 

  0x0000748229409ca8: ;   {metadata(method data for {method} {0x00007481c70b2ea8} 'invokeStatic' '(Ljava/lang/Object;Ljava/lang/Object;Ljava/lang/Object;Ljava/lang/Object;)Ljava/lang/Object;' in 'java/lang/invoke/DirectMethodHandle$Holder')}
  0x0000748229409ca8: 0048 bea8 | 4a56 c481 | 7400 0048 | 8db6 5801 

  0x0000748229409cb8: ;   {oop(a 'java/lang/invoke/MemberName'{0x000000070fec2930} = {method} {0x00007481c39d6d88} 'invoke' '(Ljava/lang/reflect/Method;Ljava/lang/Object;[Ljava/lang/Object;)Ljava/lang/Object;' in 'com/sun/javafx/reflect/Trampoline')}
  0x0000748229409cb8: 0000 48ba | 3029 ec0f | 0700 0000 | 4885 d275 | 0cf6 0601 | 7546 f048 | 830e 01eb 

  0x0000748229409cd4: ;   {metadata('java/lang/invoke/MemberName')}
  0x0000748229409cd4: 3f48 ba98 | 1c09 c781 | 7400 004c | 8bd2 4833 | 1648 f7c2 | fcff ffff | 7426 f6c2 | 0275 2148 
  0x0000748229409cf4: f706 feff | ffff 7415 | 498b d248 | 3316 48f7 | c2fc ffff | ff74 0948 | 830e 02eb | 0348 8916 
  0x0000748229409d14: ;   {metadata(method data for {method} {0x00007481c70b2ea8} 'invokeStatic' '(Ljava/lang/Object;Ljava/lang/Object;Ljava/lang/Object;Ljava/lang/Object;)Ljava/lang/Object;' in 'java/lang/invoke/DirectMethodHandle$Holder')}
  0x0000748229409d14: 48be a84a | 56c4 8174 | 0000 488d | b6b0 0100 | 0048 85ff | 750e f646 | 0801 754c | f048 834e 
  0x0000748229409d34: 0801 eb44 

  0x0000748229409d38: ;   {metadata('java/lang/reflect/Method')}
  0x0000748229409d38: 48ba f81e | 04c7 8174 | 0000 4c8b | d248 3356 | 0848 f7c2 | fcff ffff | 742a f6c2 | 0275 2548 
  0x0000748229409d58: f746 08fe | ffff ff74 | 1749 8bd2 | 4833 5608 | 48f7 c2fc | ffff ff74 | 0b48 834e | 0802 eb04 
  0x0000748229409d78: 4889 5608 | 4885 db75 | 0ef6 4618 | 0175 52f0 | 4883 4e18 | 01eb 4a8b | 5308 49ba | 0000 00c7 
  0x0000748229409d98: 8174 0000 | 4903 d24c | 8bd2 4833 | 5618 48f7 | c2fc ffff | ff74 2af6 | c202 7525 | 48f7 4618 
  0x0000748229409db8: feff ffff | 7417 498b | d248 3356 | 1848 f7c2 | fcff ffff | 740b 4883 | 4e18 02eb | 0448 8956 
  0x0000748229409dd8: ;   {metadata(method data for {method} {0x00007481c70b2ea8} 'invokeStatic' '(Ljava/lang/Object;Ljava/lang/Object;Ljava/lang/Object;Ljava/lang/Object;)Ljava/lang/Object;' in 'java/lang/invoke/DirectMethodHandle$Holder')}
  0x0000748229409dd8: 1848 bea8 | 4a56 c481 | 7400 0048 | 8386 a001 

  0x0000748229409de8: ;   {metadata(method data for {method} {0x00007481c39d6d88} 'invoke' '(Ljava/lang/reflect/Method;Ljava/lang/Object;[Ljava/lang/Object;)Ljava/lang/Object;' in 'com/sun/javafx/reflect/Trampoline')}
  0x0000748229409de8: 0000 0148 | be00 1082 | c481 7400 | 008b 96f4 | 0000 0083 | c202 8996 | f400 0000 | 81e2 feff 
  0x0000748229409e08: 1f00 85d2 | 0f84 5c21 

  0x0000748229409e10: ;   {metadata(method data for {method} {0x00007481c39d6d88} 'invoke' '(Ljava/lang/reflect/Method;Ljava/lang/Object;[Ljava/lang/Object;)Ljava/lang/Object;' in 'com/sun/javafx/reflect/Trampoline')}
  0x0000748229409e10: 0000 48be | 0010 82c4 | 8174 0000 | 4883 8638 | 0100 0001 

  0x0000748229409e24: ;   {static_call}
  0x0000748229409e24: 488b f7e8 

  0x0000748229409e28: ; ImmutableOopMap {[432]=Oop [440]=Oop [448]=Oop }
                      ;*invokestatic ensureInvocableMethod {reexecute=0 rethrow=0 return_oop=0}
                      ; - com.sun.javafx.reflect.Trampoline::invoke@1 (line 71)
                      ; - java.lang.invoke.DirectMethodHandle$Holder::invokeStatic@14
                      ; - java.lang.invoke.LambdaForm$MH/0x00007481c820c000::invoke@63
                      ; - java.lang.invoke.LambdaForm$MH/0x00007481c8004c00::invokeExact_MT@24
                      ; - jdk.internal.reflect.DirectMethodHandleAccessor::invokeImpl@92 (line 156)
                      ; - jdk.internal.reflect.DirectMethodHandleAccessor::invoke@23 (line 103)
                      ; - java.lang.reflect.Method::invoke@102 (line 580)
                      ; - com.sun.javafx.reflect.MethodUtil::invoke@20 (line 270)
  0x0000748229409e28: 1406 0200 

  0x0000748229409e2c: ;   {other}
  0x0000748229409e2c: 0f1f 8400 | 1c23 0007 | 488b bc24 | b001 0000 

  0x0000748229409e3c: ; implicit exception: dispatches to 0x000074822940bf8f
  0x0000748229409e3c: 483b 0748 

  0x0000748229409e40: ;   {metadata(method data for {method} {0x00007481c39d6d88} 'invoke' '(Ljava/lang/reflect/Method;Ljava/lang/Object;[Ljava/lang/Object;)Ljava/lang/Object;' in 'com/sun/javafx/reflect/Trampoline')}
  0x0000748229409e40: 8bf7 48bb | 0010 82c4 | 8174 0000 | 4883 8348 | 0100 0001 

  0x0000748229409e54: ;   {metadata(method data for {method} {0x00007481c7045680} 'invoke' '(Ljava/lang/Object;[Ljava/lang/Object;)Ljava/lang/Object;' in 'java/lang/reflect/Method')}
  0x0000748229409e54: 48be 108b | b9c3 8174 | 0000 8b9e | f400 0000 | 83c3 0289 | 9ef4 0000 | 0081 e3fe | ff1f 0085 
  0x0000748229409e74: db0f 8419 | 2100 0048 

  0x0000748229409e7c: ;   {metadata(method data for {method} {0x00007481c7045680} 'invoke' '(Ljava/lang/Object;[Ljava/lang/Object;)Ljava/lang/Object;' in 'java/lang/reflect/Method')}
  0x0000748229409e7c: 8bf7 48bb | 108b b9c3 | 8174 0000 | 4883 8338 | 0100 0001 | 488b f70f 

  0x0000748229409e94: ;   {optimized virtual_call}
  0x0000748229409e94: 1f40 00e8 

  0x0000748229409e98: ; ImmutableOopMap {[432]=Oop [440]=Oop [448]=Oop }
                      ;*invokevirtual isCallerSensitive {reexecute=0 rethrow=0 return_oop=0}
                      ; - java.lang.reflect.Method::invoke@1 (line 561)
                      ; - com.sun.javafx.reflect.Trampoline::invoke@7 (line 72)
                      ; - java.lang.invoke.DirectMethodHandle$Holder::invokeStatic@14
                      ; - java.lang.invoke.LambdaForm$MH/0x00007481c820c000::invoke@63
                      ; - java.lang.invoke.LambdaForm$MH/0x00007481c8004c00::invokeExact_MT@24
                      ; - jdk.internal.reflect.DirectMethodHandleAccessor::invokeImpl@92 (line 156)
                      ; - jdk.internal.reflect.DirectMethodHandleAccessor::invoke@23 (line 103)
                      ; - java.lang.reflect.Method::invoke@102 (line 580)
                      ; - com.sun.javafx.reflect.MethodUtil::invoke@20 (line 270)
  0x0000748229409e98: c42d 1907 

  0x0000748229409e9c: ;   {other}
  0x0000748229409e9c: 0f1f 8400 | 8c23 0008 | 488b bc24 | b001 0000 | 0fbe 770c 

  0x0000748229409eb0: ;   {metadata(method data for {method} {0x00007481c7045680} 'invoke' '(Ljava/lang/Object;[Ljava/lang/Object;)Ljava/lang/Object;' in 'java/lang/reflect/Method')}
  0x0000748229409eb0: 85f6 48be | 108b b9c3 | 8174 0000 | 48c7 c370 | 0100 0074 | 0748 c7c3 | 8001 0000 | 488b 141e 
  0x0000748229409ed0: 488d 5201 | 4889 141e | 0f84 4400 | 0000 85c0 

  0x0000748229409ee0: ;   {metadata(method data for {method} {0x00007481c7045680} 'invoke' '(Ljava/lang/Object;[Ljava/lang/Object;)Ljava/lang/Object;' in 'java/lang/reflect/Method')}
  0x0000748229409ee0: 48be 108b | b9c3 8174 | 0000 48c7 | c3a0 0100 | 0075 0748 | c7c3 9001 | 0000 488b | 141e 488d 
  0x0000748229409f00: 5201 4889 | 141e 0f85 | 1600 0000 

  0x0000748229409f0c: ;   {oop(nullptr)}
  0x0000748229409f0c: 48bb 0000 | 0000 0000 | 0000 8984 | 24a4 0100 | 00e9 3500 | 0000 8984 | 24a4 0100 

  0x0000748229409f28: ;   {metadata(method data for {method} {0x00007481c7045680} 'invoke' '(Ljava/lang/Object;[Ljava/lang/Object;)Ljava/lang/Object;' in 'java/lang/reflect/Method')}
  0x0000748229409f28: 0048 be10 | 8bb9 c381 | 7400 0048 | 8386 b001 | 0000 010f 

  0x0000748229409f3c: ;   {static_call}
  0x0000748229409f3c: 1f40 00e8 

  0x0000748229409f40: ; ImmutableOopMap {[432]=Oop [440]=Oop [448]=Oop }
                      ;*invokestatic getCallerClass {reexecute=0 rethrow=0 return_oop=0}
                      ; - java.lang.reflect.Method::invoke@19 (line 564)
                      ; - com.sun.javafx.reflect.Trampoline::invoke@7 (line 72)
                      ; - java.lang.invoke.DirectMethodHandle$Holder::invokeStatic@14
                      ; - java.lang.invoke.LambdaForm$MH/0x00007481c820c000::invoke@63
                      ; - java.lang.invoke.LambdaForm$MH/0x00007481c8004c00::invokeExact_MT@24
                      ; - jdk.internal.reflect.DirectMethodHandleAccessor::invokeImpl@92 (line 156)
                      ; - jdk.internal.reflect.DirectMethodHandleAccessor::invoke@23 (line 103)
                      ; - java.lang.reflect.Method::invoke@102 (line 580)
                      ; - com.sun.javafx.reflect.MethodUtil::invoke@20 (line 270)
  0x0000748229409f40: 9ccc f006 

  0x0000748229409f44: ;   {other}
  0x0000748229409f44: 0f1f 8400 | 3424 0009 | 488b d848 | 8bbc 24b0 | 0100 000f | be77 0c85 

  0x0000748229409f5c: ;   {metadata(method data for {method} {0x00007481c7045680} 'invoke' '(Ljava/lang/Object;[Ljava/lang/Object;)Ljava/lang/Object;' in 'java/lang/reflect/Method')}
  0x0000748229409f5c: f648 be10 | 8bb9 c381 | 7400 0048 | c7c0 c001 | 0000 7507 | 48c7 c0d0 | 0100 0048 | 8b14 0648 
  0x0000748229409f7c: 8d52 0148 | 8914 0648 | 899c 24c8 | 0100 000f | 850b 0100 | 008b 4724 | 48c1 e003 

  0x0000748229409f98: ;   {metadata(method data for {method} {0x00007481c7045680} 'invoke' '(Ljava/lang/Object;[Ljava/lang/Object;)Ljava/lang/Object;' in 'java/lang/reflect/Method')}
  0x0000748229409f98: 8b77 2048 | ba10 8bb9 | c381 7400 | 0048 8382 | e001 0000 | 0148 8984 | 24d0 0100 

  0x0000748229409fb4: ;   {static_call}
  0x0000748229409fb4: 0066 90e8 

  0x0000748229409fb8: ; ImmutableOopMap {[432]=Oop [440]=Oop [448]=Oop [456]=Oop [464]=Oop }
                      ;*invokestatic isStatic {reexecute=0 rethrow=0 return_oop=0}
                      ; - java.lang.reflect.Method::invoke@42 (line 572)
                      ; - com.sun.javafx.reflect.Trampoline::invoke@7 (line 72)
                      ; - java.lang.invoke.DirectMethodHandle$Holder::invokeStatic@14
                      ; - java.lang.invoke.LambdaForm$MH/0x00007481c820c000::invoke@63
                      ; - java.lang.invoke.LambdaForm$MH/0x00007481c8004c00::invokeExact_MT@24
                      ; - jdk.internal.reflect.DirectMethodHandleAccessor::invokeImpl@92 (line 156)
                      ; - jdk.internal.reflect.DirectMethodHandleAccessor::invoke@23 (line 103)
                      ; - java.lang.reflect.Method::invoke@102 (line 580)
                      ; - com.sun.javafx.reflect.MethodUtil::invoke@20 (line 270)
  0x0000748229409fb8: 443c ff06 

  0x0000748229409fbc: ;   {other}
  0x0000748229409fbc: 0f1f 8400 | ac24 000a 

  0x0000748229409fc4: ;   {metadata(method data for {method} {0x00007481c7045680} 'invoke' '(Ljava/lang/Object;[Ljava/lang/Object;)Ljava/lang/Object;' in 'java/lang/reflect/Method')}
  0x0000748229409fc4: 85c0 48ba | 108b b9c3 | 8174 0000 | 48c7 c1f0 | 0100 0074 | 0748 c7c1 | 0002 0000 | 4c8b 040a 
  0x0000748229409fe4: 4d8d 4001 | 4c89 040a | 0f84 1f00 

  0x0000748229409ff0: ;   {metadata(method data for {method} {0x00007481c7045680} 'invoke' '(Ljava/lang/Object;[Ljava/lang/Object;)Ljava/lang/Object;' in 'java/lang/reflect/Method')}
  0x0000748229409ff0: 0000 48ba | 108b b9c3 | 8174 0000 | ff82 1002 

  0x000074822940a000: ;   {oop(nullptr)}
  0x000074822940a000: 0000 49b8 | 0000 0000 | 0000 0000 | e93a 0000 | 0048 8b9c | 24b8 0100 | 0048 3b03 

  0x000074822940a01c: ;   {metadata(method data for {method} {0x00007481c7045680} 'invoke' '(Ljava/lang/Object;[Ljava/lang/Object;)Ljava/lang/Object;' in 'java/lang/reflect/Method')}
  0x000074822940a01c: 488b d348 | b910 8bb9 | c381 7400 | 0048 8381 | 2802 0000 | 018b 5308 | 49ba 0000 | 00c7 8174 
  0x000074822940a03c: 0000 4903 | d248 8b52 | 7048 8b12 | 4c8b c248 | 8b84 24d0 | 0100 0048 | 8bbc 24b0 | 0100 0044 
  0x000074822940a05c: 8b4f 2048 

  0x000074822940a060: ;   {metadata(method data for {method} {0x00007481c7045680} 'invoke' '(Ljava/lang/Object;[Ljava/lang/Object;)Ljava/lang/Object;' in 'java/lang/reflect/Method')}
  0x000074822940a060: 8bd7 48b9 | 108b b9c3 | 8174 0000 | 4883 8160 | 0200 0001 | 488b 9424 | c801 0000 | 488b c848 
  0x000074822940a080: 8bf7 0f1f 

  0x000074822940a084: ;   {optimized virtual_call}
  0x000074822940a084: 4400 00e8 

  0x000074822940a088: ; ImmutableOopMap {[432]=Oop [440]=Oop [448]=Oop [456]=Oop }
                      ;*invokevirtual checkAccess {reexecute=0 rethrow=0 return_oop=0}
                      ; - java.lang.reflect.Method::invoke@60 (line 571)
                      ; - com.sun.javafx.reflect.Trampoline::invoke@7 (line 72)
                      ; - java.lang.invoke.DirectMethodHandle$Holder::invokeStatic@14
                      ; - java.lang.invoke.LambdaForm$MH/0x00007481c820c000::invoke@63
                      ; - java.lang.invoke.LambdaForm$MH/0x00007481c8004c00::invokeExact_MT@24
                      ; - jdk.internal.reflect.DirectMethodHandleAccessor::invokeImpl@92 (line 156)
                      ; - jdk.internal.reflect.DirectMethodHandleAccessor::invoke@23 (line 103)
                      ; - java.lang.reflect.Method::invoke@102 (line 580)
                      ; - com.sun.javafx.reflect.MethodUtil::invoke@20 (line 270)
  0x000074822940a088: 54d2 1807 

  0x000074822940a08c: ;   {other}
  0x000074822940a08c: 0f1f 8400 | 7c25 000b | 488b bc24 | b001 0000 | 8b77 4c48 | c1e6 0348 

  0x000074822940a0a4: ;   {metadata(method data for {method} {0x00007481c7045680} 'invoke' '(Ljava/lang/Object;[Ljava/lang/Object;)Ljava/lang/Object;' in 'java/lang/reflect/Method')}
  0x000074822940a0a4: 85f6 48bb | 108b b9c3 | 8174 0000 | 48c7 c098 | 0200 0075 | 0748 c7c0 | a802 0000 | 488b 1403 
  0x000074822940a0c4: 488d 5201 | 4889 1403 | 0f85 2d00 | 0000 488b 

  0x000074822940a0d4: ;   {metadata(method data for {method} {0x00007481c7045680} 'invoke' '(Ljava/lang/Object;[Ljava/lang/Object;)Ljava/lang/Object;' in 'java/lang/reflect/Method')}
  0x000074822940a0d4: f748 bb10 | 8bb9 c381 | 7400 0048 | 8383 b802 | 0000 0148 | 8bf7 0f1f 

  0x000074822940a0ec: ;   {optimized virtual_call}
  0x000074822940a0ec: 4400 00e8 

  0x000074822940a0f0: ; ImmutableOopMap {[440]=Oop [448]=Oop [456]=Oop }
                      ;*invokevirtual acquireMethodAccessor {reexecute=0 rethrow=0 return_oop=0}
                      ; - java.lang.reflect.Method::invoke@75 (line 577)
                      ; - com.sun.javafx.reflect.Trampoline::invoke@7 (line 72)
                      ; - java.lang.invoke.DirectMethodHandle$Holder::invokeStatic@14
                      ; - java.lang.invoke.LambdaForm$MH/0x00007481c820c000::invoke@63
                      ; - java.lang.invoke.LambdaForm$MH/0x00007481c8004c00::invokeExact_MT@24
                      ; - jdk.internal.reflect.DirectMethodHandleAccessor::invokeImpl@92 (line 156)
                      ; - jdk.internal.reflect.DirectMethodHandleAccessor::invoke@23 (line 103)
                      ; - java.lang.reflect.Method::invoke@102 (line 580)
                      ; - com.sun.javafx.reflect.MethodUtil::invoke@20 (line 270)
  0x000074822940a0f0: 8d23 0000 

  0x000074822940a0f4: ;   {other}
  0x000074822940a0f4: 0f1f 8400 | e425 000c | 488b f08b | 8424 a401 | 0000 85c0 

  0x000074822940a108: ;   {metadata(method data for {method} {0x00007481c7045680} 'invoke' '(Ljava/lang/Object;[Ljava/lang/Object;)Ljava/lang/Object;' in 'java/lang/reflect/Method')}
  0x000074822940a108: 48ba 108b | b9c3 8174 | 0000 48c7 | c1f0 0200 | 0074 0748 | c7c1 0003 | 0000 4c8b | 040a 4d8d 
  0x000074822940a128: 4001 4c89 | 040a 0f84 | dd00 0000 | 488b 9c24 | c801 0000 

  0x000074822940a13c: ; implicit exception: dispatches to 0x000074822940bfba
  0x000074822940a13c: 483b 0648 

  0x000074822940a140: ;   {metadata(method data for {method} {0x00007481c7045680} 'invoke' '(Ljava/lang/Object;[Ljava/lang/Object;)Ljava/lang/Object;' in 'java/lang/reflect/Method')}
  0x000074822940a140: 8bd6 48b9 | 108b b9c3 | 8174 0000 | 8b52 0849 | ba00 0000 | c781 7400 | 0049 03d2 | 483b 9120 
  0x000074822940a160: 0300 0075 | 0d48 8381 | 2803 0000 | 01e9 6000 | 0000 483b | 9130 0300 | 0075 0d48 | 8381 3803 
  0x000074822940a180: 0000 01e9 | 4a00 0000 | 4883 b920 | 0300 0000 | 7517 4889 | 9120 0300 | 0048 c781 | 2803 0000 
  0x000074822940a1a0: 0100 0000 | e929 0000 | 0048 83b9 | 3003 0000 | 0075 1748 | 8991 3003 | 0000 48c7 | 8138 0300 
  0x000074822940a1c0: 0001 0000 | 00e9 0800 | 0000 4883 | 8110 0300 | 0001 488b | 9424 b801 | 0000 488b | 8c24 c001 
  0x000074822940a1e0: 0000 4c8b | c348 b8ff | ffff ffff 

  0x000074822940a1ec: ;   {virtual_call}
  0x000074822940a1ec: ffff ffe8 

  0x000074822940a1f0: ; ImmutableOopMap {}
                      ;*invokeinterface invoke {reexecute=0 rethrow=0 return_oop=0}
                      ; - java.lang.reflect.Method::invoke@90 (line 580)
                      ; - com.sun.javafx.reflect.Trampoline::invoke@7 (line 72)
                      ; - java.lang.invoke.DirectMethodHandle$Holder::invokeStatic@14
                      ; - java.lang.invoke.LambdaForm$MH/0x00007481c820c000::invoke@63
                      ; - java.lang.invoke.LambdaForm$MH/0x00007481c8004c00::invokeExact_MT@24
                      ; - jdk.internal.reflect.DirectMethodHandleAccessor::invokeImpl@92 (line 156)
                      ; - jdk.internal.reflect.DirectMethodHandleAccessor::invoke@23 (line 103)
                      ; - java.lang.reflect.Method::invoke@102 (line 580)
                      ; - com.sun.javafx.reflect.MethodUtil::invoke@20 (line 270)
  0x000074822940a1f0: 8cba 9706 

  0x000074822940a1f4: ;   {other}
  0x000074822940a1f4: 0f1f 8400 | e426 000d 

  0x000074822940a1fc: ;   {metadata(method data for {method} {0x00007481c7045680} 'invoke' '(Ljava/lang/Object;[Ljava/lang/Object;)Ljava/lang/Object;' in 'java/lang/reflect/Method')}
  0x000074822940a1fc: 48ba 108b | b9c3 8174 | 0000 ff82 | 4803 0000 | e9c3 0000 | 0048 3b06 

  0x000074822940a214: ;   {metadata(method data for {method} {0x00007481c7045680} 'invoke' '(Ljava/lang/Object;[Ljava/lang/Object;)Ljava/lang/Object;' in 'java/lang/reflect/Method')}
  0x000074822940a214: 488b d648 | b910 8bb9 | c381 7400 | 008b 5208 | 49ba 0000 | 00c7 8174 | 0000 4903 | d248 3b91 
  0x000074822940a234: 7003 0000 | 750d 4883 | 8178 0300 | 0001 e960 | 0000 0048 | 3b91 8003 | 0000 750d | 4883 8188 
  0x000074822940a254: 0300 0001 | e94a 0000 | 0048 83b9 | 7003 0000 | 0075 1748 | 8991 7003 | 0000 48c7 | 8178 0300 
  0x000074822940a274: 0001 0000 | 00e9 2900 | 0000 4883 | b980 0300 | 0000 7517 | 4889 9180 | 0300 0048 | c781 8803 
  0x000074822940a294: 0000 0100 | 0000 e908 | 0000 0048 | 8381 6003 | 0000 0148 | 8b94 24b8 | 0100 0048 | 8b8c 24c0 
  0x000074822940a2b4: 0100 0066 | 0f1f 4400 | 0048 b8d0 | 1c1a c781 

  0x000074822940a2c4: ;   {virtual_call}
  0x000074822940a2c4: 7400 00e8 

  0x000074822940a2c8: ; ImmutableOopMap {}
                      ;*invokeinterface invoke {reexecute=0 rethrow=0 return_oop=0}
                      ; - java.lang.reflect.Method::invoke@102 (line 580)
                      ; - com.sun.javafx.reflect.Trampoline::invoke@7 (line 72)
                      ; - java.lang.invoke.DirectMethodHandle$Holder::invokeStatic@14
                      ; - java.lang.invoke.LambdaForm$MH/0x00007481c820c000::invoke@63
                      ; - java.lang.invoke.LambdaForm$MH/0x00007481c8004c00::invokeExact_MT@24
                      ; - jdk.internal.reflect.DirectMethodHandleAccessor::invokeImpl@92 (line 156)
                      ; - jdk.internal.reflect.DirectMethodHandleAccessor::invoke@23 (line 103)
                      ; - java.lang.reflect.Method::invoke@102 (line 580)
                      ; - com.sun.javafx.reflect.MethodUtil::invoke@20 (line 270)
  0x000074822940a2c8: d47f 1907 

  0x000074822940a2cc: ;   {other}
  0x000074822940a2cc: 0f1f 8400 | bc27 000e 

  0x000074822940a2d4: ;   {metadata(method data for {method} {0x00007481c70b2ea8} 'invokeStatic' '(Ljava/lang/Object;Ljava/lang/Object;Ljava/lang/Object;Ljava/lang/Object;)Ljava/lang/Object;' in 'java/lang/invoke/DirectMethodHandle$Holder')}
  0x000074822940a2d4: 48ba a84a | 56c4 8174 | 0000 488d | 92d0 0100 | 0048 85c0 | 750c f602 | 0175 4df0 | 4883 0a01 
  0x000074822940a2f4: eb46 8b70 | 0849 ba00 | 0000 c781 | 7400 0049 | 03f2 4c8b | d648 3332 | 48f7 c6fc | ffff ff74 
  0x000074822940a314: 2740 f6c6 | 0275 2148 | f702 feff | ffff 7415 | 498b f248 | 3332 48f7 | c6fc ffff | ff74 0948 
  0x000074822940a334: 830a 02eb | 0348 8932 

  0x000074822940a33c: ;   {metadata(method data for {method} {0x00007481c3b61750} 'invoke' '(Ljava/lang/Object;Ljava/lang/Object;Ljava/lang/Object;Ljava/lang/Object;Ljava/lang/Object;)Ljava/lang/Object;' in 'java/lang/invoke/LambdaForm$MH+0x00007481c820c000')}
  0x000074822940a33c: 48ba 0000 | 82c4 8174 | 0000 488d | 9258 0300 | 0048 85c0 | 750c f602 | 0175 4df0 | 4883 0a01 
  0x000074822940a35c: eb46 8b70 | 0849 ba00 | 0000 c781 | 7400 0049 | 03f2 4c8b | d648 3332 | 48f7 c6fc | ffff ff74 
  0x000074822940a37c: 2740 f6c6 | 0275 2148 | f702 feff | ffff 7415 | 498b f248 | 3332 48f7 | c6fc ffff | ff74 0948 
  0x000074822940a39c: 830a 02eb | 0348 8932 

  0x000074822940a3a4: ;   {metadata(method data for {method} {0x00007481c73c82d8} 'invokeImpl' '(Ljava/lang/Object;[Ljava/lang/Object;)Ljava/lang/Object;' in 'jdk/internal/reflect/DirectMethodHandleAccessor')}
  0x000074822940a3a4: 48ba f899 | b9c3 8174 | 0000 ff82 | 7003 0000 | 4881 c480 | 0200 005d 

  0x000074822940a3bc: ;   {poll_return}
  0x000074822940a3bc: 493b a750 | 0400 000f | 87fb 1b00 

  0x000074822940a3c8: ;   {metadata('java/lang/ClassCastException')}
  0x000074822940a3c8: 00c3 48ba | c09c 06c7 | 8174 0000 | 498b 87b8 | 0100 0048 | 8d78 2849 | 3bbf c801 | 0000 0f87 
  0x000074822940a3e8: ee1b 0000 | 4989 bfb8 | 0100 0048 | c700 0100 | 0000 488b | ca49 ba00 | 0000 c781 | 7400 0049 
  0x000074822940a408: 2bca 8948 | 0848 33c9 | 8948 0c48 | 33c9 4889 | 4810 4889 | 4818 4889 

  0x000074822940a420: ;   {oop(a 'java/lang/Class'{0x00000007ffe87508} = 'java/lang/Object'[])}
  0x000074822940a420: 4820 48be | 0875 e8ff | 0700 0000 

  0x000074822940a42c: ;   {metadata(method data for {method} {0x00007481c7469018} 'cast' '(Ljava/lang/Object;)Ljava/lang/Object;' in 'java/lang/Class')}
  0x000074822940a42c: 488b d648 | bf78 7b0c | c381 7400 | 0048 8387 | b001 0000 | 0148 8b94 | 24c0 0100 | 0048 8984 
  0x000074822940a44c: 24d8 0100 | 0066 0f1f 

  0x000074822940a454: ;   {optimized virtual_call}
  0x000074822940a454: 4400 00e8 

  0x000074822940a458: ; ImmutableOopMap {[432]=Oop [440]=Oop [472]=Oop }
                      ;*invokevirtual cannotCastMsg {reexecute=0 rethrow=0 return_oop=0}
                      ; - java.lang.Class::cast@18 (line 4069)
                      ; - java.lang.invoke.DirectMethodHandle$Holder::invokeSpecial@11
                      ; - java.lang.invoke.LambdaForm$MH/0x00007481c8003c00::invoke@21
                      ; - java.lang.invoke.LambdaForm$MH/0x00007481c820c000::invoke@42
                      ; - java.lang.invoke.LambdaForm$MH/0x00007481c8004c00::invokeExact_MT@24
                      ; - jdk.internal.reflect.DirectMethodHandleAccessor::invokeImpl@92 (line 156)
                      ; - jdk.internal.reflect.DirectMethodHandleAccessor::invoke@23 (line 103)
                      ; - java.lang.reflect.Method::invoke@102 (line 580)
                      ; - com.sun.javafx.reflect.MethodUtil::invoke@20 (line 270)
  0x000074822940a458: 24b3 9706 

  0x000074822940a45c: ;   {other}
  0x000074822940a45c: 0f1f 8400 | 4c29 000f | 488b 9424 | d801 0000 

  0x000074822940a46c: ;   {metadata(method data for {method} {0x00007481c7469018} 'cast' '(Ljava/lang/Object;)Ljava/lang/Object;' in 'java/lang/Class')}
  0x000074822940a46c: 48be 787b | 0cc3 8174 | 0000 4883 | 86e8 0100 | 0001 488b | d048 8bb4 | 24d8 0100 | 0066 0f1f 
  0x000074822940a48c: ;   {optimized virtual_call}
  0x000074822940a48c: 4400 00e8 

  0x000074822940a490: ; ImmutableOopMap {[432]=Oop [440]=Oop [472]=Oop }
                      ;*invokespecial <init> {reexecute=0 rethrow=0 return_oop=0}
                      ; - java.lang.Class::cast@21 (line 4069)
                      ; - java.lang.invoke.DirectMethodHandle$Holder::invokeSpecial@11
                      ; - java.lang.invoke.LambdaForm$MH/0x00007481c8003c00::invoke@21
                      ; - java.lang.invoke.LambdaForm$MH/0x00007481c820c000::invoke@42
                      ; - java.lang.invoke.LambdaForm$MH/0x00007481c8004c00::invokeExact_MT@24
                      ; - jdk.internal.reflect.DirectMethodHandleAccessor::invokeImpl@92 (line 156)
                      ; - jdk.internal.reflect.DirectMethodHandleAccessor::invoke@23 (line 103)
                      ; - java.lang.reflect.Method::invoke@102 (line 580)
                      ; - com.sun.javafx.reflect.MethodUtil::invoke@20 (line 270)
  0x000074822940a490: ecb2 9706 

  0x000074822940a494: ;   {other}
  0x000074822940a494: 0f1f 8400 | 8429 0010 | 488b 8424 

  0x000074822940a4a0: ; ImmutableOopMap {rax=Oop [432]=Oop [440]=Oop }
                      ;*athrow {reexecute=1 rethrow=0 return_oop=0}
                      ; - (reexecute) java.lang.Class::cast@24 (line 4069)
                      ; - java.lang.invoke.DirectMethodHandle$Holder::invokeSpecial@11
                      ; - java.lang.invoke.LambdaForm$MH/0x00007481c8003c00::invoke@21
                      ; - java.lang.invoke.LambdaForm$MH/0x00007481c820c000::invoke@42
                      ; - java.lang.invoke.LambdaForm$MH/0x00007481c8004c00::invokeExact_MT@24
                      ; - jdk.internal.reflect.DirectMethodHandleAccessor::invokeImpl@92 (line 156)
                      ; - jdk.internal.reflect.DirectMethodHandleAccessor::invoke@23 (line 103)
                      ; - java.lang.reflect.Method::invoke@102 (line 580)
                      ; - com.sun.javafx.reflect.MethodUtil::invoke@20 (line 270)
  0x000074822940a4a0: d801 0000 

  0x000074822940a4a4: ;   {section_word}
  0x000074822940a4a4: 48ba a4a4 | 4029 8274 

  0x000074822940a4ac: ;   {runtime_call handle_exception_nofpu Runtime1 stub}
  0x000074822940a4ac: 0000 e84d | c2a4 0690 

  0x000074822940a4b4: ;   {metadata('java/lang/ClassCastException')}
  0x000074822940a4b4: 488b df48 | bac0 9c06 | c781 7400 | 0049 8b87 | b801 0000 | 488d 7828 | 493b bfc8 | 0100 000f 
  0x000074822940a4d4: 870e 1b00 | 0049 89bf | b801 0000 | 48c7 0001 | 0000 0048 | 8bca 49ba | 0000 00c7 | 8174 0000 
  0x000074822940a4f4: 492b ca89 | 4808 4833 | c989 480c | 4833 c948 | 8948 1048 | 8948 1848 

  0x000074822940a50c: ;   {oop(a 'java/lang/Class'{0x00000007ffe82588} = 'java/lang/reflect/Method')}
  0x000074822940a50c: 8948 2048 | be88 25e8 | ff07 0000 | 0048 8bd6 

  0x000074822940a51c: ;   {metadata(method data for {method} {0x00007481c7469018} 'cast' '(Ljava/lang/Object;)Ljava/lang/Object;' in 'java/lang/Class')}
  0x000074822940a51c: 48bf 787b | 0cc3 8174 | 0000 4883 | 87b0 0100 | 0001 488b | d348 8984 | 24e0 0100 | 0066 0f1f 
  0x000074822940a53c: ;   {optimized virtual_call}
  0x000074822940a53c: 4400 00e8 

  0x000074822940a540: ; ImmutableOopMap {[440]=Oop [448]=Oop [480]=Oop }
                      ;*invokevirtual cannotCastMsg {reexecute=0 rethrow=0 return_oop=0}
                      ; - java.lang.Class::cast@18 (line 4069)
                      ; - java.lang.invoke.DirectMethodHandle$Holder::invokeSpecial@11
                      ; - java.lang.invoke.LambdaForm$MH/0x00007481c8003c00::invoke@21
                      ; - java.lang.invoke.LambdaForm$MH/0x00007481c820c000::invoke@24
                      ; - java.lang.invoke.LambdaForm$MH/0x00007481c8004c00::invokeExact_MT@24
                      ; - jdk.internal.reflect.DirectMethodHandleAccessor::invokeImpl@92 (line 156)
                      ; - jdk.internal.reflect.DirectMethodHandleAccessor::invoke@23 (line 103)
                      ; - java.lang.reflect.Method::invoke@102 (line 580)
                      ; - com.sun.javafx.reflect.MethodUtil::invoke@20 (line 270)
  0x000074822940a540: 3cb2 9706 

  0x000074822940a544: ;   {other}
  0x000074822940a544: 0f1f 8400 | 342a 0012 | 488b 9424 | e001 0000 

  0x000074822940a554: ;   {metadata(method data for {method} {0x00007481c7469018} 'cast' '(Ljava/lang/Object;)Ljava/lang/Object;' in 'java/lang/Class')}
  0x000074822940a554: 48be 787b | 0cc3 8174 | 0000 4883 | 86e8 0100 | 0001 488b | d048 8bb4 | 24e0 0100 | 0066 0f1f 
  0x000074822940a574: ;   {optimized virtual_call}
  0x000074822940a574: 4400 00e8 

  0x000074822940a578: ; ImmutableOopMap {[440]=Oop [448]=Oop [480]=Oop }
                      ;*invokespecial <init> {reexecute=0 rethrow=0 return_oop=0}
                      ; - java.lang.Class::cast@21 (line 4069)
                      ; - java.lang.invoke.DirectMethodHandle$Holder::invokeSpecial@11
                      ; - java.lang.invoke.LambdaForm$MH/0x00007481c8003c00::invoke@21
                      ; - java.lang.invoke.LambdaForm$MH/0x00007481c820c000::invoke@24
                      ; - java.lang.invoke.LambdaForm$MH/0x00007481c8004c00::invokeExact_MT@24
                      ; - jdk.internal.reflect.DirectMethodHandleAccessor::invokeImpl@92 (line 156)
                      ; - jdk.internal.reflect.DirectMethodHandleAccessor::invoke@23 (line 103)
                      ; - java.lang.reflect.Method::invoke@102 (line 580)
                      ; - com.sun.javafx.reflect.MethodUtil::invoke@20 (line 270)
  0x000074822940a578: 04b2 9706 

  0x000074822940a57c: ;   {other}
  0x000074822940a57c: 0f1f 8400 | 6c2a 0013 | 488b 8424 

  0x000074822940a588: ; ImmutableOopMap {rax=Oop [440]=Oop [448]=Oop }
                      ;*athrow {reexecute=1 rethrow=0 return_oop=0}
                      ; - (reexecute) java.lang.Class::cast@24 (line 4069)
                      ; - java.lang.invoke.DirectMethodHandle$Holder::invokeSpecial@11
                      ; - java.lang.invoke.LambdaForm$MH/0x00007481c8003c00::invoke@21
                      ; - java.lang.invoke.LambdaForm$MH/0x00007481c820c000::invoke@24
                      ; - java.lang.invoke.LambdaForm$MH/0x00007481c8004c00::invokeExact_MT@24
                      ; - jdk.internal.reflect.DirectMethodHandleAccessor::invokeImpl@92 (line 156)
                      ; - jdk.internal.reflect.DirectMethodHandleAccessor::invoke@23 (line 103)
                      ; - java.lang.reflect.Method::invoke@102 (line 580)
                      ; - com.sun.javafx.reflect.MethodUtil::invoke@20 (line 270)
  0x000074822940a588: e001 0000 

  0x000074822940a58c: ;   {section_word}
  0x000074822940a58c: 48ba 8ca5 | 4029 8274 

  0x000074822940a594: ;   {runtime_call handle_exception_nofpu Runtime1 stub}
  0x000074822940a594: 0000 e865 | c1a4 0690 | 498b 8700 | 0500 004d | 33d2 4d89 | 9700 0500 | 004d 33d2 | 4d89 9708 
  0x000074822940a5b4: ;   {oop(a 'jdk/internal/reflect/DirectMethodHandleAccessor'{0x000000070fec3138})}
  0x000074822940a5b4: 0500 0048 | be38 31ec | 0f07 0000 

  0x000074822940a5c0: ;   {metadata(method data for {method} {0x00007481c71a1f10} 'invoke' '(Ljava/lang/Object;[Ljava/lang/Object;)Ljava/lang/Object;' in 'jdk/internal/reflect/DirectMethodHandleAccessor')}
  0x000074822940a5c0: 0048 baf0 | 91b9 c381 | 7400 0048 | 8382 8802 

  0x000074822940a5d0: ;   {metadata(method data for {method} {0x00007481c73c8280} 'isIllegalArgument' '(Ljava/lang/RuntimeException;)Z' in 'jdk/internal/reflect/DirectMethodHandleAccessor')}
  0x000074822940a5d0: 0000 0148 | be10 a4b9 | c381 7400 | 008b 96f4 | 0000 0083 | c202 8996 | f400 0000 | 81e2 feff 
  0x000074822940a5f0: 1f00 85d2 | 0f84 fa19 

  0x000074822940a5f8: ;   {oop(a 'java/lang/Class'{0x00000007ffebb408} = 'jdk/internal/reflect/DirectMethodHandleAccessor')}
  0x000074822940a5f8: 0000 48be | 08b4 ebff | 0700 0000 | 488b d048 | 8984 24e8 

  0x000074822940a60c: ;   {static_call}
  0x000074822940a60c: 0100 00e8 

  0x000074822940a610: ; ImmutableOopMap {[488]=Oop }
                      ;*invokestatic isIllegalArgument {reexecute=0 rethrow=0 return_oop=0}
                      ; - jdk.internal.reflect.DirectMethodHandleAccessor::isIllegalArgument@3 (line 191)
                      ; - jdk.internal.reflect.DirectMethodHandleAccessor::invoke@58 (line 112)
                      ; - java.lang.reflect.Method::invoke@102 (line 580)
                      ; - com.sun.javafx.reflect.MethodUtil::invoke@20 (line 270)
  0x000074822940a610: 6cbb 9706 

  0x000074822940a614: ;   {other}
  0x000074822940a614: 0f1f 8400 | 042b 0015 | 83e0 0185 

  0x000074822940a620: ;   {metadata(method data for {method} {0x00007481c71a1f10} 'invoke' '(Ljava/lang/Object;[Ljava/lang/Object;)Ljava/lang/Object;' in 'jdk/internal/reflect/DirectMethodHandleAccessor')}
  0x000074822940a620: c048 b8f0 | 91b9 c381 | 7400 0048 | c7c6 c002 | 0000 7407 | 48c7 c6d0 | 0200 0048 | 8b14 3048 
  0x000074822940a640: 8d52 0148 | 8914 300f | 84c4 0200 | 00e9 1a02 | 0000 498b | 8700 0500 | 004d 33d2 | 4d89 9700 
  0x000074822940a660: 0500 004d | 33d2 4d89 | 9708 0500 

  0x000074822940a66c: ;   {oop(a 'jdk/internal/reflect/DirectMethodHandleAccessor'{0x000000070fec3138})}
  0x000074822940a66c: 0048 be38 | 31ec 0f07 

  0x000074822940a674: ;   {metadata(method data for {method} {0x00007481c71a1f10} 'invoke' '(Ljava/lang/Object;[Ljava/lang/Object;)Ljava/lang/Object;' in 'jdk/internal/reflect/DirectMethodHandleAccessor')}
  0x000074822940a674: 0000 0048 | baf0 91b9 | c381 7400 | 0048 8382 | 1002 0000 

  0x000074822940a688: ;   {metadata(method data for {method} {0x00007481c73c8280} 'isIllegalArgument' '(Ljava/lang/RuntimeException;)Z' in 'jdk/internal/reflect/DirectMethodHandleAccessor')}
  0x000074822940a688: 0148 be10 | a4b9 c381 | 7400 008b | 96f4 0000 | 0083 c202 | 8996 f400 | 0000 81e2 | feff 1f00 
  0x000074822940a6a8: 85d2 0f84 | 6519 0000 

  0x000074822940a6b0: ;   {oop(a 'java/lang/Class'{0x00000007ffebb408} = 'jdk/internal/reflect/DirectMethodHandleAccessor')}
  0x000074822940a6b0: 48be 08b4 | ebff 0700 | 0000 488b | d048 8984 | 24f0 0100 

  0x000074822940a6c4: ;   {static_call}
  0x000074822940a6c4: 0066 90e8 

  0x000074822940a6c8: ; ImmutableOopMap {[496]=Oop }
                      ;*invokestatic isIllegalArgument {reexecute=0 rethrow=0 return_oop=0}
                      ; - jdk.internal.reflect.DirectMethodHandleAccessor::isIllegalArgument@3 (line 191)
                      ; - jdk.internal.reflect.DirectMethodHandleAccessor::invoke@30 (line 105)
                      ; - java.lang.reflect.Method::invoke@102 (line 580)
                      ; - com.sun.javafx.reflect.MethodUtil::invoke@20 (line 270)
  0x000074822940a6c8: b4ba 9706 

  0x000074822940a6cc: ;   {other}
  0x000074822940a6cc: 0f1f 8400 | bc2b 0016 | 83e0 0185 

  0x000074822940a6d8: ;   {metadata(method data for {method} {0x00007481c71a1f10} 'invoke' '(Ljava/lang/Object;[Ljava/lang/Object;)Ljava/lang/Object;' in 'jdk/internal/reflect/DirectMethodHandleAccessor')}
  0x000074822940a6d8: c048 baf0 | 91b9 c381 | 7400 0048 | c7c6 4802 | 0000 7407 | 48c7 c658 | 0200 0048 | 8b3c 3248 
  0x000074822940a6f8: 8d7f 0148 | 893c 320f | 84a4 0000 | 0066 6690 

  0x000074822940a708: ;   {no_reloc}
  0x000074822940a708: e938 1900 | 0000 0000 | 0000 498b | 87b8 0100 | 0048 8d78 | 2849 3bbf | c801 0000 | 0f87 2519 
  0x000074822940a728: 0000 4989 | bfb8 0100 | 0048 c700 | 0100 0000 | 488b ca49 | ba00 0000 | c781 7400 | 0049 2bca 
  0x000074822940a748: 8948 0848 | 33c9 8948 | 0c48 33c9 | 4889 4810 | 4889 4818 | 4889 4820 

  0x000074822940a760: ;   {metadata(method data for {method} {0x00007481c71a1f10} 'invoke' '(Ljava/lang/Object;[Ljava/lang/Object;)Ljava/lang/Object;' in 'jdk/internal/reflect/DirectMethodHandleAccessor')}
  0x000074822940a760: 488b d048 | bef0 91b9 | c381 7400 | 0048 8386 | 6802 0000 

  0x000074822940a774: ;   {oop("argument type mismatch"{0x00000007ffe087d0})}
  0x000074822940a774: 0148 bad0 | 87e0 ff07 | 0000 0048 | 8bf0 4889 | 8424 f801 | 0000 0f1f 

  0x000074822940a78c: ;   {optimized virtual_call}
  0x000074822940a78c: 4400 00e8 

  0x000074822940a790: ; ImmutableOopMap {[504]=Oop }
                      ;*invokespecial <init> {reexecute=0 rethrow=0 return_oop=0}
                      ; - jdk.internal.reflect.DirectMethodHandleAccessor::invoke@42 (line 107)
                      ; - java.lang.reflect.Method::invoke@102 (line 580)
                      ; - com.sun.javafx.reflect.MethodUtil::invoke@20 (line 270)
  0x000074822940a790: ecaf 9706 

  0x000074822940a794: ;   {other}
  0x000074822940a794: 0f1f 8400 | 842c 0017 | 488b 8424 | f801 0000 | e930 1b00 | 0048 8b9c | 24f0 0100 | 000f 1f80 
  0x000074822940a7b4: 0000 0000 

  0x000074822940a7b8: ;   {no_reloc}
  0x000074822940a7b8: e9ae 1800 | 0000 0000 | 0000 80ba | 3101 0000 | 040f 85ab | 1800 0049 | 8b87 b801 | 0000 488d 
  0x000074822940a7d8: 7828 493b | bfc8 0100 | 000f 8793 | 1800 0049 | 89bf b801 | 0000 48c7 | 0001 0000 | 0048 8bca 
  0x000074822940a7f8: 49ba 0000 | 00c7 8174 | 0000 492b | ca89 4808 | 4833 c989 | 480c 4833 | c948 8948 | 1048 8948 
  0x000074822940a818: 1848 8948 | 2048 8bd0 

  0x000074822940a820: ;   {metadata(method data for {method} {0x00007481c71a1f10} 'invoke' '(Ljava/lang/Object;[Ljava/lang/Object;)Ljava/lang/Object;' in 'jdk/internal/reflect/DirectMethodHandleAccessor')}
  0x000074822940a820: 48be f091 | b9c3 8174 | 0000 4883 | 8678 0200 | 0001 488b | d348 8bf0 | 4889 8424 | 0002 0000 
  0x000074822940a840: 0f1f 8000 

  0x000074822940a844: ;   {optimized virtual_call}
  0x000074822940a844: 0000 00e8 

  0x000074822940a848: ; ImmutableOopMap {[512]=Oop }
                      ;*invokespecial <init> {reexecute=0 rethrow=0 return_oop=0}
                      ; - jdk.internal.reflect.DirectMethodHandleAccessor::invoke@51 (line 109)
                      ; - java.lang.reflect.Method::invoke@102 (line 580)
                      ; - com.sun.javafx.reflect.MethodUtil::invoke@20 (line 270)
  0x000074822940a848: 34af 9706 

  0x000074822940a84c: ;   {other}
  0x000074822940a84c: 0f1f 8400 | 3c2d 0018 | 488b 8424 

  0x000074822940a858: ; ImmutableOopMap {rax=Oop }
                      ;*athrow {reexecute=1 rethrow=0 return_oop=0}
                      ; - (reexecute) jdk.internal.reflect.DirectMethodHandleAccessor::invoke@54 (line 109)
                      ; - java.lang.reflect.Method::invoke@102 (line 580)
                      ; - com.sun.javafx.reflect.MethodUtil::invoke@20 (line 270)
  0x000074822940a858: 0002 0000 

  0x000074822940a85c: ;   {section_word}
  0x000074822940a85c: 48ba 5ca8 | 4029 8274 

  0x000074822940a864: ;   {runtime_call handle_exception_nofpu Runtime1 stub}
  0x000074822940a864: 0000 e895 | bea4 0690 | 0f1f 4000 

  0x000074822940a870: ;   {no_reloc}
  0x000074822940a870: e921 1800 | 0000 0000 | 0000 498b | 87b8 0100 | 0048 8d78 | 2849 3bbf | c801 0000 | 0f87 0e18 
  0x000074822940a890: 0000 4989 | bfb8 0100 | 0048 c700 | 0100 0000 | 488b ca49 | ba00 0000 | c781 7400 | 0049 2bca 
  0x000074822940a8b0: 8948 0848 | 33c9 8948 | 0c48 33c9 | 4889 4810 | 4889 4818 | 4889 4820 

  0x000074822940a8c8: ;   {metadata(method data for {method} {0x00007481c71a1f10} 'invoke' '(Ljava/lang/Object;[Ljava/lang/Object;)Ljava/lang/Object;' in 'jdk/internal/reflect/DirectMethodHandleAccessor')}
  0x000074822940a8c8: 488b d048 | bef0 91b9 | c381 7400 | 0048 8386 | e002 0000 | 0148 8b94 | 24e8 0100 | 0048 8bf0 
  0x000074822940a8e8: 4889 8424 | 0802 0000 | 0f1f 8000 

  0x000074822940a8f4: ;   {optimized virtual_call}
  0x000074822940a8f4: 0000 00e8 

  0x000074822940a8f8: ; ImmutableOopMap {[520]=Oop }
                      ;*invokespecial <init> {reexecute=0 rethrow=0 return_oop=0}
                      ; - jdk.internal.reflect.DirectMethodHandleAccessor::invoke@69 (line 113)
                      ; - java.lang.reflect.Method::invoke@102 (line 580)
                      ; - com.sun.javafx.reflect.MethodUtil::invoke@20 (line 270)
  0x000074822940a8f8: 84ae 9706 

  0x000074822940a8fc: ;   {other}
  0x000074822940a8fc: 0f1f 8400 | ec2d 001a | 488b 8424 | 0802 0000 | e9c8 1900 | 0048 8b9c | 24e8 0100 | 000f 1f80 
  0x000074822940a91c: 0000 0000 

  0x000074822940a920: ;   {no_reloc}
  0x000074822940a920: e997 1700 | 0000 0000 | 0000 80ba | 3101 0000 | 040f 8594 | 1700 0049 | 8b87 b801 | 0000 488d 
  0x000074822940a940: 7828 493b | bfc8 0100 | 000f 877c | 1700 0049 | 89bf b801 | 0000 48c7 | 0001 0000 | 0048 8bca 
  0x000074822940a960: 49ba 0000 | 00c7 8174 | 0000 492b | ca89 4808 | 4833 c989 | 480c 4833 | c948 8948 | 1048 8948 
  0x000074822940a980: 1848 8948 | 2048 8bd0 

  0x000074822940a988: ;   {metadata(method data for {method} {0x00007481c71a1f10} 'invoke' '(Ljava/lang/Object;[Ljava/lang/Object;)Ljava/lang/Object;' in 'jdk/internal/reflect/DirectMethodHandleAccessor')}
  0x000074822940a988: 48be f091 | b9c3 8174 | 0000 4883 | 86f0 0200 | 0001 488b | d348 8bf0 | 4889 8424 | 1002 0000 
  0x000074822940a9a8: 0f1f 8000 

  0x000074822940a9ac: ;   {optimized virtual_call}
  0x000074822940a9ac: 0000 00e8 

  0x000074822940a9b0: ; ImmutableOopMap {[528]=Oop }
                      ;*invokespecial <init> {reexecute=0 rethrow=0 return_oop=0}
                      ; - jdk.internal.reflect.DirectMethodHandleAccessor::invoke@78 (line 115)
                      ; - java.lang.reflect.Method::invoke@102 (line 580)
                      ; - com.sun.javafx.reflect.MethodUtil::invoke@20 (line 270)
  0x000074822940a9b0: ccad 9706 

  0x000074822940a9b4: ;   {other}
  0x000074822940a9b4: 0f1f 8400 | a42e 001b | 488b 8424 

  0x000074822940a9c0: ; ImmutableOopMap {rax=Oop }
                      ;*athrow {reexecute=1 rethrow=0 return_oop=0}
                      ; - (reexecute) jdk.internal.reflect.DirectMethodHandleAccessor::invoke@81 (line 115)
                      ; - java.lang.reflect.Method::invoke@102 (line 580)
                      ; - com.sun.javafx.reflect.MethodUtil::invoke@20 (line 270)
  0x000074822940a9c0: 1002 0000 

  0x000074822940a9c4: ;   {section_word}
  0x000074822940a9c4: 48ba c4a9 | 4029 8274 

  0x000074822940a9cc: ;   {runtime_call handle_exception_nofpu Runtime1 stub}
  0x000074822940a9cc: 0000 e82d | bda4 0690 | 4889 bc24 | a801 0000 | 0f1f 4000 

  0x000074822940a9e0: ;   {no_reloc}
  0x000074822940a9e0: e902 1700 | 0000 0000 | 0000 498b | 87b8 0100 | 0048 8d78 | 3049 3bbf | c801 0000 | 0f87 ef16 
  0x000074822940aa00: 0000 4989 | bfb8 0100 | 0048 c700 | 0100 0000 | 488b ca49 | ba00 0000 | c781 7400 | 0049 2bca 
  0x000074822940aa20: 8948 0848 | 33c9 8948 | 0c48 33c9 | 4889 4810 | 4889 4818 | 4889 4820 | 4889 4828 

  0x000074822940aa3c: ;   {metadata(method data for {method} {0x00007481c7056360} 'requireNonNull' '(Ljava/lang/Object;)Ljava/lang/Object;' in 'java/util/Objects')}
  0x000074822940aa3c: 488b f048 | bfc8 1701 | c381 7400 | 0048 8387 | 5801 0000 | 0148 8bf0 | 4889 8424 | 1802 0000 
  0x000074822940aa5c: ;   {optimized virtual_call}
  0x000074822940aa5c: 6666 90e8 

  0x000074822940aa60: ; ImmutableOopMap {[408]=Oop [424]=Oop [536]=Oop }
                      ;*invokespecial <init> {reexecute=0 rethrow=0 return_oop=0}
                      ; - java.util.Objects::requireNonNull@8 (line 233)
                      ; - java.lang.invoke.MethodHandleImpl$1::reflectiveInvoker@1 (line 1655)
                      ; - jdk.internal.reflect.DirectMethodHandleAccessor::invokeImpl@121 (line 176)
                      ; - jdk.internal.reflect.DirectMethodHandleAccessor::invoke@24 (line 130)
                      ; - java.lang.reflect.Method::invoke@90 (line 580)
                      ; - com.sun.javafx.reflect.MethodUtil::invoke@20 (line 270)
  0x000074822940aa60: 1cad 9706 

  0x000074822940aa64: ;   {other}
  0x000074822940aa64: 0f1f 8400 | 542f 001d | 488b 8424 

  0x000074822940aa70: ; ImmutableOopMap {rax=Oop [408]=Oop [424]=Oop }
                      ;*athrow {reexecute=1 rethrow=0 return_oop=0}
                      ; - (reexecute) java.util.Objects::requireNonNull@11 (line 233)
                      ; - java.lang.invoke.MethodHandleImpl$1::reflectiveInvoker@1 (line 1655)
                      ; - jdk.internal.reflect.DirectMethodHandleAccessor::invokeImpl@121 (line 176)
                      ; - jdk.internal.reflect.DirectMethodHandleAccessor::invoke@24 (line 130)
                      ; - java.lang.reflect.Method::invoke@90 (line 580)
                      ; - com.sun.javafx.reflect.MethodUtil::invoke@20 (line 270)
  0x000074822940aa70: 1802 0000 

  0x000074822940aa74: ;   {section_word}
  0x000074822940aa74: 48ba 74aa | 4029 8274 

  0x000074822940aa7c: ;   {runtime_call handle_exception_nofpu Runtime1 stub}
  0x000074822940aa7c: 0000 e87d | bca4 0690 | 498b 8700 | 0500 004d | 33d2 4d89 | 9700 0500 | 004d 33d2 | 4d89 9708 
  0x000074822940aa9c: ;   {oop(a 'jdk/internal/reflect/DirectMethodHandleAccessor'{0x000000070fec3138})}
  0x000074822940aa9c: 0500 0048 | be38 31ec | 0f07 0000 

  0x000074822940aaa8: ;   {metadata(method data for {method} {0x00007481c71a1f68} 'invoke' '(Ljava/lang/Object;[Ljava/lang/Object;Ljava/lang/Class;)Ljava/lang/Object;' in 'jdk/internal/reflect/DirectMethodHandleAccessor')}
  0x000074822940aaa8: 0048 ba58 | c4ba c381 | 7400 0048 | 8382 8802 

  0x000074822940aab8: ;   {metadata(method data for {method} {0x00007481c73c8280} 'isIllegalArgument' '(Ljava/lang/RuntimeException;)Z' in 'jdk/internal/reflect/DirectMethodHandleAccessor')}
  0x000074822940aab8: 0000 0148 | be10 a4b9 | c381 7400 | 008b 96f4 | 0000 0083 | c202 8996 | f400 0000 | 81e2 feff 
  0x000074822940aad8: 1f00 85d2 | 0f84 1c16 

  0x000074822940aae0: ;   {oop(a 'java/lang/Class'{0x00000007ffebb408} = 'jdk/internal/reflect/DirectMethodHandleAccessor')}
  0x000074822940aae0: 0000 48be | 08b4 ebff | 0700 0000 | 488b d048 | 8984 2420 

  0x000074822940aaf4: ;   {static_call}
  0x000074822940aaf4: 0200 00e8 

  0x000074822940aaf8: ; ImmutableOopMap {[544]=Oop }
                      ;*invokestatic isIllegalArgument {reexecute=0 rethrow=0 return_oop=0}
                      ; - jdk.internal.reflect.DirectMethodHandleAccessor::isIllegalArgument@3 (line 191)
                      ; - jdk.internal.reflect.DirectMethodHandleAccessor::invoke@64 (line 139)
                      ; - java.lang.reflect.Method::invoke@90 (line 580)
                      ; - com.sun.javafx.reflect.MethodUtil::invoke@20 (line 270)
  0x000074822940aaf8: 84b6 9706 

  0x000074822940aafc: ;   {other}
  0x000074822940aafc: 0f1f 8400 | ec2f 001f | 83e0 0185 

  0x000074822940ab08: ;   {metadata(method data for {method} {0x00007481c71a1f68} 'invoke' '(Ljava/lang/Object;[Ljava/lang/Object;Ljava/lang/Class;)Ljava/lang/Object;' in 'jdk/internal/reflect/DirectMethodHandleAccessor')}
  0x000074822940ab08: c048 b858 | c4ba c381 | 7400 0048 | c7c6 c002 | 0000 7407 | 48c7 c6d0 | 0200 0048 | 8b14 3048 
  0x000074822940ab28: 8d52 0148 | 8914 300f | 84c4 0200 | 00e9 1a02 | 0000 498b | 8700 0500 | 004d 33d2 | 4d89 9700 
  0x000074822940ab48: 0500 004d | 33d2 4d89 | 9708 0500 

  0x000074822940ab54: ;   {oop(a 'jdk/internal/reflect/DirectMethodHandleAccessor'{0x000000070fec3138})}
  0x000074822940ab54: 0048 be38 | 31ec 0f07 

  0x000074822940ab5c: ;   {metadata(method data for {method} {0x00007481c71a1f68} 'invoke' '(Ljava/lang/Object;[Ljava/lang/Object;Ljava/lang/Class;)Ljava/lang/Object;' in 'jdk/internal/reflect/DirectMethodHandleAccessor')}
  0x000074822940ab5c: 0000 0048 | ba58 c4ba | c381 7400 | 0048 8382 | 1002 0000 

  0x000074822940ab70: ;   {metadata(method data for {method} {0x00007481c73c8280} 'isIllegalArgument' '(Ljava/lang/RuntimeException;)Z' in 'jdk/internal/reflect/DirectMethodHandleAccessor')}
  0x000074822940ab70: 0148 be10 | a4b9 c381 | 7400 008b | 96f4 0000 | 0083 c202 | 8996 f400 | 0000 81e2 | feff 1f00 
  0x000074822940ab90: 85d2 0f84 | 8715 0000 

  0x000074822940ab98: ;   {oop(a 'java/lang/Class'{0x00000007ffebb408} = 'jdk/internal/reflect/DirectMethodHandleAccessor')}
  0x000074822940ab98: 48be 08b4 | ebff 0700 | 0000 488b | d048 8984 | 2428 0200 

  0x000074822940abac: ;   {static_call}
  0x000074822940abac: 0066 90e8 

  0x000074822940abb0: ; ImmutableOopMap {[552]=Oop }
                      ;*invokestatic isIllegalArgument {reexecute=0 rethrow=0 return_oop=0}
                      ; - jdk.internal.reflect.DirectMethodHandleAccessor::isIllegalArgument@3 (line 191)
                      ; - jdk.internal.reflect.DirectMethodHandleAccessor::invoke@33 (line 132)
                      ; - java.lang.reflect.Method::invoke@90 (line 580)
                      ; - com.sun.javafx.reflect.MethodUtil::invoke@20 (line 270)
  0x000074822940abb0: ccb5 9706 

  0x000074822940abb4: ;   {other}
  0x000074822940abb4: 0f1f 8400 | a430 0020 | 83e0 0185 

  0x000074822940abc0: ;   {metadata(method data for {method} {0x00007481c71a1f68} 'invoke' '(Ljava/lang/Object;[Ljava/lang/Object;Ljava/lang/Class;)Ljava/lang/Object;' in 'jdk/internal/reflect/DirectMethodHandleAccessor')}
  0x000074822940abc0: c048 ba58 | c4ba c381 | 7400 0048 | c7c6 4802 | 0000 7407 | 48c7 c658 | 0200 0048 | 8b3c 3248 
  0x000074822940abe0: 8d7f 0148 | 893c 320f | 84a4 0000 | 0066 6690 

  0x000074822940abf0: ;   {no_reloc}
  0x000074822940abf0: e95a 1500 | 0000 0000 | 0000 498b | 87b8 0100 | 0048 8d78 | 2849 3bbf | c801 0000 | 0f87 4715 
  0x000074822940ac10: 0000 4989 | bfb8 0100 | 0048 c700 | 0100 0000 | 488b ca49 | ba00 0000 | c781 7400 | 0049 2bca 
  0x000074822940ac30: 8948 0848 | 33c9 8948 | 0c48 33c9 | 4889 4810 | 4889 4818 | 4889 4820 

  0x000074822940ac48: ;   {metadata(method data for {method} {0x00007481c71a1f68} 'invoke' '(Ljava/lang/Object;[Ljava/lang/Object;Ljava/lang/Class;)Ljava/lang/Object;' in 'jdk/internal/reflect/DirectMethodHandleAccessor')}
  0x000074822940ac48: 488b d048 | be58 c4ba | c381 7400 | 0048 8386 | 6802 0000 

  0x000074822940ac5c: ;   {oop("argument type mismatch"{0x00000007ffe087d0})}
  0x000074822940ac5c: 0148 bad0 | 87e0 ff07 | 0000 0048 | 8bf0 4889 | 8424 3002 | 0000 0f1f 

  0x000074822940ac74: ;   {optimized virtual_call}
  0x000074822940ac74: 4400 00e8 

  0x000074822940ac78: ; ImmutableOopMap {[560]=Oop }
                      ;*invokespecial <init> {reexecute=0 rethrow=0 return_oop=0}
                      ; - jdk.internal.reflect.DirectMethodHandleAccessor::invoke@45 (line 134)
                      ; - java.lang.reflect.Method::invoke@90 (line 580)
                      ; - com.sun.javafx.reflect.MethodUtil::invoke@20 (line 270)
  0x000074822940ac78: 04ab 9706 

  0x000074822940ac7c: ;   {other}
  0x000074822940ac7c: 0f1f 8400 | 6c31 0021 | 488b 8424 | 3002 0000 | e948 1600 | 0048 8b9c | 2428 0200 | 000f 1f80 
  0x000074822940ac9c: 0000 0000 

  0x000074822940aca0: ;   {no_reloc}
  0x000074822940aca0: e9d0 1400 | 0000 0000 | 0000 80ba | 3101 0000 | 040f 85cd | 1400 0049 | 8b87 b801 | 0000 488d 
  0x000074822940acc0: 7828 493b | bfc8 0100 | 000f 87b5 | 1400 0049 | 89bf b801 | 0000 48c7 | 0001 0000 | 0048 8bca 
  0x000074822940ace0: 49ba 0000 | 00c7 8174 | 0000 492b | ca89 4808 | 4833 c989 | 480c 4833 | c948 8948 | 1048 8948 
  0x000074822940ad00: 1848 8948 | 2048 8bd0 

  0x000074822940ad08: ;   {metadata(method data for {method} {0x00007481c71a1f68} 'invoke' '(Ljava/lang/Object;[Ljava/lang/Object;Ljava/lang/Class;)Ljava/lang/Object;' in 'jdk/internal/reflect/DirectMethodHandleAccessor')}
  0x000074822940ad08: 48be 58c4 | bac3 8174 | 0000 4883 | 8678 0200 | 0001 488b | d348 8bf0 | 4889 8424 | 3802 0000 
  0x000074822940ad28: 0f1f 8000 

  0x000074822940ad2c: ;   {optimized virtual_call}
  0x000074822940ad2c: 0000 00e8 

  0x000074822940ad30: ; ImmutableOopMap {[568]=Oop }
                      ;*invokespecial <init> {reexecute=0 rethrow=0 return_oop=0}
                      ; - jdk.internal.reflect.DirectMethodHandleAccessor::invoke@55 (line 136)
                      ; - java.lang.reflect.Method::invoke@90 (line 580)
                      ; - com.sun.javafx.reflect.MethodUtil::invoke@20 (line 270)
  0x000074822940ad30: 4caa 9706 

  0x000074822940ad34: ;   {other}
  0x000074822940ad34: 0f1f 8400 | 2432 0022 | 488b 8424 

  0x000074822940ad40: ; ImmutableOopMap {rax=Oop }
                      ;*athrow {reexecute=1 rethrow=0 return_oop=0}
                      ; - (reexecute) jdk.internal.reflect.DirectMethodHandleAccessor::invoke@58 (line 136)
                      ; - java.lang.reflect.Method::invoke@90 (line 580)
                      ; - com.sun.javafx.reflect.MethodUtil::invoke@20 (line 270)
  0x000074822940ad40: 3802 0000 

  0x000074822940ad44: ;   {section_word}
  0x000074822940ad44: 48ba 44ad | 4029 8274 

  0x000074822940ad4c: ;   {runtime_call handle_exception_nofpu Runtime1 stub}
  0x000074822940ad4c: 0000 e8ad | b9a4 0690 | 0f1f 4000 

  0x000074822940ad58: ;   {no_reloc}
  0x000074822940ad58: e943 1400 | 0000 0000 | 0000 498b | 87b8 0100 | 0048 8d78 | 2849 3bbf | c801 0000 | 0f87 3014 
  0x000074822940ad78: 0000 4989 | bfb8 0100 | 0048 c700 | 0100 0000 | 488b ca49 | ba00 0000 | c781 7400 | 0049 2bca 
  0x000074822940ad98: 8948 0848 | 33c9 8948 | 0c48 33c9 | 4889 4810 | 4889 4818 | 4889 4820 

  0x000074822940adb0: ;   {metadata(method data for {method} {0x00007481c71a1f68} 'invoke' '(Ljava/lang/Object;[Ljava/lang/Object;Ljava/lang/Class;)Ljava/lang/Object;' in 'jdk/internal/reflect/DirectMethodHandleAccessor')}
  0x000074822940adb0: 488b d048 | be58 c4ba | c381 7400 | 0048 8386 | e002 0000 | 0148 8b94 | 2420 0200 | 0048 8bf0 
  0x000074822940add0: 4889 8424 | 4002 0000 | 0f1f 8000 

  0x000074822940addc: ;   {optimized virtual_call}
  0x000074822940addc: 0000 00e8 

  0x000074822940ade0: ; ImmutableOopMap {[576]=Oop }
                      ;*invokespecial <init> {reexecute=0 rethrow=0 return_oop=0}
                      ; - jdk.internal.reflect.DirectMethodHandleAccessor::invoke@76 (line 140)
                      ; - java.lang.reflect.Method::invoke@90 (line 580)
                      ; - com.sun.javafx.reflect.MethodUtil::invoke@20 (line 270)
  0x000074822940ade0: 9ca9 9706 

  0x000074822940ade4: ;   {other}
  0x000074822940ade4: 0f1f 8400 | d432 0024 | 488b 8424 | 4002 0000 | e9e0 1400 | 0048 8b9c | 2420 0200 | 000f 1f80 
  0x000074822940ae04: 0000 0000 

  0x000074822940ae08: ;   {no_reloc}
  0x000074822940ae08: e9b9 1300 | 0000 0000 | 0000 80ba | 3101 0000 | 040f 85b6 | 1300 0049 | 8b87 b801 | 0000 488d 
  0x000074822940ae28: 7828 493b | bfc8 0100 | 000f 879e | 1300 0049 | 89bf b801 | 0000 48c7 | 0001 0000 | 0048 8bca 
  0x000074822940ae48: 49ba 0000 | 00c7 8174 | 0000 492b | ca89 4808 | 4833 c989 | 480c 4833 | c948 8948 | 1048 8948 
  0x000074822940ae68: 1848 8948 | 2048 8bd0 

  0x000074822940ae70: ;   {metadata(method data for {method} {0x00007481c71a1f68} 'invoke' '(Ljava/lang/Object;[Ljava/lang/Object;Ljava/lang/Class;)Ljava/lang/Object;' in 'jdk/internal/reflect/DirectMethodHandleAccessor')}
  0x000074822940ae70: 48be 58c4 | bac3 8174 | 0000 4883 | 86f0 0200 | 0001 488b | d348 8bf0 | 4889 8424 | 4802 0000 
  0x000074822940ae90: 0f1f 8000 

  0x000074822940ae94: ;   {optimized virtual_call}
  0x000074822940ae94: 0000 00e8 

  0x000074822940ae98: ; ImmutableOopMap {[584]=Oop }
                      ;*invokespecial <init> {reexecute=0 rethrow=0 return_oop=0}
                      ; - jdk.internal.reflect.DirectMethodHandleAccessor::invoke@86 (line 142)
                      ; - java.lang.reflect.Method::invoke@90 (line 580)
                      ; - com.sun.javafx.reflect.MethodUtil::invoke@20 (line 270)
  0x000074822940ae98: e4a8 9706 

  0x000074822940ae9c: ;   {other}
  0x000074822940ae9c: 0f1f 8400 | 8c33 0025 | 488b 8424 

  0x000074822940aea8: ; ImmutableOopMap {rax=Oop }
                      ;*athrow {reexecute=1 rethrow=0 return_oop=0}
                      ; - (reexecute) jdk.internal.reflect.DirectMethodHandleAccessor::invoke@89 (line 142)
                      ; - java.lang.reflect.Method::invoke@90 (line 580)
                      ; - com.sun.javafx.reflect.MethodUtil::invoke@20 (line 270)
  0x000074822940aea8: 4802 0000 

  0x000074822940aeac: ;   {section_word}
  0x000074822940aeac: 48ba acae | 4029 8274 

  0x000074822940aeb4: ;   {runtime_call handle_exception_nofpu Runtime1 stub}
  0x000074822940aeb4: 0000 e845 | b8a4 0690 | 498b 8700 | 0500 004d | 33d2 4d89 | 9700 0500 | 004d 33d2 | 4d89 9708 
  0x000074822940aed4: 0500 0048 | 8bd8 660f | 1f44 0000 

  0x000074822940aee0: ;   {no_reloc}
  0x000074822940aee0: e90c 1300 | 0000 0000 | 0000 80ba | 3101 0000 | 040f 8509 | 1300 0049 | 8b87 b801 | 0000 488d 
  0x000074822940af00: 7828 493b | bfc8 0100 | 000f 87f1 | 1200 0049 | 89bf b801 | 0000 48c7 | 0001 0000 | 0048 8bca 
  0x000074822940af20: 49ba 0000 | 00c7 8174 | 0000 492b | ca89 4808 | 4833 c989 | 480c 4833 | c948 8948 | 1048 8948 
  0x000074822940af40: 1848 8948 | 2048 8bd0 

  0x000074822940af48: ;   {metadata(method data for {method} {0x00007481c71a1f68} 'invoke' '(Ljava/lang/Object;[Ljava/lang/Object;Ljava/lang/Class;)Ljava/lang/Object;' in 'jdk/internal/reflect/DirectMethodHandleAccessor')}
  0x000074822940af48: 48be 58c4 | bac3 8174 | 0000 4883 | 8600 0300 | 0001 488b | d348 8bf0 | 4889 8424 | 5002 0000 
  0x000074822940af68: 0f1f 8000 

  0x000074822940af6c: ;   {optimized virtual_call}
  0x000074822940af6c: 0000 00e8 

  0x000074822940af70: ; ImmutableOopMap {[592]=Oop }
                      ;*invokespecial <init> {reexecute=0 rethrow=0 return_oop=0}
                      ; - jdk.internal.reflect.DirectMethodHandleAccessor::invoke@98 (line 145)
                      ; - java.lang.reflect.Method::invoke@90 (line 580)
                      ; - com.sun.javafx.reflect.MethodUtil::invoke@20 (line 270)
  0x000074822940af70: 0ca8 9706 

  0x000074822940af74: ;   {other}
  0x000074822940af74: 0f1f 8400 | 6434 0027 | 488b 8424 

  0x000074822940af80: ; ImmutableOopMap {rax=Oop }
                      ;*athrow {reexecute=1 rethrow=0 return_oop=0}
                      ; - (reexecute) jdk.internal.reflect.DirectMethodHandleAccessor::invoke@101 (line 145)
                      ; - java.lang.reflect.Method::invoke@90 (line 580)
                      ; - com.sun.javafx.reflect.MethodUtil::invoke@20 (line 270)
  0x000074822940af80: 5002 0000 

  0x000074822940af84: ;   {section_word}
  0x000074822940af84: 48ba 84af | 4029 8274 

  0x000074822940af8c: ;   {runtime_call handle_exception_nofpu Runtime1 stub}
  0x000074822940af8c: 0000 e86d | b7a4 0690 | 498b 8700 | 0500 004d | 33d2 4d89 | 9700 0500 | 004d 33d2 | 4d89 9708 
  0x000074822940afac: 0500 0048 | 8bd8 660f | 1f44 0000 

  0x000074822940afb8: ;   {no_reloc}
  0x000074822940afb8: e95f 1200 | 0000 0000 | 0000 80ba | 3101 0000 | 040f 855c | 1200 0049 | 8b87 b801 | 0000 488d 
  0x000074822940afd8: 7828 493b | bfc8 0100 | 000f 8744 | 1200 0049 | 89bf b801 | 0000 48c7 | 0001 0000 | 0048 8bca 
  0x000074822940aff8: 49ba 0000 | 00c7 8174 | 0000 492b | ca89 4808 | 4833 c989 | 480c 4833 | c948 8948 | 1048 8948 
  0x000074822940b018: 1848 8948 | 2048 8bd0 

  0x000074822940b020: ;   {metadata(method data for {method} {0x00007481c71a1f10} 'invoke' '(Ljava/lang/Object;[Ljava/lang/Object;)Ljava/lang/Object;' in 'jdk/internal/reflect/DirectMethodHandleAccessor')}
  0x000074822940b020: 48be f091 | b9c3 8174 | 0000 4883 | 8600 0300 | 0001 488b | d348 8bf0 | 4889 8424 | 5802 0000 
  0x000074822940b040: 0f1f 8000 

  0x000074822940b044: ;   {optimized virtual_call}
  0x000074822940b044: 0000 00e8 

  0x000074822940b048: ; ImmutableOopMap {[600]=Oop }
                      ;*invokespecial <init> {reexecute=0 rethrow=0 return_oop=0}
                      ; - jdk.internal.reflect.DirectMethodHandleAccessor::invoke@88 (line 118)
                      ; - java.lang.reflect.Method::invoke@102 (line 580)
                      ; - com.sun.javafx.reflect.MethodUtil::invoke@20 (line 270)
  0x000074822940b048: 34a7 9706 

  0x000074822940b04c: ;   {other}
  0x000074822940b04c: 0f1f 8400 | 3c35 0029 | 488b 8424 

  0x000074822940b058: ; ImmutableOopMap {rax=Oop }
                      ;*athrow {reexecute=1 rethrow=0 return_oop=0}
                      ; - (reexecute) jdk.internal.reflect.DirectMethodHandleAccessor::invoke@91 (line 118)
                      ; - java.lang.reflect.Method::invoke@102 (line 580)
                      ; - com.sun.javafx.reflect.MethodUtil::invoke@20 (line 270)
  0x000074822940b058: 5802 0000 

  0x000074822940b05c: ;   {section_word}
  0x000074822940b05c: 48ba 5cb0 | 4029 8274 

  0x000074822940b064: ;   {runtime_call handle_exception_nofpu Runtime1 stub}
  0x000074822940b064: 0000 e895 | b6a4 0690 | 498b 8700 | 0500 004d | 33d2 4d89 | 9700 0500 | 004d 33d2 | 4d89 9708 
  0x000074822940b084: 0500 0048 

  0x000074822940b088: ;   {metadata(method data for {method} {0x00007481c39d91d0} 'invoke' '(Ljava/lang/reflect/Method;Ljava/lang/Object;[Ljava/lang/Object;)Ljava/lang/Object;' in 'com/sun/javafx/reflect/MethodUtil')}
  0x000074822940b088: 8bf0 48bf | 48dd 81c4 | 8174 0000 | 8b76 0849 | ba00 0000 | c781 7400 | 0049 03f2 | 483b b728 
  0x000074822940b0a8: 0200 0075 | 0d48 8387 | 3002 0000 | 01e9 6000 | 0000 483b | b738 0200 | 0075 0d48 | 8387 4002 
  0x000074822940b0c8: 0000 01e9 | 4a00 0000 | 4883 bf28 | 0200 0000 | 7517 4889 | b728 0200 | 0048 c787 | 3002 0000 
  0x000074822940b0e8: 0100 0000 | e929 0000 | 0048 83bf | 3802 0000 | 0075 1748 | 89b7 3802 | 0000 48c7 | 8740 0200 
  0x000074822940b108: 0001 0000 | 00e9 0800 | 0000 4883 | 8718 0200 | 0001 488b | f048 b8ff | ffff ffff 

  0x000074822940b124: ;   {virtual_call}
  0x000074822940b124: ffff ffe8 

  0x000074822940b128: ; ImmutableOopMap {}
                      ;*invokevirtual getCause {reexecute=0 rethrow=0 return_oop=0}
                      ; - com.sun.javafx.reflect.MethodUtil::invoke@26 (line 272)
  0x000074822940b128: 54ab 9706 

  0x000074822940b12c: ;   {other}
  0x000074822940b12c: 0f1f 8400 | 1c36 002b | 488b d848 | 85db 7516 

  0x000074822940b13c: ;   {metadata(method data for {method} {0x00007481c39d91d0} 'invoke' '(Ljava/lang/reflect/Method;Ljava/lang/Object;[Ljava/lang/Object;)Ljava/lang/Object;' in 'com/sun/javafx/reflect/MethodUtil')}
  0x000074822940b13c: 48be 48dd | 81c4 8174 | 0000 808e | 4902 0000 | 01e9 cc00 

  0x000074822940b150: ;   {metadata('java/lang/reflect/InvocationTargetException')}
  0x000074822940b150: 0000 48bf | 0871 04c8 | 8174 0000 | 8b53 0849 | ba00 0000 | c781 7400 | 0049 03d2 | 483b fa0f 
  0x000074822940b170: 858d 0000 

  0x000074822940b174: ;   {metadata(method data for {method} {0x00007481c39d91d0} 'invoke' '(Ljava/lang/reflect/Method;Ljava/lang/Object;[Ljava/lang/Object;)Ljava/lang/Object;' in 'com/sun/javafx/reflect/MethodUtil')}
  0x000074822940b174: 0048 be48 | dd81 c481 | 7400 008b | 7b08 49ba | 0000 00c7 | 8174 0000 | 4903 fa48 | 3bbe 6002 
  0x000074822940b194: 0000 750d | 4883 8668 | 0200 0001 | e97e 0000 | 0048 3bbe | 7002 0000 | 750d 4883 | 8678 0200 
  0x000074822940b1b4: 0001 e968 | 0000 0048 | 83be 6002 | 0000 0075 | 1748 89be | 6002 0000 | 48c7 8668 | 0200 0001 
  0x000074822940b1d4: 0000 00e9 | 4700 0000 | 4883 be70 | 0200 0000 | 7517 4889 | be70 0200 | 0048 c786 | 7802 0000 
  0x000074822940b1f4: 0100 0000 | e926 0000 | 00e9 2100 

  0x000074822940b200: ;   {metadata(method data for {method} {0x00007481c39d91d0} 'invoke' '(Ljava/lang/reflect/Method;Ljava/lang/Object;[Ljava/lang/Object;)Ljava/lang/Object;' in 'com/sun/javafx/reflect/MethodUtil')}
  0x000074822940b200: 0000 48be | 48dd 81c4 | 8174 0000 | 4883 ae50 | 0200 0001 | e905 0000 | 00e9 0500 | 0000 4833 
  0x000074822940b220: c0eb 0748 | c7c0 0100 | 0000 85c0 

  0x000074822940b22c: ;   {metadata(method data for {method} {0x00007481c39d91d0} 'invoke' '(Ljava/lang/reflect/Method;Ljava/lang/Object;[Ljava/lang/Object;)Ljava/lang/Object;' in 'com/sun/javafx/reflect/MethodUtil')}
  0x000074822940b22c: 48b8 48dd | 81c4 8174 | 0000 48c7 | c298 0200 | 0075 0748 | c7c2 8802 | 0000 488b | 3410 488d 
  0x000074822940b24c: 7601 4889 | 3410 0f85 | de06 0000 | 4885 db75 

  0x000074822940b25c: ;   {metadata(method data for {method} {0x00007481c39d91d0} 'invoke' '(Ljava/lang/reflect/Method;Ljava/lang/Object;[Ljava/lang/Object;)Ljava/lang/Object;' in 'com/sun/javafx/reflect/MethodUtil')}
  0x000074822940b25c: 1648 be48 | dd81 c481 | 7400 0080 | 8ed9 0200 | 0001 e9cc 

  0x000074822940b270: ;   {metadata('java/lang/IllegalAccessException')}
  0x000074822940b270: 0000 0048 | bfa8 6e04 | c881 7400 | 008b 5308 | 49ba 0000 | 00c7 8174 | 0000 4903 | d248 3bfa 
  0x000074822940b290: 0f85 8d00 

  0x000074822940b294: ;   {metadata(method data for {method} {0x00007481c39d91d0} 'invoke' '(Ljava/lang/reflect/Method;Ljava/lang/Object;[Ljava/lang/Object;)Ljava/lang/Object;' in 'com/sun/javafx/reflect/MethodUtil')}
  0x000074822940b294: 0000 48be | 48dd 81c4 | 8174 0000 | 8b7b 0849 | ba00 0000 | c781 7400 | 0049 03fa | 483b bef0 
  0x000074822940b2b4: 0200 0075 | 0d48 8386 | f802 0000 | 01e9 7e00 | 0000 483b | be00 0300 | 0075 0d48 | 8386 0803 
  0x000074822940b2d4: 0000 01e9 | 6800 0000 | 4883 bef0 | 0200 0000 | 7517 4889 | bef0 0200 | 0048 c786 | f802 0000 
  0x000074822940b2f4: 0100 0000 | e947 0000 | 0048 83be | 0003 0000 | 0075 1748 | 89be 0003 | 0000 48c7 | 8608 0300 
  0x000074822940b314: 0001 0000 | 00e9 2600 | 0000 e921 

  0x000074822940b320: ;   {metadata(method data for {method} {0x00007481c39d91d0} 'invoke' '(Ljava/lang/reflect/Method;Ljava/lang/Object;[Ljava/lang/Object;)Ljava/lang/Object;' in 'com/sun/javafx/reflect/MethodUtil')}
  0x000074822940b320: 0000 0048 | be48 dd81 | c481 7400 | 0048 83ae | e002 0000 | 01e9 0500 | 0000 e905 | 0000 0048 
  0x000074822940b340: 33c0 eb07 | 48c7 c001 | 0000 0085 

  0x000074822940b34c: ;   {metadata(method data for {method} {0x00007481c39d91d0} 'invoke' '(Ljava/lang/reflect/Method;Ljava/lang/Object;[Ljava/lang/Object;)Ljava/lang/Object;' in 'com/sun/javafx/reflect/MethodUtil')}
  0x000074822940b34c: c048 b848 | dd81 c481 | 7400 0048 | c7c2 2803 | 0000 7507 | 48c7 c218 | 0300 0048 | 8b34 1048 
  0x000074822940b36c: 8d76 0148 | 8934 100f | 85cb 0400 | 0048 85db 

  0x000074822940b37c: ;   {metadata(method data for {method} {0x00007481c39d91d0} 'invoke' '(Ljava/lang/reflect/Method;Ljava/lang/Object;[Ljava/lang/Object;)Ljava/lang/Object;' in 'com/sun/javafx/reflect/MethodUtil')}
  0x000074822940b37c: 7516 48be | 48dd 81c4 | 8174 0000 | 808e 6903 | 0000 01e9 | cd00 0000 

  0x000074822940b394: ;   {metadata('java/lang/RuntimeException')}
  0x000074822940b394: 48bf b8c4 | 05c7 8174 | 0000 8b73 | 0849 ba00 | 0000 c781 | 7400 0049 | 03f2 483b | 7e48 0f85 
  0x000074822940b3b4: 8d00 0000 

  0x000074822940b3b8: ;   {metadata(method data for {method} {0x00007481c39d91d0} 'invoke' '(Ljava/lang/reflect/Method;Ljava/lang/Object;[Ljava/lang/Object;)Ljava/lang/Object;' in 'com/sun/javafx/reflect/MethodUtil')}
  0x000074822940b3b8: 48be 48dd | 81c4 8174 | 0000 8b7b | 0849 ba00 | 0000 c781 | 7400 0049 | 03fa 483b | be80 0300 
  0x000074822940b3d8: 0075 0d48 | 8386 8803 | 0000 01e9 | 7e00 0000 | 483b be90 | 0300 0075 | 0d48 8386 | 9803 0000 
  0x000074822940b3f8: 01e9 6800 | 0000 4883 | be80 0300 | 0000 7517 | 4889 be80 | 0300 0048 | c786 8803 | 0000 0100 
  0x000074822940b418: 0000 e947 | 0000 0048 | 83be 9003 | 0000 0075 | 1748 89be | 9003 0000 | 48c7 8698 | 0300 0001 
  0x000074822940b438: 0000 00e9 | 2600 0000 | e921 0000 

  0x000074822940b444: ;   {metadata(method data for {method} {0x00007481c39d91d0} 'invoke' '(Ljava/lang/reflect/Method;Ljava/lang/Object;[Ljava/lang/Object;)Ljava/lang/Object;' in 'com/sun/javafx/reflect/MethodUtil')}
  0x000074822940b444: 0048 be48 | dd81 c481 | 7400 0048 | 83ae 7003 | 0000 01e9 | 0500 0000 | e905 0000 | 0048 33c0 
  0x000074822940b464: eb07 48c7 | c001 0000 

  0x000074822940b46c: ;   {metadata(method data for {method} {0x00007481c39d91d0} 'invoke' '(Ljava/lang/reflect/Method;Ljava/lang/Object;[Ljava/lang/Object;)Ljava/lang/Object;' in 'com/sun/javafx/reflect/MethodUtil')}
  0x000074822940b46c: 0085 c048 | b848 dd81 | c481 7400 | 0048 c7c2 | b803 0000 | 7507 48c7 | c2a8 0300 | 0048 8b34 
  0x000074822940b48c: 1048 8d76 | 0148 8934 | 100f 85b6 | 0200 0048 | 85db 7516 

  0x000074822940b4a0: ;   {metadata(method data for {method} {0x00007481c39d91d0} 'invoke' '(Ljava/lang/reflect/Method;Ljava/lang/Object;[Ljava/lang/Object;)Ljava/lang/Object;' in 'com/sun/javafx/reflect/MethodUtil')}
  0x000074822940b4a0: 48be 48dd | 81c4 8174 | 0000 808e | f903 0000 | 01e9 cd00 

  0x000074822940b4b4: ;   {metadata('java/lang/Error')}
  0x000074822940b4b4: 0000 48bf | a009 01c7 | 8174 0000 | 8b73 0849 | ba00 0000 | c781 7400 | 0049 03f2 | 483b 7e40 
  0x000074822940b4d4: 0f85 8d00 

  0x000074822940b4d8: ;   {metadata(method data for {method} {0x00007481c39d91d0} 'invoke' '(Ljava/lang/reflect/Method;Ljava/lang/Object;[Ljava/lang/Object;)Ljava/lang/Object;' in 'com/sun/javafx/reflect/MethodUtil')}
  0x000074822940b4d8: 0000 48be | 48dd 81c4 | 8174 0000 | 8b7b 0849 | ba00 0000 | c781 7400 | 0049 03fa | 483b be10 
  0x000074822940b4f8: 0400 0075 | 0d48 8386 | 1804 0000 | 01e9 7e00 | 0000 483b | be20 0400 | 0075 0d48 | 8386 2804 
  0x000074822940b518: 0000 01e9 | 6800 0000 | 4883 be10 | 0400 0000 | 7517 4889 | be10 0400 | 0048 c786 | 1804 0000 
  0x000074822940b538: 0100 0000 | e947 0000 | 0048 83be | 2004 0000 | 0075 1748 | 89be 2004 | 0000 48c7 | 8628 0400 
  0x000074822940b558: 0001 0000 | 00e9 2600 | 0000 e921 

  0x000074822940b564: ;   {metadata(method data for {method} {0x00007481c39d91d0} 'invoke' '(Ljava/lang/reflect/Method;Ljava/lang/Object;[Ljava/lang/Object;)Ljava/lang/Object;' in 'com/sun/javafx/reflect/MethodUtil')}
  0x000074822940b564: 0000 0048 | be48 dd81 | c481 7400 | 0048 83ae | 0004 0000 | 01e9 0500 | 0000 e905 | 0000 0048 
  0x000074822940b584: 33c0 eb07 | 48c7 c001 | 0000 0085 

  0x000074822940b590: ;   {metadata(method data for {method} {0x00007481c39d91d0} 'invoke' '(Ljava/lang/reflect/Method;Ljava/lang/Object;[Ljava/lang/Object;)Ljava/lang/Object;' in 'com/sun/javafx/reflect/MethodUtil')}
  0x000074822940b590: c048 b848 | dd81 c481 | 7400 0048 | c7c2 3804 | 0000 7407 | 48c7 c248 | 0400 0048 | 8b34 1048 
  0x000074822940b5b0: 8d76 0148 | 8934 100f | 84f3 0000 | 0048 85db 

  0x000074822940b5c0: ;   {metadata(method data for {method} {0x00007481c39d91d0} 'invoke' '(Ljava/lang/reflect/Method;Ljava/lang/Object;[Ljava/lang/Object;)Ljava/lang/Object;' in 'com/sun/javafx/reflect/MethodUtil')}
  0x000074822940b5c0: 7516 48be | 48dd 81c4 | 8174 0000 | 808e 5104 | 0000 01e9 | cd00 0000 

  0x000074822940b5d8: ;   {metadata('java/lang/Error')}
  0x000074822940b5d8: 48bf a009 | 01c7 8174 | 0000 8b73 | 0849 ba00 | 0000 c781 | 7400 0049 | 03f2 483b | 7e40 0f85 
  0x000074822940b5f8: 8d00 0000 

  0x000074822940b5fc: ;   {metadata(method data for {method} {0x00007481c39d91d0} 'invoke' '(Ljava/lang/reflect/Method;Ljava/lang/Object;[Ljava/lang/Object;)Ljava/lang/Object;' in 'com/sun/javafx/reflect/MethodUtil')}
  0x000074822940b5fc: 48be 48dd | 81c4 8174 | 0000 8b7b | 0849 ba00 | 0000 c781 | 7400 0049 | 03fa 483b | be68 0400 
  0x000074822940b61c: 0075 0d48 | 8386 7004 | 0000 01e9 | 7900 0000 | 483b be78 | 0400 0075 | 0d48 8386 | 8004 0000 
  0x000074822940b63c: 01e9 6300 | 0000 4883 | be68 0400 | 0000 7517 | 4889 be68 | 0400 0048 | c786 7004 | 0000 0100 
  0x000074822940b65c: 0000 e942 | 0000 0048 | 83be 7804 | 0000 0075 | 1748 89be | 7804 0000 | 48c7 8680 | 0400 0001 
  0x000074822940b67c: 0000 00e9 | 2100 0000 | e91c 0000 

  0x000074822940b688: ;   {metadata(method data for {method} {0x00007481c39d91d0} 'invoke' '(Ljava/lang/reflect/Method;Ljava/lang/Object;[Ljava/lang/Object;)Ljava/lang/Object;' in 'com/sun/javafx/reflect/MethodUtil')}
  0x000074822940b688: 0048 be48 | dd81 c481 | 7400 0048 | 83ae 5804 | 0000 01e9 | 980b 0000 | e900 0000 | 0048 8bc3 
  0x000074822940b6a8: ; implicit exception: dispatches to 0x000074822940c241
  0x000074822940b6a8: 483b 00e9 | 290c 0000 

  0x000074822940b6b0: ;   {no_reloc}
  0x000074822940b6b0: e9a0 0b00 | 0000 0000 | 0000 498b | 87b8 0100 | 0048 8d78 | 2849 3bbf | c801 0000 | 0f87 8d0b 
  0x000074822940b6d0: 0000 4989 | bfb8 0100 | 0048 c700 | 0100 0000 | 488b ca49 | ba00 0000 | c781 7400 | 0049 2bca 
  0x000074822940b6f0: 8948 0848 | 33c9 8948 | 0c48 33c9 | 4889 4810 | 4889 4818 | 4889 4820 

  0x000074822940b708: ;   {metadata(method data for {method} {0x00007481c39d91d0} 'invoke' '(Ljava/lang/reflect/Method;Ljava/lang/Object;[Ljava/lang/Object;)Ljava/lang/Object;' in 'com/sun/javafx/reflect/MethodUtil')}
  0x000074822940b708: 488b d048 | b948 dd81 | c481 7400 | 0048 8381 | 9004 0000 

  0x000074822940b71c: ;   {oop("Unexpected invocation error"{0x000000071e6a2820})}
  0x000074822940b71c: 0148 ba20 | 286a 1e07 | 0000 0048 | 8bcb 488b | f048 8984 | 2460 0200 

  0x000074822940b734: ;   {optimized virtual_call}
  0x000074822940b734: 0066 90e8 

  0x000074822940b738: ; ImmutableOopMap {[608]=Oop }
                      ;*invokespecial <init> {reexecute=0 rethrow=0 return_oop=0}
                      ; - com.sun.javafx.reflect.MethodUtil::invoke@95 (line 283)
  0x000074822940b738: 44a0 9706 

  0x000074822940b73c: ;   {other}
  0x000074822940b73c: 0f1f 8400 | 2c3c 002c | 488b 8424 | 6002 0000 | e988 0b00 | 0048 85db 

  0x000074822940b754: ;   {metadata(method data for {method} {0x00007481c39d91d0} 'invoke' '(Ljava/lang/reflect/Method;Ljava/lang/Object;[Ljava/lang/Object;)Ljava/lang/Object;' in 'com/sun/javafx/reflect/MethodUtil')}
  0x000074822940b754: 7516 48be | 48dd 81c4 | 8174 0000 | 808e c103 | 0000 01e9 | cd00 0000 

  0x000074822940b76c: ;   {metadata('java/lang/RuntimeException')}
  0x000074822940b76c: 48bf b8c4 | 05c7 8174 | 0000 8b73 | 0849 ba00 | 0000 c781 | 7400 0049 | 03f2 483b | 7e48 0f85 
  0x000074822940b78c: 8d00 0000 

  0x000074822940b790: ;   {metadata(method data for {method} {0x00007481c39d91d0} 'invoke' '(Ljava/lang/reflect/Method;Ljava/lang/Object;[Ljava/lang/Object;)Ljava/lang/Object;' in 'com/sun/javafx/reflect/MethodUtil')}
  0x000074822940b790: 48be 48dd | 81c4 8174 | 0000 8b7b | 0849 ba00 | 0000 c781 | 7400 0049 | 03fa 483b | bed8 0300 
  0x000074822940b7b0: 0075 0d48 | 8386 e003 | 0000 01e9 | 7900 0000 | 483b bee8 | 0300 0075 | 0d48 8386 | f003 0000 
  0x000074822940b7d0: 01e9 6300 | 0000 4883 | bed8 0300 | 0000 7517 | 4889 bed8 | 0300 0048 | c786 e003 | 0000 0100 
  0x000074822940b7f0: 0000 e942 | 0000 0048 | 83be e803 | 0000 0075 | 1748 89be | e803 0000 | 48c7 86f0 | 0300 0001 
  0x000074822940b810: 0000 00e9 | 2100 0000 | e91c 0000 

  0x000074822940b81c: ;   {metadata(method data for {method} {0x00007481c39d91d0} 'invoke' '(Ljava/lang/reflect/Method;Ljava/lang/Object;[Ljava/lang/Object;)Ljava/lang/Object;' in 'com/sun/javafx/reflect/MethodUtil')}
  0x000074822940b81c: 0048 be48 | dd81 c481 | 7400 0048 | 83ae c803 | 0000 01e9 | 380a 0000 | e900 0000 | 0048 8bc3 
  0x000074822940b83c: ; implicit exception: dispatches to 0x000074822940c275
  0x000074822940b83c: 483b 00e9 | 950a 0000 | 4885 db75 

  0x000074822940b848: ;   {metadata(method data for {method} {0x00007481c39d91d0} 'invoke' '(Ljava/lang/reflect/Method;Ljava/lang/Object;[Ljava/lang/Object;)Ljava/lang/Object;' in 'com/sun/javafx/reflect/MethodUtil')}
  0x000074822940b848: 1648 be48 | dd81 c481 | 7400 0080 | 8e31 0300 | 0001 e9cc 

  0x000074822940b85c: ;   {metadata('java/lang/IllegalAccessException')}
  0x000074822940b85c: 0000 0048 | bfa8 6e04 | c881 7400 | 008b 5308 | 49ba 0000 | 00c7 8174 | 0000 4903 | d248 3bfa 
  0x000074822940b87c: 0f85 8d00 

  0x000074822940b880: ;   {metadata(method data for {method} {0x00007481c39d91d0} 'invoke' '(Ljava/lang/reflect/Method;Ljava/lang/Object;[Ljava/lang/Object;)Ljava/lang/Object;' in 'com/sun/javafx/reflect/MethodUtil')}
  0x000074822940b880: 0000 48be | 48dd 81c4 | 8174 0000 | 8b7b 0849 | ba00 0000 | c781 7400 | 0049 03fa | 483b be48 
  0x000074822940b8a0: 0300 0075 | 0d48 8386 | 5003 0000 | 01e9 7900 | 0000 483b | be58 0300 | 0075 0d48 | 8386 6003 
  0x000074822940b8c0: 0000 01e9 | 6300 0000 | 4883 be48 | 0300 0000 | 7517 4889 | be48 0300 | 0048 c786 | 5003 0000 
  0x000074822940b8e0: 0100 0000 | e942 0000 | 0048 83be | 5803 0000 | 0075 1748 | 89be 5803 | 0000 48c7 | 8660 0300 
  0x000074822940b900: 0001 0000 | 00e9 2100 | 0000 e91c 

  0x000074822940b90c: ;   {metadata(method data for {method} {0x00007481c39d91d0} 'invoke' '(Ljava/lang/reflect/Method;Ljava/lang/Object;[Ljava/lang/Object;)Ljava/lang/Object;' in 'com/sun/javafx/reflect/MethodUtil')}
  0x000074822940b90c: 0000 0048 | be48 dd81 | c481 7400 | 0048 83ae | 3803 0000 | 01e9 5409 | 0000 e900 | 0000 0048 
  0x000074822940b92c: 8bc3 483b | 00e9 a309 | 0000 4885 

  0x000074822940b938: ;   {metadata(method data for {method} {0x00007481c39d91d0} 'invoke' '(Ljava/lang/reflect/Method;Ljava/lang/Object;[Ljava/lang/Object;)Ljava/lang/Object;' in 'com/sun/javafx/reflect/MethodUtil')}
  0x000074822940b938: db75 1648 | be48 dd81 | c481 7400 | 0080 8ea1 | 0200 0001 | e9cc 0000 

  0x000074822940b950: ;   {metadata('java/lang/reflect/InvocationTargetException')}
  0x000074822940b950: 0048 bf08 | 7104 c881 | 7400 008b | 5308 49ba | 0000 00c7 | 8174 0000 | 4903 d248 | 3bfa 0f85 
  0x000074822940b970: 8d00 0000 

  0x000074822940b974: ;   {metadata(method data for {method} {0x00007481c39d91d0} 'invoke' '(Ljava/lang/reflect/Method;Ljava/lang/Object;[Ljava/lang/Object;)Ljava/lang/Object;' in 'com/sun/javafx/reflect/MethodUtil')}
  0x000074822940b974: 48be 48dd | 81c4 8174 | 0000 8b7b | 0849 ba00 | 0000 c781 | 7400 0049 | 03fa 483b | beb8 0200 
  0x000074822940b994: 0075 0d48 | 8386 c002 | 0000 01e9 | 7900 0000 | 483b bec8 | 0200 0075 | 0d48 8386 | d002 0000 
  0x000074822940b9b4: 01e9 6300 | 0000 4883 | beb8 0200 | 0000 7517 | 4889 beb8 | 0200 0048 | c786 c002 | 0000 0100 
  0x000074822940b9d4: 0000 e942 | 0000 0048 | 83be c802 | 0000 0075 | 1748 89be | c802 0000 | 48c7 86d0 | 0200 0001 
  0x000074822940b9f4: 0000 00e9 | 2100 0000 | e91c 0000 

  0x000074822940ba00: ;   {metadata(method data for {method} {0x00007481c39d91d0} 'invoke' '(Ljava/lang/reflect/Method;Ljava/lang/Object;[Ljava/lang/Object;)Ljava/lang/Object;' in 'com/sun/javafx/reflect/MethodUtil')}
  0x000074822940ba00: 0048 be48 | dd81 c481 | 7400 0048 | 83ae a802 | 0000 01e9 | 7008 0000 | e900 0000 | 0048 8bc3 
  0x000074822940ba20: ; implicit exception: dispatches to 0x000074822940c291
  0x000074822940ba20: 483b 00e9 | b108 0000 | 498b 8700 | 0500 004d | 33d2 4d89 | 9700 0500 | 004d 33d2 | 4d89 9708 
  0x000074822940ba40: 0500 0048 | 8bd8 6690 

  0x000074822940ba48: ;   {no_reloc}
  0x000074822940ba48: e958 0800 | 0000 0000 | 0000 498b | 87b8 0100 | 0048 8d78 | 2849 3bbf | c801 0000 | 0f87 4508 
  0x000074822940ba68: 0000 4989 | bfb8 0100 | 0048 c700 | 0100 0000 | 488b ca49 | ba00 0000 | c781 7400 | 0049 2bca 
  0x000074822940ba88: 8948 0848 | 33c9 8948 | 0c48 33c9 | 4889 4810 | 4889 4818 | 4889 4820 

  0x000074822940baa0: ;   {metadata(method data for {method} {0x00007481c39d91d0} 'invoke' '(Ljava/lang/reflect/Method;Ljava/lang/Object;[Ljava/lang/Object;)Ljava/lang/Object;' in 'com/sun/javafx/reflect/MethodUtil')}
  0x000074822940baa0: 488b d048 | b948 dd81 | c481 7400 | 0048 8381 | a004 0000 

  0x000074822940bab4: ;   {oop("Unexpected invocation error"{0x000000071e6a2820})}
  0x000074822940bab4: 0148 ba20 | 286a 1e07 | 0000 0048 | 8bcb 488b | f048 8984 | 2468 0200 

  0x000074822940bacc: ;   {optimized virtual_call}
  0x000074822940bacc: 0066 90e8 

  0x000074822940bad0: ; ImmutableOopMap {[616]=Oop }
                      ;*invokespecial <init> {reexecute=0 rethrow=0 return_oop=0}
                      ; - com.sun.javafx.reflect.MethodUtil::invoke@107 (line 287)
  0x000074822940bad0: ac9c 9706 

  0x000074822940bad4: ;   {other}
  0x000074822940bad4: 0f1f 8400 | c43f 002d | 488b 8424 | 6802 0000 | e9f0 0700 

  0x000074822940bae8: ;   {metadata({method} {0x00007481c39d91d0} 'invoke' '(Ljava/lang/reflect/Method;Ljava/lang/Object;[Ljava/lang/Object;)Ljava/lang/Object;' in 'com/sun/javafx/reflect/MethodUtil')}
  0x000074822940bae8: 0049 bad0 | 919d c381 | 7400 004c | 8954 2408 | 48c7 0424 | ffff ffff 

  0x000074822940bb00: ;   {runtime_call counter_overflow Runtime1 stub}
  0x000074822940bb00: e87b f2a4 

  0x000074822940bb04: ; ImmutableOopMap {r8=Oop r9=Oop r11=Oop }
                      ;*synchronization entry
                      ; - com.sun.javafx.reflect.MethodUtil::invoke@-1 (line 270)
  0x000074822940bb04: 06e9 a5c7 

  0x000074822940bb08: ;   {runtime_call new_object_array Runtime1 stub}
  0x000074822940bb08: ffff e8f1 

  0x000074822940bb0c: ; ImmutableOopMap {r8=Oop r9=Oop r11=Oop }
                      ;*anewarray {reexecute=0 rethrow=0 return_oop=0}
                      ; - com.sun.javafx.reflect.MethodUtil::invoke@5 (line 270)
  0x000074822940bb0c: a4a4 06e9 | 29c8 ffff 

  0x000074822940bb14: ;   {runtime_call throw_null_pointer_exception Runtime1 stub}
  0x000074822940bb14: e887 63a4 

  0x000074822940bb18: ; ImmutableOopMap {r8=Oop r9=Oop r11=Oop rax=Oop [408]=Oop }
                      ;*aastore {reexecute=1 rethrow=0 return_oop=0}
                      ; - (reexecute) com.sun.javafx.reflect.MethodUtil::invoke@11 (line 270)
  0x000074822940bb18: 064c 8904 

  0x000074822940bb1c: ;   {runtime_call throw_array_store_exception Runtime1 stub}
  0x000074822940bb1c: 24e8 7eb5 

  0x000074822940bb20: ; ImmutableOopMap {r8=Oop r9=Oop r11=Oop rax=Oop [408]=Oop }
                      ;*aastore {reexecute=1 rethrow=0 return_oop=0}
                      ; - (reexecute) com.sun.javafx.reflect.MethodUtil::invoke@11 (line 270)
  0x000074822940bb20: a406 8b3e | 48c1 e703 | 4883 ff00 | 0f84 39c9 | ffff 4889 

  0x000074822940bb34: ;   {runtime_call g1_pre_barrier_slow}
  0x000074822940bb34: 3c24 e8c5 | fea4 06e9 | 2bc9 ffff | 4983 f800 | 0f84 3fc9 | ffff 4889 

  0x000074822940bb4c: ;   {runtime_call g1_post_barrier_slow}
  0x000074822940bb4c: 3424 e82d | 02a5 06e9 | 31c9 ffff 

  0x000074822940bb58: ;   {runtime_call throw_null_pointer_exception Runtime1 stub}
  0x000074822940bb58: e843 63a4 

  0x000074822940bb5c: ; ImmutableOopMap {r9=Oop r11=Oop rax=Oop [408]=Oop }
                      ;*aastore {reexecute=1 rethrow=0 return_oop=0}
                      ; - (reexecute) com.sun.javafx.reflect.MethodUtil::invoke@15 (line 270)
  0x000074822940bb5c: 064c 890c 

  0x000074822940bb60: ;   {runtime_call throw_array_store_exception Runtime1 stub}
  0x000074822940bb60: 24e8 3ab5 

  0x000074822940bb64: ; ImmutableOopMap {r9=Oop r11=Oop rax=Oop [408]=Oop }
                      ;*aastore {reexecute=1 rethrow=0 return_oop=0}
                      ; - (reexecute) com.sun.javafx.reflect.MethodUtil::invoke@15 (line 270)
  0x000074822940bb64: a406 8b3e | 48c1 e703 | 4883 ff00 | 0f84 39ca | ffff 4889 

  0x000074822940bb78: ;   {runtime_call g1_pre_barrier_slow}
  0x000074822940bb78: 3c24 e881 | fea4 06e9 | 2bca ffff | 4983 f900 | 0f84 3fca | ffff 4889 

  0x000074822940bb90: ;   {runtime_call g1_post_barrier_slow}
  0x000074822940bb90: 3424 e8e9 | 01a5 06e9 | 31ca ffff 

  0x000074822940bb9c: ;   {runtime_call throw_null_pointer_exception Runtime1 stub}
  0x000074822940bb9c: e8ff 62a4 

  0x000074822940bba0: ; ImmutableOopMap {r11=Oop rax=Oop [408]=Oop }
                      ;*aastore {reexecute=1 rethrow=0 return_oop=0}
                      ; - (reexecute) com.sun.javafx.reflect.MethodUtil::invoke@19 (line 270)
  0x000074822940bba0: 064c 891c 

  0x000074822940bba4: ;   {runtime_call throw_array_store_exception Runtime1 stub}
  0x000074822940bba4: 24e8 f6b4 

  0x000074822940bba8: ; ImmutableOopMap {r11=Oop rax=Oop [408]=Oop }
                      ;*aastore {reexecute=1 rethrow=0 return_oop=0}
                      ; - (reexecute) com.sun.javafx.reflect.MethodUtil::invoke@19 (line 270)
  0x000074822940bba8: a406 8b3e | 48c1 e703 | 4883 ff00 | 0f84 39cb | ffff 4889 

  0x000074822940bbbc: ;   {runtime_call g1_pre_barrier_slow}
  0x000074822940bbbc: 3c24 e83d | fea4 06e9 | 2bcb ffff | 4983 fb00 | 0f84 3fcb | ffff 4889 

  0x000074822940bbd4: ;   {runtime_call g1_post_barrier_slow}
  0x000074822940bbd4: 3424 e8a5 | 01a5 06e9 | 31cb ffff 

  0x000074822940bbe0: ;   {metadata({method} {0x00007481c7045680} 'invoke' '(Ljava/lang/Object;[Ljava/lang/Object;)Ljava/lang/Object;' in 'java/lang/reflect/Method')}
  0x000074822940bbe0: 49ba 8056 | 04c7 8174 | 0000 4c89 | 5424 0848 | c704 24ff 

  0x000074822940bbf4: ;   {runtime_call counter_overflow Runtime1 stub}
  0x000074822940bbf4: ffff ffe8 

  0x000074822940bbf8: ; ImmutableOopMap {rax=Oop rdi=Oop [408]=Oop }
                      ;*synchronization entry
                      ; - java.lang.reflect.Method::invoke@-1 (line 561)
                      ; - com.sun.javafx.reflect.MethodUtil::invoke@20 (line 270)
  0x000074822940bbf8: 84f1 a406 | e956 cbff 

  0x000074822940bc00: ;   {metadata({method} {0x00007481c70eb830} 'isStatic' '(I)Z' in 'java/lang/reflect/Modifier')}
  0x000074822940bc00: ff49 ba30 | b80e c781 | 7400 004c | 8954 2408 | 48c7 0424 | ffff ffff 

  0x000074822940bc18: ;   {runtime_call counter_overflow Runtime1 stub}
  0x000074822940bc18: e863 f1a4 

  0x000074822940bc1c: ; ImmutableOopMap {rdi=Oop [408]=Oop }
                      ;*synchronization entry
                      ; - java.lang.reflect.Modifier::isStatic@-1 (line 98)
                      ; - java.lang.reflect.Method::invoke@42 (line 572)
                      ; - com.sun.javafx.reflect.MethodUtil::invoke@20 (line 270)
  0x000074822940bc1c: 06e9 8fcc 

  0x000074822940bc20: ;   {metadata({method} {0x00007481c71a1f68} 'invoke' '(Ljava/lang/Object;[Ljava/lang/Object;Ljava/lang/Class;)Ljava/lang/Object;' in 'jdk/internal/reflect/DirectMethodHandleAccessor')}
  0x000074822940bc20: ffff 49ba | 681f 1ac7 | 8174 0000 | 4c89 5424 | 0848 c704 | 24ff ffff 

  0x000074822940bc38: ;   {runtime_call counter_overflow Runtime1 stub}
  0x000074822940bc38: ffe8 42f1 

  0x000074822940bc3c: ; ImmutableOopMap {rsi=Oop [408]=Oop [424]=Oop }
                      ;*synchronization entry
                      ; - jdk.internal.reflect.DirectMethodHandleAccessor::invoke@-1 (line 125)
                      ; - java.lang.reflect.Method::invoke@90 (line 580)
                      ; - com.sun.javafx.reflect.MethodUtil::invoke@20 (line 270)
  0x000074822940bc3c: a406 e99d 

  0x000074822940bc40: ;   {metadata({method} {0x00007481c73c8438} 'isStatic' '()Z' in 'jdk/internal/reflect/DirectMethodHandleAccessor')}
  0x000074822940bc40: cdff ff49 | ba38 843c | c781 7400 | 004c 8954 | 2408 48c7 | 0424 ffff 

  0x000074822940bc58: ;   {runtime_call counter_overflow Runtime1 stub}
  0x000074822940bc58: ffff e821 

  0x000074822940bc5c: ; ImmutableOopMap {[408]=Oop [424]=Oop }
                      ;*synchronization entry
                      ; - jdk.internal.reflect.DirectMethodHandleAccessor::isStatic@-1 (line 183)
                      ; - jdk.internal.reflect.DirectMethodHandleAccessor::invoke@1 (line 125)
                      ; - java.lang.reflect.Method::invoke@90 (line 580)
                      ; - com.sun.javafx.reflect.MethodUtil::invoke@20 (line 270)
  0x000074822940bc5c: f1a4 06e9 | b5cd ffff 

  0x000074822940bc64: ;   {metadata({method} {0x00007481c73c8330} 'invokeImpl' '(Ljava/lang/Object;[Ljava/lang/Object;Ljava/lang/Class;)Ljava/lang/Object;' in 'jdk/internal/reflect/DirectMethodHandleAccessor')}
  0x000074822940bc64: 49ba 3083 | 3cc7 8174 | 0000 4c89 | 5424 0848 | c704 24ff 

  0x000074822940bc78: ;   {runtime_call counter_overflow Runtime1 stub}
  0x000074822940bc78: ffff ffe8 

  0x000074822940bc7c: ; ImmutableOopMap {rsi=Oop [408]=Oop [424]=Oop }
                      ;*synchronization entry
                      ; - jdk.internal.reflect.DirectMethodHandleAccessor::invokeImpl@-1 (line 164)
                      ; - jdk.internal.reflect.DirectMethodHandleAccessor::invoke@24 (line 130)
                      ; - java.lang.reflect.Method::invoke@90 (line 580)
                      ; - com.sun.javafx.reflect.MethodUtil::invoke@20 (line 270)
  0x000074822940bc7c: 00f1 a406 | e93d ceff 

  0x000074822940bc84: ;   {metadata({method} {0x00007481c73c8120} 'hasCallerParameter' '()Z' in 'jdk/internal/reflect/DirectMethodHandleAccessor')}
  0x000074822940bc84: ff49 ba20 | 813c c781 | 7400 004c | 8954 2408 | 48c7 0424 | ffff ffff 

  0x000074822940bc9c: ;   {runtime_call counter_overflow Runtime1 stub}
  0x000074822940bc9c: e8df f0a4 

  0x000074822940bca0: ; ImmutableOopMap {[408]=Oop [424]=Oop }
                      ;*synchronization entry
                      ; - jdk.internal.reflect.DirectMethodHandleAccessor::hasCallerParameter@-1 (line 187)
                      ; - jdk.internal.reflect.DirectMethodHandleAccessor::invokeImpl@1 (line 164)
                      ; - jdk.internal.reflect.DirectMethodHandleAccessor::invoke@24 (line 130)
                      ; - java.lang.reflect.Method::invoke@90 (line 580)
                      ; - com.sun.javafx.reflect.MethodUtil::invoke@20 (line 270)
  0x000074822940bca0: 06e9 55ce 

  0x000074822940bca4: ;   {metadata({method} {0x00007481c7094fc8} 'reflectiveInvoker' '(Ljava/lang/Class;)Ljava/lang/invoke/MethodHandle;' in 'java/lang/invoke/MethodHandleImpl$1')}
  0x000074822940bca4: ffff 49ba | c84f 09c7 | 8174 0000 | 4c89 5424 | 0848 c704 | 24ff ffff 

  0x000074822940bcbc: ;   {runtime_call counter_overflow Runtime1 stub}
  0x000074822940bcbc: ffe8 bef0 

  0x000074822940bcc0: ; ImmutableOopMap {rdi=Oop [408]=Oop }
                      ;*synchronization entry
                      ; - java.lang.invoke.MethodHandleImpl$1::reflectiveInvoker@-1 (line 1655)
                      ; - jdk.internal.reflect.DirectMethodHandleAccessor::invokeImpl@121 (line 176)
                      ; - jdk.internal.reflect.DirectMethodHandleAccessor::invoke@24 (line 130)
                      ; - java.lang.reflect.Method::invoke@90 (line 580)
                      ; - com.sun.javafx.reflect.MethodUtil::invoke@20 (line 270)
  0x000074822940bcc0: a406 e9b0 

  0x000074822940bcc4: ;   {metadata({method} {0x00007481c7056360} 'requireNonNull' '(Ljava/lang/Object;)Ljava/lang/Object;' in 'java/util/Objects')}
  0x000074822940bcc4: ceff ff49 | ba60 6305 | c781 7400 | 004c 8954 | 2408 48c7 | 0424 ffff 

  0x000074822940bcdc: ;   {runtime_call counter_overflow Runtime1 stub}
  0x000074822940bcdc: ffff e89d 

  0x000074822940bce0: ; ImmutableOopMap {rdi=Oop [408]=Oop }
                      ;*synchronization entry
                      ; - java.util.Objects::requireNonNull@-1 (line 232)
                      ; - java.lang.invoke.MethodHandleImpl$1::reflectiveInvoker@1 (line 1655)
                      ; - jdk.internal.reflect.DirectMethodHandleAccessor::invokeImpl@121 (line 176)
                      ; - jdk.internal.reflect.DirectMethodHandleAccessor::invoke@24 (line 130)
                      ; - java.lang.reflect.Method::invoke@90 (line 580)
                      ; - com.sun.javafx.reflect.MethodUtil::invoke@20 (line 270)
  0x000074822940bce0: f0a4 06e9 | c8ce ffff | 49b9 0000 | 0000 0000 | 0000 b800 

  0x000074822940bcf4: ;   {runtime_call load_appendix_patching Runtime1 stub}
  0x000074822940bcf4: 0f05 0ae8 

  0x000074822940bcf8: ; ImmutableOopMap {rax=Oop [408]=Oop }
                      ;*invokevirtual invokeExact {reexecute=1 rethrow=0 return_oop=0}
                      ; - (reexecute) jdk.internal.reflect.DirectMethodHandleAccessor::invokeImpl@136 (line 178)
                      ; - jdk.internal.reflect.DirectMethodHandleAccessor::invoke@24 (line 130)
                      ; - java.lang.reflect.Method::invoke@90 (line 580)
                      ; - com.sun.javafx.reflect.MethodUtil::invoke@20 (line 270)
  0x000074822940bcf8: 84e7 a406 | e9f7 ceff 

  0x000074822940bd00: ;   {runtime_call throw_null_pointer_exception Runtime1 stub}
  0x000074822940bd00: ffe8 9a61 

  0x000074822940bd04: ; ImmutableOopMap {rax=Oop r9=Oop [408]=Oop }
                      ;*invokevirtual invokeExact {reexecute=0 rethrow=0 return_oop=0}
                      ; - jdk.internal.reflect.DirectMethodHandleAccessor::invokeImpl@136 (line 178)
                      ; - jdk.internal.reflect.DirectMethodHandleAccessor::invoke@24 (line 130)
                      ; - java.lang.reflect.Method::invoke@90 (line 580)
                      ; - com.sun.javafx.reflect.MethodUtil::invoke@20 (line 270)
                      ;   {internal_word}
  0x000074822940bd04: a406 49ba | 1b8e 4029 | 8274 0000 | 4d89 9768 

  0x000074822940bd14: ;   {runtime_call SafepointBlob}
  0x000074822940bd14: 0400 00e9 | e416 9806 

  0x000074822940bd1c: ;   {metadata({method} {0x00007481c71a1f10} 'invoke' '(Ljava/lang/Object;[Ljava/lang/Object;)Ljava/lang/Object;' in 'jdk/internal/reflect/DirectMethodHandleAccessor')}
  0x000074822940bd1c: 49ba 101f | 1ac7 8174 | 0000 4c89 | 5424 0848 | c704 24ff 

  0x000074822940bd30: ;   {runtime_call counter_overflow Runtime1 stub}
  0x000074822940bd30: ffff ffe8 

  0x000074822940bd34: ; ImmutableOopMap {rsi=Oop [408]=Oop }
                      ;*synchronization entry
                      ; - jdk.internal.reflect.DirectMethodHandleAccessor::invoke@-1 (line 98)
                      ; - java.lang.reflect.Method::invoke@102 (line 580)
                      ; - com.sun.javafx.reflect.MethodUtil::invoke@20 (line 270)
  0x000074822940bd34: 48f0 a406 | e932 d1ff 

  0x000074822940bd3c: ;   {metadata({method} {0x00007481c73c8438} 'isStatic' '()Z' in 'jdk/internal/reflect/DirectMethodHandleAccessor')}
  0x000074822940bd3c: ff49 ba38 | 843c c781 | 7400 004c | 8954 2408 | 48c7 0424 | ffff ffff 

  0x000074822940bd54: ;   {runtime_call counter_overflow Runtime1 stub}
  0x000074822940bd54: e827 f0a4 

  0x000074822940bd58: ; ImmutableOopMap {[408]=Oop }
                      ;*synchronization entry
                      ; - jdk.internal.reflect.DirectMethodHandleAccessor::isStatic@-1 (line 183)
                      ; - jdk.internal.reflect.DirectMethodHandleAccessor::invoke@1 (line 98)
                      ; - java.lang.reflect.Method::invoke@102 (line 580)
                      ; - com.sun.javafx.reflect.MethodUtil::invoke@20 (line 270)
  0x000074822940bd58: 06e9 4ad1 

  0x000074822940bd5c: ;   {metadata({method} {0x00007481c73c82d8} 'invokeImpl' '(Ljava/lang/Object;[Ljava/lang/Object;)Ljava/lang/Object;' in 'jdk/internal/reflect/DirectMethodHandleAccessor')}
  0x000074822940bd5c: ffff 49ba | d882 3cc7 | 8174 0000 | 4c89 5424 | 0848 c704 | 24ff ffff 

  0x000074822940bd74: ;   {runtime_call counter_overflow Runtime1 stub}
  0x000074822940bd74: ffe8 06f0 

  0x000074822940bd78: ; ImmutableOopMap {[408]=Oop }
                      ;*synchronization entry
                      ; - jdk.internal.reflect.DirectMethodHandleAccessor::invokeImpl@-1 (line 152)
                      ; - jdk.internal.reflect.DirectMethodHandleAccessor::invoke@23 (line 103)
                      ; - java.lang.reflect.Method::invoke@102 (line 580)
                      ; - com.sun.javafx.reflect.MethodUtil::invoke@20 (line 270)
  0x000074822940bd78: a406 e9c8 

  0x000074822940bd7c: ;   {metadata({method} {0x00007481c3413ab0} 'invokeExact_MT' '(Ljava/lang/Object;Ljava/lang/Object;Ljava/lang/Object;Ljava/lang/Object;Ljava/lang/Object;Ljava/lang/Object;)Ljava/lang/Object;' in 'java/lang/invoke/LambdaForm$MH+0x00007481c8004c00')}
  0x000074822940bd7c: d1ff ff49 | bab0 3a41 | c381 7400 | 004c 8954 | 2408 48c7 | 0424 ffff 

  0x000074822940bd94: ;   {runtime_call counter_overflow Runtime1 stub}
  0x000074822940bd94: ffff e8e5 

  0x000074822940bd98: ; ImmutableOopMap {rdi=Oop rbx=Oop rax=Oop rdx=Oop [432]=Oop [440]=Oop [448]=Oop }
                      ;*synchronization entry
                      ; - java.lang.invoke.LambdaForm$MH/0x00007481c8004c00::invokeExact_MT@-1
                      ; - jdk.internal.reflect.DirectMethodHandleAccessor::invokeImpl@92 (line 156)
                      ; - jdk.internal.reflect.DirectMethodHandleAccessor::invoke@23 (line 103)
                      ; - java.lang.reflect.Method::invoke@102 (line 580)
                      ; - com.sun.javafx.reflect.MethodUtil::invoke@20 (line 270)
  0x000074822940bd98: efa4 06e9 | e6d2 ffff 

  0x000074822940bda0: ;   {metadata({method} {0x00007481c73dc970} 'checkExactType' '(Ljava/lang/invoke/MethodHandle;Ljava/lang/invoke/MethodType;)V' in 'java/lang/invoke/Invokers')}
  0x000074822940bda0: 49ba 70c9 | 3dc7 8174 | 0000 4c89 | 5424 0848 | c704 24ff 

  0x000074822940bdb4: ;   {runtime_call counter_overflow Runtime1 stub}
  0x000074822940bdb4: ffff ffe8 

  0x000074822940bdb8: ; ImmutableOopMap {rdi=Oop rbx=Oop rax=Oop rdx=Oop [432]=Oop [440]=Oop [448]=Oop }
                      ;*synchronization entry
                      ; - java.lang.invoke.Invokers::checkExactType@-1 (line 529)
                      ; - java.lang.invoke.LambdaForm$MH/0x00007481c8004c00::invokeExact_MT@11
                      ; - jdk.internal.reflect.DirectMethodHandleAccessor::invokeImpl@92 (line 156)
                      ; - jdk.internal.reflect.DirectMethodHandleAccessor::invoke@23 (line 103)
                      ; - java.lang.reflect.Method::invoke@102 (line 580)
                      ; - com.sun.javafx.reflect.MethodUtil::invoke@20 (line 270)
  0x000074822940bdb8: c4ef a406 | e93b d3ff 

  0x000074822940bdc0: ;   {metadata({method} {0x00007481c73dc868} 'checkCustomized' '(Ljava/lang/invoke/MethodHandle;)V' in 'java/lang/invoke/Invokers')}
  0x000074822940bdc0: ff49 ba68 | c83d c781 | 7400 004c | 8954 2408 | 48c7 0424 | ffff ffff 

  0x000074822940bdd8: ;   {runtime_call counter_overflow Runtime1 stub}
  0x000074822940bdd8: e8a3 efa4 

  0x000074822940bddc: ; ImmutableOopMap {rdi=Oop rbx=Oop rax=Oop [432]=Oop [440]=Oop [448]=Oop }
                      ;*synchronization entry
                      ; - java.lang.invoke.Invokers::checkCustomized@-1 (line 623)
                      ; - java.lang.invoke.LambdaForm$MH/0x00007481c8004c00::invokeExact_MT@15
                      ; - jdk.internal.reflect.DirectMethodHandleAccessor::invokeImpl@92 (line 156)
                      ; - jdk.internal.reflect.DirectMethodHandleAccessor::invoke@23 (line 103)
                      ; - java.lang.reflect.Method::invoke@102 (line 580)
                      ; - com.sun.javafx.reflect.MethodUtil::invoke@20 (line 270)
  0x000074822940bddc: 06e9 1fd4 

  0x000074822940bde0: ;   {metadata({method} {0x00007481c70951e0} 'isCompileConstant' '(Ljava/lang/Object;)Z' in 'java/lang/invoke/MethodHandleImpl')}
  0x000074822940bde0: ffff 49ba | e051 09c7 | 8174 0000 | 4c89 5424 | 0848 c704 | 24ff ffff 

  0x000074822940bdf8: ;   {runtime_call counter_overflow Runtime1 stub}
  0x000074822940bdf8: ffe8 82ef 

  0x000074822940bdfc: ; ImmutableOopMap {rdi=Oop rbx=Oop rax=Oop [432]=Oop [440]=Oop [448]=Oop }
                      ;*synchronization entry
                      ; - java.lang.invoke.MethodHandleImpl::isCompileConstant@-1 (line 618)
                      ; - java.lang.invoke.Invokers::checkCustomized@1 (line 623)
                      ; - java.lang.invoke.LambdaForm$MH/0x00007481c8004c00::invokeExact_MT@15
                      ; - jdk.internal.reflect.DirectMethodHandleAccessor::invokeImpl@92 (line 156)
                      ; - jdk.internal.reflect.DirectMethodHandleAccessor::invoke@23 (line 103)
                      ; - java.lang.reflect.Method::invoke@102 (line 580)
                      ; - com.sun.javafx.reflect.MethodUtil::invoke@20 (line 270)
  0x000074822940bdfc: a406 e937 

  0x000074822940be00: ;   {metadata({method} {0x00007481c3b61750} 'invoke' '(Ljava/lang/Object;Ljava/lang/Object;Ljava/lang/Object;Ljava/lang/Object;Ljava/lang/Object;)Ljava/lang/Object;' in 'java/lang/invoke/LambdaForm$MH+0x00007481c820c000')}
  0x000074822940be00: d4ff ff49 | ba50 17b6 | c381 7400 | 004c 8954 | 2408 48c7 | 0424 ffff 

  0x000074822940be18: ;   {runtime_call counter_overflow Runtime1 stub}
  0x000074822940be18: ffff e861 

  0x000074822940be1c: ; ImmutableOopMap {rdi=Oop rbx=Oop rax=Oop [432]=Oop [440]=Oop [448]=Oop }
                      ;*synchronization entry
                      ; - java.lang.invoke.LambdaForm$MH/0x00007481c820c000::invoke@-1
                      ; - java.lang.invoke.LambdaForm$MH/0x00007481c8004c00::invokeExact_MT@24
                      ; - jdk.internal.reflect.DirectMethodHandleAccessor::invokeImpl@92 (line 156)
                      ; - jdk.internal.reflect.DirectMethodHandleAccessor::invoke@23 (line 103)
                      ; - java.lang.reflect.Method::invoke@102 (line 580)
                      ; - com.sun.javafx.reflect.MethodUtil::invoke@20 (line 270)
  0x000074822940be1c: efa4 06e9 | 8dd5 ffff 

  0x000074822940be24: ;   {metadata({method} {0x00007481c3411a88} 'invoke' '(Ljava/lang/Object;Ljava/lang/Object;)Ljava/lang/Object;' in 'java/lang/invoke/LambdaForm$MH+0x00007481c8003c00')}
  0x000074822940be24: 49ba 881a | 41c3 8174 | 0000 4c89 | 5424 0848 | c704 24ff 

  0x000074822940be38: ;   {runtime_call counter_overflow Runtime1 stub}
  0x000074822940be38: ffff ffe8 

  0x000074822940be3c: ; ImmutableOopMap {rdi=Oop rbx=Oop rax=Oop [432]=Oop [440]=Oop [448]=Oop }
                      ;*synchronization entry
                      ; - java.lang.invoke.LambdaForm$MH/0x00007481c8003c00::invoke@-1
                      ; - java.lang.invoke.LambdaForm$MH/0x00007481c820c000::invoke@24
                      ; - java.lang.invoke.LambdaForm$MH/0x00007481c8004c00::invokeExact_MT@24
                      ; - jdk.internal.reflect.DirectMethodHandleAccessor::invokeImpl@92 (line 156)
                      ; - jdk.internal.reflect.DirectMethodHandleAccessor::invoke@23 (line 103)
                      ; - java.lang.reflect.Method::invoke@102 (line 580)
                      ; - com.sun.javafx.reflect.MethodUtil::invoke@20 (line 270)
  0x000074822940be3c: 40ef a406 | e93d d6ff 

  0x000074822940be44: ;   {metadata({method} {0x00007481c70b4138} 'invokeSpecial' '(Ljava/lang/Object;Ljava/lang/Object;Ljava/lang/Object;)Ljava/lang/Object;' in 'java/lang/invoke/DirectMethodHandle$Holder')}
  0x000074822940be44: ff49 ba38 | 410b c781 | 7400 004c | 8954 2408 | 48c7 0424 | ffff ffff 

  0x000074822940be5c: ;   {runtime_call counter_overflow Runtime1 stub}
  0x000074822940be5c: e81f efa4 

  0x000074822940be60: ; ImmutableOopMap {rdi=Oop rbx=Oop rax=Oop rdx=Oop rcx=Oop [432]=Oop [440]=Oop [448]=Oop }
                      ;*synchronization entry
                      ; - java.lang.invoke.DirectMethodHandle$Holder::invokeSpecial@-1
                      ; - java.lang.invoke.LambdaForm$MH/0x00007481c8003c00::invoke@21
                      ; - java.lang.invoke.LambdaForm$MH/0x00007481c820c000::invoke@24
                      ; - java.lang.invoke.LambdaForm$MH/0x00007481c8004c00::invokeExact_MT@24
                      ; - jdk.internal.reflect.DirectMethodHandleAccessor::invokeImpl@92 (line 156)
                      ; - jdk.internal.reflect.DirectMethodHandleAccessor::invoke@23 (line 103)
                      ; - java.lang.reflect.Method::invoke@102 (line 580)
                      ; - com.sun.javafx.reflect.MethodUtil::invoke@20 (line 270)
  0x000074822940be60: 06e9 c1d6 

  0x000074822940be64: ;   {metadata({method} {0x00007481c70a1a00} 'internalMemberName' '(Ljava/lang/Object;)Ljava/lang/Object;' in 'java/lang/invoke/DirectMethodHandle')}
  0x000074822940be64: ffff 49ba | 001a 0ac7 | 8174 0000 | 4c89 5424 | 0848 c704 | 24ff ffff 

  0x000074822940be7c: ;   {runtime_call counter_overflow Runtime1 stub}
  0x000074822940be7c: ffe8 feee 

  0x000074822940be80: ; ImmutableOopMap {rdi=Oop rbx=Oop rax=Oop rdx=Oop [432]=Oop [440]=Oop [448]=Oop }
                      ;*synchronization entry
                      ; - java.lang.invoke.DirectMethodHandle::internalMemberName@-1 (line 327)
                      ; - java.lang.invoke.DirectMethodHandle$Holder::invokeSpecial@1
                      ; - java.lang.invoke.LambdaForm$MH/0x00007481c8003c00::invoke@21
                      ; - java.lang.invoke.LambdaForm$MH/0x00007481c820c000::invoke@24
                      ; - java.lang.invoke.LambdaForm$MH/0x00007481c8004c00::invokeExact_MT@24
                      ; - jdk.internal.reflect.DirectMethodHandleAccessor::invokeImpl@92 (line 156)
                      ; - jdk.internal.reflect.DirectMethodHandleAccessor::invoke@23 (line 103)
                      ; - java.lang.reflect.Method::invoke@102 (line 580)
                      ; - com.sun.javafx.reflect.MethodUtil::invoke@20 (line 270)
  0x000074822940be80: a406 e9fb 

  0x000074822940be84: ;   {metadata({method} {0x00007481c7469018} 'cast' '(Ljava/lang/Object;)Ljava/lang/Object;' in 'java/lang/Class')}
  0x000074822940be84: d6ff ff49 | ba18 9046 | c781 7400 | 004c 8954 | 2408 48c7 | 0424 ffff 

  0x000074822940be9c: ;   {runtime_call counter_overflow Runtime1 stub}
  0x000074822940be9c: ffff e8dd 

  0x000074822940bea0: ; ImmutableOopMap {rdi=Oop rbx=Oop rax=Oop [432]=Oop [440]=Oop [448]=Oop }
                      ;*synchronization entry
                      ; - java.lang.Class::cast@-1 (line 4068)
                      ; - java.lang.invoke.DirectMethodHandle$Holder::invokeSpecial@11
                      ; - java.lang.invoke.LambdaForm$MH/0x00007481c8003c00::invoke@21
                      ; - java.lang.invoke.LambdaForm$MH/0x00007481c820c000::invoke@24
                      ; - java.lang.invoke.LambdaForm$MH/0x00007481c8004c00::invokeExact_MT@24
                      ; - jdk.internal.reflect.DirectMethodHandleAccessor::invokeImpl@92 (line 156)
                      ; - jdk.internal.reflect.DirectMethodHandleAccessor::invoke@23 (line 103)
                      ; - java.lang.reflect.Method::invoke@102 (line 580)
                      ; - com.sun.javafx.reflect.MethodUtil::invoke@20 (line 270)
  0x000074822940bea0: eea4 06e9 | 5fd7 ffff 

  0x000074822940bea8: ;   {metadata({method} {0x00007481c3411a88} 'invoke' '(Ljava/lang/Object;Ljava/lang/Object;)Ljava/lang/Object;' in 'java/lang/invoke/LambdaForm$MH+0x00007481c8003c00')}
  0x000074822940bea8: 49ba 881a | 41c3 8174 | 0000 4c89 | 5424 0848 | c704 24ff 

  0x000074822940bebc: ;   {runtime_call counter_overflow Runtime1 stub}
  0x000074822940bebc: ffff ffe8 

  0x000074822940bec0: ; ImmutableOopMap {rdi=Oop rbx=Oop rax=Oop [432]=Oop [440]=Oop [448]=Oop }
                      ;*synchronization entry
                      ; - java.lang.invoke.LambdaForm$MH/0x00007481c8003c00::invoke@-1
                      ; - java.lang.invoke.LambdaForm$MH/0x00007481c820c000::invoke@42
                      ; - java.lang.invoke.LambdaForm$MH/0x00007481c8004c00::invokeExact_MT@24
                      ; - jdk.internal.reflect.DirectMethodHandleAccessor::invokeImpl@92 (line 156)
                      ; - jdk.internal.reflect.DirectMethodHandleAccessor::invoke@23 (line 103)
                      ; - java.lang.reflect.Method::invoke@102 (line 580)
                      ; - com.sun.javafx.reflect.MethodUtil::invoke@20 (line 270)
  0x000074822940bec0: bcee a406 | e92d d9ff 

  0x000074822940bec8: ;   {metadata({method} {0x00007481c70b4138} 'invokeSpecial' '(Ljava/lang/Object;Ljava/lang/Object;Ljava/lang/Object;)Ljava/lang/Object;' in 'java/lang/invoke/DirectMethodHandle$Holder')}
  0x000074822940bec8: ff49 ba38 | 410b c781 | 7400 004c | 8954 2408 | 48c7 0424 | ffff ffff 

  0x000074822940bee0: ;   {runtime_call counter_overflow Runtime1 stub}
  0x000074822940bee0: e89b eea4 

  0x000074822940bee4: ; ImmutableOopMap {rdi=Oop rbx=Oop rax=Oop rdx=Oop rcx=Oop [432]=Oop [440]=Oop [448]=Oop }
                      ;*synchronization entry
                      ; - java.lang.invoke.DirectMethodHandle$Holder::invokeSpecial@-1
                      ; - java.lang.invoke.LambdaForm$MH/0x00007481c8003c00::invoke@21
                      ; - java.lang.invoke.LambdaForm$MH/0x00007481c820c000::invoke@42
                      ; - java.lang.invoke.LambdaForm$MH/0x00007481c8004c00::invokeExact_MT@24
                      ; - jdk.internal.reflect.DirectMethodHandleAccessor::invokeImpl@92 (line 156)
                      ; - jdk.internal.reflect.DirectMethodHandleAccessor::invoke@23 (line 103)
                      ; - java.lang.reflect.Method::invoke@102 (line 580)
                      ; - com.sun.javafx.reflect.MethodUtil::invoke@20 (line 270)
  0x000074822940bee4: 06e9 b1d9 

  0x000074822940bee8: ;   {metadata({method} {0x00007481c70a1a00} 'internalMemberName' '(Ljava/lang/Object;)Ljava/lang/Object;' in 'java/lang/invoke/DirectMethodHandle')}
  0x000074822940bee8: ffff 49ba | 001a 0ac7 | 8174 0000 | 4c89 5424 | 0848 c704 | 24ff ffff 

  0x000074822940bf00: ;   {runtime_call counter_overflow Runtime1 stub}
  0x000074822940bf00: ffe8 7aee 

  0x000074822940bf04: ; ImmutableOopMap {rdi=Oop rbx=Oop rax=Oop rdx=Oop [432]=Oop [440]=Oop [448]=Oop }
                      ;*synchronization entry
                      ; - java.lang.invoke.DirectMethodHandle::internalMemberName@-1 (line 327)
                      ; - java.lang.invoke.DirectMethodHandle$Holder::invokeSpecial@1
                      ; - java.lang.invoke.LambdaForm$MH/0x00007481c8003c00::invoke@21
                      ; - java.lang.invoke.LambdaForm$MH/0x00007481c820c000::invoke@42
                      ; - java.lang.invoke.LambdaForm$MH/0x00007481c8004c00::invokeExact_MT@24
                      ; - jdk.internal.reflect.DirectMethodHandleAccessor::invokeImpl@92 (line 156)
                      ; - jdk.internal.reflect.DirectMethodHandleAccessor::invoke@23 (line 103)
                      ; - java.lang.reflect.Method::invoke@102 (line 580)
                      ; - com.sun.javafx.reflect.MethodUtil::invoke@20 (line 270)
  0x000074822940bf04: a406 e9eb 

  0x000074822940bf08: ;   {metadata({method} {0x00007481c7469018} 'cast' '(Ljava/lang/Object;)Ljava/lang/Object;' in 'java/lang/Class')}
  0x000074822940bf08: d9ff ff49 | ba18 9046 | c781 7400 | 004c 8954 | 2408 48c7 | 0424 ffff 

  0x000074822940bf20: ;   {runtime_call counter_overflow Runtime1 stub}
  0x000074822940bf20: ffff e859 

  0x000074822940bf24: ; ImmutableOopMap {rdi=Oop rbx=Oop rax=Oop [432]=Oop [440]=Oop [448]=Oop }
                      ;*synchronization entry
                      ; - java.lang.Class::cast@-1 (line 4068)
                      ; - java.lang.invoke.DirectMethodHandle$Holder::invokeSpecial@11
                      ; - java.lang.invoke.LambdaForm$MH/0x00007481c8003c00::invoke@21
                      ; - java.lang.invoke.LambdaForm$MH/0x00007481c820c000::invoke@42
                      ; - java.lang.invoke.LambdaForm$MH/0x00007481c8004c00::invokeExact_MT@24
                      ; - jdk.internal.reflect.DirectMethodHandleAccessor::invokeImpl@92 (line 156)
                      ; - jdk.internal.reflect.DirectMethodHandleAccessor::invoke@23 (line 103)
                      ; - java.lang.reflect.Method::invoke@102 (line 580)
                      ; - com.sun.javafx.reflect.MethodUtil::invoke@20 (line 270)
  0x000074822940bf24: eea4 06e9 | 4fda ffff 

  0x000074822940bf2c: ;   {metadata({method} {0x00007481c70b2ea8} 'invokeStatic' '(Ljava/lang/Object;Ljava/lang/Object;Ljava/lang/Object;Ljava/lang/Object;)Ljava/lang/Object;' in 'java/lang/invoke/DirectMethodHandle$Holder')}
  0x000074822940bf2c: 49ba a82e | 0bc7 8174 | 0000 4c89 | 5424 0848 | c704 24ff 

  0x000074822940bf40: ;   {runtime_call counter_overflow Runtime1 stub}
  0x000074822940bf40: ffff ffe8 

  0x000074822940bf44: ; ImmutableOopMap {rdi=Oop rbx=Oop rdx=Oop [432]=Oop [440]=Oop [448]=Oop }
                      ;*synchronization entry
                      ; - java.lang.invoke.DirectMethodHandle$Holder::invokeStatic@-1
                      ; - java.lang.invoke.LambdaForm$MH/0x00007481c820c000::invoke@63
                      ; - java.lang.invoke.LambdaForm$MH/0x00007481c8004c00::invokeExact_MT@24
                      ; - jdk.internal.reflect.DirectMethodHandleAccessor::invokeImpl@92 (line 156)
                      ; - jdk.internal.reflect.DirectMethodHandleAccessor::invoke@23 (line 103)
                      ; - java.lang.reflect.Method::invoke@102 (line 580)
                      ; - com.sun.javafx.reflect.MethodUtil::invoke@20 (line 270)
  0x000074822940bf44: 38ee a406 | e9bb dcff 

  0x000074822940bf4c: ;   {metadata({method} {0x00007481c70a1a00} 'internalMemberName' '(Ljava/lang/Object;)Ljava/lang/Object;' in 'java/lang/invoke/DirectMethodHandle')}
  0x000074822940bf4c: ff49 ba00 | 1a0a c781 | 7400 004c | 8954 2408 | 48c7 0424 | ffff ffff 

  0x000074822940bf64: ;   {runtime_call counter_overflow Runtime1 stub}
  0x000074822940bf64: e817 eea4 

  0x000074822940bf68: ; ImmutableOopMap {rdi=Oop rbx=Oop [432]=Oop [440]=Oop [448]=Oop }
                      ;*synchronization entry
                      ; - java.lang.invoke.DirectMethodHandle::internalMemberName@-1 (line 327)
                      ; - java.lang.invoke.DirectMethodHandle$Holder::invokeStatic@1
                      ; - java.lang.invoke.LambdaForm$MH/0x00007481c820c000::invoke@63
                      ; - java.lang.invoke.LambdaForm$MH/0x00007481c8004c00::invokeExact_MT@24
                      ; - jdk.internal.reflect.DirectMethodHandleAccessor::invokeImpl@92 (line 156)
                      ; - jdk.internal.reflect.DirectMethodHandleAccessor::invoke@23 (line 103)
                      ; - java.lang.reflect.Method::invoke@102 (line 580)
                      ; - com.sun.javafx.reflect.MethodUtil::invoke@20 (line 270)
  0x000074822940bf68: 06e9 3bdd 

  0x000074822940bf6c: ;   {metadata({method} {0x00007481c39d6d88} 'invoke' '(Ljava/lang/reflect/Method;Ljava/lang/Object;[Ljava/lang/Object;)Ljava/lang/Object;' in 'com/sun/javafx/reflect/Trampoline')}
  0x000074822940bf6c: ffff 49ba | 886d 9dc3 | 8174 0000 | 4c89 5424 | 0848 c704 | 24ff ffff 

  0x000074822940bf84: ;   {runtime_call counter_overflow Runtime1 stub}
  0x000074822940bf84: ffe8 f6ed 

  0x000074822940bf88: ; ImmutableOopMap {rdi=Oop rbx=Oop [432]=Oop [440]=Oop [448]=Oop }
                      ;*synchronization entry
                      ; - com.sun.javafx.reflect.Trampoline::invoke@-1 (line 71)
                      ; - java.lang.invoke.DirectMethodHandle$Holder::invokeStatic@14
                      ; - java.lang.invoke.LambdaForm$MH/0x00007481c820c000::invoke@63
                      ; - java.lang.invoke.LambdaForm$MH/0x00007481c8004c00::invokeExact_MT@24
                      ; - jdk.internal.reflect.DirectMethodHandleAccessor::invokeImpl@92 (line 156)
                      ; - jdk.internal.reflect.DirectMethodHandleAccessor::invoke@23 (line 103)
                      ; - java.lang.reflect.Method::invoke@102 (line 580)
                      ; - com.sun.javafx.reflect.MethodUtil::invoke@20 (line 270)
  0x000074822940bf88: a406 e983 

  0x000074822940bf8c: ;   {runtime_call throw_null_pointer_exception Runtime1 stub}
  0x000074822940bf8c: deff ffe8 

  0x000074822940bf90: ; ImmutableOopMap {rdi=Oop [432]=Oop [440]=Oop [448]=Oop }
                      ;*invokevirtual invoke {reexecute=0 rethrow=0 return_oop=0}
                      ; - com.sun.javafx.reflect.Trampoline::invoke@7 (line 72)
                      ; - java.lang.invoke.DirectMethodHandle$Holder::invokeStatic@14
                      ; - java.lang.invoke.LambdaForm$MH/0x00007481c820c000::invoke@63
                      ; - java.lang.invoke.LambdaForm$MH/0x00007481c8004c00::invokeExact_MT@24
                      ; - jdk.internal.reflect.DirectMethodHandleAccessor::invokeImpl@92 (line 156)
                      ; - jdk.internal.reflect.DirectMethodHandleAccessor::invoke@23 (line 103)
                      ; - java.lang.reflect.Method::invoke@102 (line 580)
                      ; - com.sun.javafx.reflect.MethodUtil::invoke@20 (line 270)
  0x000074822940bf90: 0c5f a406 

  0x000074822940bf94: ;   {metadata({method} {0x00007481c7045680} 'invoke' '(Ljava/lang/Object;[Ljava/lang/Object;)Ljava/lang/Object;' in 'java/lang/reflect/Method')}
  0x000074822940bf94: 49ba 8056 | 04c7 8174 | 0000 4c89 | 5424 0848 | c704 24ff 

  0x000074822940bfa8: ;   {runtime_call counter_overflow Runtime1 stub}
  0x000074822940bfa8: ffff ffe8 

  0x000074822940bfac: ; ImmutableOopMap {rdi=Oop [432]=Oop [440]=Oop [448]=Oop }
                      ;*synchronization entry
                      ; - java.lang.reflect.Method::invoke@-1 (line 561)
                      ; - com.sun.javafx.reflect.Trampoline::invoke@7 (line 72)
                      ; - java.lang.invoke.DirectMethodHandle$Holder::invokeStatic@14
                      ; - java.lang.invoke.LambdaForm$MH/0x00007481c820c000::invoke@63
                      ; - java.lang.invoke.LambdaForm$MH/0x00007481c8004c00::invokeExact_MT@24
                      ; - jdk.internal.reflect.DirectMethodHandleAccessor::invokeImpl@92 (line 156)
                      ; - jdk.internal.reflect.DirectMethodHandleAccessor::invoke@23 (line 103)
                      ; - java.lang.reflect.Method::invoke@102 (line 580)
                      ; - com.sun.javafx.reflect.MethodUtil::invoke@20 (line 270)
  0x000074822940bfac: d0ed a406 | e9c6 deff 

  0x000074822940bfb4: ;   {runtime_call throw_null_pointer_exception Runtime1 stub}
  0x000074822940bfb4: ffe8 e65e 

  0x000074822940bfb8: ; ImmutableOopMap {rbx=Oop [432]=Oop [440]=Oop [448]=Oop [456]=Oop [464]=Oop }
                      ;*invokevirtual getClass {reexecute=0 rethrow=0 return_oop=0}
                      ; - java.lang.reflect.Method::invoke@53 (line 572)
                      ; - com.sun.javafx.reflect.Trampoline::invoke@7 (line 72)
                      ; - java.lang.invoke.DirectMethodHandle$Holder::invokeStatic@14
                      ; - java.lang.invoke.LambdaForm$MH/0x00007481c820c000::invoke@63
                      ; - java.lang.invoke.LambdaForm$MH/0x00007481c8004c00::invokeExact_MT@24
                      ; - jdk.internal.reflect.DirectMethodHandleAccessor::invokeImpl@92 (line 156)
                      ; - jdk.internal.reflect.DirectMethodHandleAccessor::invoke@23 (line 103)
                      ; - java.lang.reflect.Method::invoke@102 (line 580)
                      ; - com.sun.javafx.reflect.MethodUtil::invoke@20 (line 270)
                      ;   {runtime_call throw_null_pointer_exception Runtime1 stub}
  0x000074822940bfb8: a406 e8e1 

  0x000074822940bfbc: ; ImmutableOopMap {rsi=Oop rbx=Oop [440]=Oop [448]=Oop }
                      ;*invokeinterface invoke {reexecute=0 rethrow=0 return_oop=0}
                      ; - java.lang.reflect.Method::invoke@90 (line 580)
                      ; - com.sun.javafx.reflect.Trampoline::invoke@7 (line 72)
                      ; - java.lang.invoke.DirectMethodHandle$Holder::invokeStatic@14
                      ; - java.lang.invoke.LambdaForm$MH/0x00007481c820c000::invoke@63
                      ; - java.lang.invoke.LambdaForm$MH/0x00007481c8004c00::invokeExact_MT@24
                      ; - jdk.internal.reflect.DirectMethodHandleAccessor::invokeImpl@92 (line 156)
                      ; - jdk.internal.reflect.DirectMethodHandleAccessor::invoke@23 (line 103)
                      ; - java.lang.reflect.Method::invoke@102 (line 580)
                      ; - com.sun.javafx.reflect.MethodUtil::invoke@20 (line 270)
                      ;   {runtime_call throw_null_pointer_exception Runtime1 stub}
  0x000074822940bfbc: 5ea4 06e8 

  0x000074822940bfc0: ; ImmutableOopMap {rsi=Oop [440]=Oop [448]=Oop }
                      ;*invokeinterface invoke {reexecute=0 rethrow=0 return_oop=0}
                      ; - java.lang.reflect.Method::invoke@102 (line 580)
                      ; - com.sun.javafx.reflect.Trampoline::invoke@7 (line 72)
                      ; - java.lang.invoke.DirectMethodHandle$Holder::invokeStatic@14
                      ; - java.lang.invoke.LambdaForm$MH/0x00007481c820c000::invoke@63
                      ; - java.lang.invoke.LambdaForm$MH/0x00007481c8004c00::invokeExact_MT@24
                      ; - jdk.internal.reflect.DirectMethodHandleAccessor::invokeImpl@92 (line 156)
                      ; - jdk.internal.reflect.DirectMethodHandleAccessor::invoke@23 (line 103)
                      ; - java.lang.reflect.Method::invoke@102 (line 580)
                      ; - com.sun.javafx.reflect.MethodUtil::invoke@20 (line 270)
  0x000074822940bfc0: dc5e a406 

  0x000074822940bfc4: ;   {internal_word}
  0x000074822940bfc4: 49ba bca3 | 4029 8274 | 0000 4d89 | 9768 0400 

  0x000074822940bfd4: ;   {runtime_call SafepointBlob}
  0x000074822940bfd4: 00e9 2614 | 9806 488b 

  0x000074822940bfdc: ;   {runtime_call fast_new_instance Runtime1 stub}
  0x000074822940bfdc: d2e8 1e84 

  0x000074822940bfe0: ; ImmutableOopMap {[432]=Oop [440]=Oop [448]=Oop }
                      ;*new {reexecute=0 rethrow=0 return_oop=0}
                      ; - java.lang.Class::cast@12 (line 4069)
                      ; - java.lang.invoke.DirectMethodHandle$Holder::invokeSpecial@11
                      ; - java.lang.invoke.LambdaForm$MH/0x00007481c8003c00::invoke@21
                      ; - java.lang.invoke.LambdaForm$MH/0x00007481c820c000::invoke@42
                      ; - java.lang.invoke.LambdaForm$MH/0x00007481c8004c00::invokeExact_MT@24
                      ; - jdk.internal.reflect.DirectMethodHandleAccessor::invokeImpl@92 (line 156)
                      ; - jdk.internal.reflect.DirectMethodHandleAccessor::invoke@23 (line 103)
                      ; - java.lang.reflect.Method::invoke@102 (line 580)
                      ; - com.sun.javafx.reflect.MethodUtil::invoke@20 (line 270)
  0x000074822940bfe0: a406 e93b | e4ff ff48 

  0x000074822940bfe8: ;   {runtime_call fast_new_instance Runtime1 stub}
  0x000074822940bfe8: 8bd2 e811 

  0x000074822940bfec: ; ImmutableOopMap {rbx=Oop [432]=Oop [440]=Oop [448]=Oop }
                      ;*new {reexecute=0 rethrow=0 return_oop=0}
                      ; - java.lang.Class::cast@12 (line 4069)
                      ; - java.lang.invoke.DirectMethodHandle$Holder::invokeSpecial@11
                      ; - java.lang.invoke.LambdaForm$MH/0x00007481c8003c00::invoke@21
                      ; - java.lang.invoke.LambdaForm$MH/0x00007481c820c000::invoke@24
                      ; - java.lang.invoke.LambdaForm$MH/0x00007481c8004c00::invokeExact_MT@24
                      ; - jdk.internal.reflect.DirectMethodHandleAccessor::invokeImpl@92 (line 156)
                      ; - jdk.internal.reflect.DirectMethodHandleAccessor::invoke@23 (line 103)
                      ; - java.lang.reflect.Method::invoke@102 (line 580)
                      ; - com.sun.javafx.reflect.MethodUtil::invoke@20 (line 270)
  0x000074822940bfec: 84a4 06e9 | 1be5 ffff 

  0x000074822940bff4: ;   {metadata({method} {0x00007481c73c8280} 'isIllegalArgument' '(Ljava/lang/RuntimeException;)Z' in 'jdk/internal/reflect/DirectMethodHandleAccessor')}
  0x000074822940bff4: 49ba 8082 | 3cc7 8174 | 0000 4c89 | 5424 0848 | c704 24ff 

  0x000074822940c008: ;   {runtime_call counter_overflow Runtime1 stub}
  0x000074822940c008: ffff ffe8 

  0x000074822940c00c: ; ImmutableOopMap {rax=Oop }
                      ;*synchronization entry
                      ; - jdk.internal.reflect.DirectMethodHandleAccessor::isIllegalArgument@-1 (line 191)
                      ; - jdk.internal.reflect.DirectMethodHandleAccessor::invoke@58 (line 112)
                      ; - java.lang.reflect.Method::invoke@102 (line 580)
                      ; - com.sun.javafx.reflect.MethodUtil::invoke@20 (line 270)
  0x000074822940c00c: 70ed a406 | e9e5 e5ff 

  0x000074822940c014: ;   {metadata({method} {0x00007481c73c8280} 'isIllegalArgument' '(Ljava/lang/RuntimeException;)Z' in 'jdk/internal/reflect/DirectMethodHandleAccessor')}
  0x000074822940c014: ff49 ba80 | 823c c781 | 7400 004c | 8954 2408 | 48c7 0424 | ffff ffff 

  0x000074822940c02c: ;   {runtime_call counter_overflow Runtime1 stub}
  0x000074822940c02c: e84f eda4 

  0x000074822940c030: ; ImmutableOopMap {rax=Oop }
                      ;*synchronization entry
                      ; - jdk.internal.reflect.DirectMethodHandleAccessor::isIllegalArgument@-1 (line 191)
                      ; - jdk.internal.reflect.DirectMethodHandleAccessor::invoke@30 (line 105)
                      ; - java.lang.reflect.Method::invoke@102 (line 580)
                      ; - com.sun.javafx.reflect.MethodUtil::invoke@20 (line 270)
  0x000074822940c030: 06e9 7ae6 

  0x000074822940c034: ;   {metadata(nullptr)}
  0x000074822940c034: ffff 48ba | 0000 0000 | 0000 0000 | b800 0f05 

  0x000074822940c044: ;   {runtime_call load_klass_patching Runtime1 stub}
  0x000074822940c044: 0ae8 36d8 

  0x000074822940c048: ; ImmutableOopMap {}
                      ;*new {reexecute=1 rethrow=0 return_oop=0}
                      ; - (reexecute) jdk.internal.reflect.DirectMethodHandleAccessor::invoke@36 (line 107)
                      ; - java.lang.reflect.Method::invoke@102 (line 580)
                      ; - com.sun.javafx.reflect.MethodUtil::invoke@20 (line 270)
  0x000074822940c048: a406 e9b9 | e6ff ff48 

  0x000074822940c050: ;   {runtime_call fast_new_instance Runtime1 stub}
  0x000074822940c050: 8bd2 e8a9 

  0x000074822940c054: ; ImmutableOopMap {}
                      ;*new {reexecute=0 rethrow=0 return_oop=0}
                      ; - jdk.internal.reflect.DirectMethodHandleAccessor::invoke@36 (line 107)
                      ; - java.lang.reflect.Method::invoke@102 (line 580)
                      ; - com.sun.javafx.reflect.MethodUtil::invoke@20 (line 270)
  0x000074822940c054: 83a4 06e9 | 04e7 ffff 

  0x000074822940c05c: ;   {metadata(nullptr)}
  0x000074822940c05c: 48ba 0000 | 0000 0000 | 0000 b800 

  0x000074822940c068: ;   {runtime_call load_klass_patching Runtime1 stub}
  0x000074822940c068: 0f05 0ae8 

  0x000074822940c06c: ; ImmutableOopMap {rbx=Oop }
                      ;*new {reexecute=1 rethrow=0 return_oop=0}
                      ; - (reexecute) jdk.internal.reflect.DirectMethodHandleAccessor::invoke@46 (line 109)
                      ; - java.lang.reflect.Method::invoke@102 (line 580)
                      ; - com.sun.javafx.reflect.MethodUtil::invoke@20 (line 270)
  0x000074822940c06c: 10d8 a406 | e943 e7ff 

  0x000074822940c074: ;   {runtime_call throw_null_pointer_exception Runtime1 stub}
  0x000074822940c074: ffe8 265e 

  0x000074822940c078: ; ImmutableOopMap {rbx=Oop }
                      ;*new {reexecute=0 rethrow=0 return_oop=0}
                      ; - jdk.internal.reflect.DirectMethodHandleAccessor::invoke@46 (line 109)
                      ; - java.lang.reflect.Method::invoke@102 (line 580)
                      ; - com.sun.javafx.reflect.MethodUtil::invoke@20 (line 270)
  0x000074822940c078: a406 488b 

  0x000074822940c07c: ;   {runtime_call fast_new_instance_init_check Runtime1 stub}
  0x000074822940c07c: d2e8 fe8c 

  0x000074822940c080: ; ImmutableOopMap {rbx=Oop }
                      ;*new {reexecute=0 rethrow=0 return_oop=0}
                      ; - jdk.internal.reflect.DirectMethodHandleAccessor::invoke@46 (line 109)
                      ; - java.lang.reflect.Method::invoke@102 (line 580)
                      ; - com.sun.javafx.reflect.MethodUtil::invoke@20 (line 270)
  0x000074822940c080: a406 e996 

  0x000074822940c084: ;   {metadata(nullptr)}
  0x000074822940c084: e7ff ff48 | ba00 0000 | 0000 0000 | 00b8 000f 

  0x000074822940c094: ;   {runtime_call load_klass_patching Runtime1 stub}
  0x000074822940c094: 050a e8e5 

  0x000074822940c098: ; ImmutableOopMap {[488]=Oop }
                      ;*new {reexecute=1 rethrow=0 return_oop=0}
                      ; - (reexecute) jdk.internal.reflect.DirectMethodHandleAccessor::invoke@64 (line 113)
                      ; - java.lang.reflect.Method::invoke@102 (line 580)
                      ; - com.sun.javafx.reflect.MethodUtil::invoke@20 (line 270)
  0x000074822940c098: d7a4 06e9 | d0e7 ffff 

  0x000074822940c0a0: ;   {runtime_call fast_new_instance Runtime1 stub}
  0x000074822940c0a0: 488b d2e8 

  0x000074822940c0a4: ; ImmutableOopMap {[488]=Oop }
                      ;*new {reexecute=0 rethrow=0 return_oop=0}
                      ; - jdk.internal.reflect.DirectMethodHandleAccessor::invoke@64 (line 113)
                      ; - java.lang.reflect.Method::invoke@102 (line 580)
                      ; - com.sun.javafx.reflect.MethodUtil::invoke@20 (line 270)
  0x000074822940c0a4: 5883 a406 | e91b e8ff 

  0x000074822940c0ac: ;   {metadata(nullptr)}
  0x000074822940c0ac: ff48 ba00 | 0000 0000 | 0000 00b8 | 000f 050a 

  0x000074822940c0bc: ;   {runtime_call load_klass_patching Runtime1 stub}
  0x000074822940c0bc: e8bf d7a4 

  0x000074822940c0c0: ; ImmutableOopMap {rbx=Oop }
                      ;*new {reexecute=1 rethrow=0 return_oop=0}
                      ; - (reexecute) jdk.internal.reflect.DirectMethodHandleAccessor::invoke@73 (line 115)
                      ; - java.lang.reflect.Method::invoke@102 (line 580)
                      ; - com.sun.javafx.reflect.MethodUtil::invoke@20 (line 270)
  0x000074822940c0c0: 06e9 5ae8 

  0x000074822940c0c4: ;   {runtime_call throw_null_pointer_exception Runtime1 stub}
  0x000074822940c0c4: ffff e8d5 

  0x000074822940c0c8: ; ImmutableOopMap {rbx=Oop }
                      ;*new {reexecute=0 rethrow=0 return_oop=0}
                      ; - jdk.internal.reflect.DirectMethodHandleAccessor::invoke@73 (line 115)
                      ; - java.lang.reflect.Method::invoke@102 (line 580)
                      ; - com.sun.javafx.reflect.MethodUtil::invoke@20 (line 270)
  0x000074822940c0c8: 5da4 0648 

  0x000074822940c0cc: ;   {runtime_call fast_new_instance_init_check Runtime1 stub}
  0x000074822940c0cc: 8bd2 e8ad 

  0x000074822940c0d0: ; ImmutableOopMap {rbx=Oop }
                      ;*new {reexecute=0 rethrow=0 return_oop=0}
                      ; - jdk.internal.reflect.DirectMethodHandleAccessor::invoke@73 (line 115)
                      ; - java.lang.reflect.Method::invoke@102 (line 580)
                      ; - com.sun.javafx.reflect.MethodUtil::invoke@20 (line 270)
  0x000074822940c0d0: 8ca4 06e9 | ade8 ffff 

  0x000074822940c0d8: ;   {metadata(nullptr)}
  0x000074822940c0d8: 48ba 0000 | 0000 0000 | 0000 b800 

  0x000074822940c0e4: ;   {runtime_call load_klass_patching Runtime1 stub}
  0x000074822940c0e4: 0f05 0ae8 

  0x000074822940c0e8: ; ImmutableOopMap {[408]=Oop [424]=Oop }
                      ;*new {reexecute=1 rethrow=0 return_oop=0}
                      ; - (reexecute) java.util.Objects::requireNonNull@4 (line 233)
                      ; - java.lang.invoke.MethodHandleImpl$1::reflectiveInvoker@1 (line 1655)
                      ; - jdk.internal.reflect.DirectMethodHandleAccessor::invokeImpl@121 (line 176)
                      ; - jdk.internal.reflect.DirectMethodHandleAccessor::invoke@24 (line 130)
                      ; - java.lang.reflect.Method::invoke@90 (line 580)
                      ; - com.sun.javafx.reflect.MethodUtil::invoke@20 (line 270)
  0x000074822940c0e8: 94d7 a406 | e9ef e8ff | ff48 8bd2 

  0x000074822940c0f4: ;   {runtime_call fast_new_instance Runtime1 stub}
  0x000074822940c0f4: e807 83a4 

  0x000074822940c0f8: ; ImmutableOopMap {[408]=Oop [424]=Oop }
                      ;*new {reexecute=0 rethrow=0 return_oop=0}
                      ; - java.util.Objects::requireNonNull@4 (line 233)
                      ; - java.lang.invoke.MethodHandleImpl$1::reflectiveInvoker@1 (line 1655)
                      ; - jdk.internal.reflect.DirectMethodHandleAccessor::invokeImpl@121 (line 176)
                      ; - jdk.internal.reflect.DirectMethodHandleAccessor::invoke@24 (line 130)
                      ; - java.lang.reflect.Method::invoke@90 (line 580)
                      ; - com.sun.javafx.reflect.MethodUtil::invoke@20 (line 270)
  0x000074822940c0f8: 06e9 3ee9 

  0x000074822940c0fc: ;   {metadata({method} {0x00007481c73c8280} 'isIllegalArgument' '(Ljava/lang/RuntimeException;)Z' in 'jdk/internal/reflect/DirectMethodHandleAccessor')}
  0x000074822940c0fc: ffff 49ba | 8082 3cc7 | 8174 0000 | 4c89 5424 | 0848 c704 | 24ff ffff 

  0x000074822940c114: ;   {runtime_call counter_overflow Runtime1 stub}
  0x000074822940c114: ffe8 66ec 

  0x000074822940c118: ; ImmutableOopMap {rax=Oop }
                      ;*synchronization entry
                      ; - jdk.internal.reflect.DirectMethodHandleAccessor::isIllegalArgument@-1 (line 191)
                      ; - jdk.internal.reflect.DirectMethodHandleAccessor::invoke@64 (line 139)
                      ; - java.lang.reflect.Method::invoke@90 (line 580)
                      ; - com.sun.javafx.reflect.MethodUtil::invoke@20 (line 270)
  0x000074822940c118: a406 e9c3 

  0x000074822940c11c: ;   {metadata({method} {0x00007481c73c8280} 'isIllegalArgument' '(Ljava/lang/RuntimeException;)Z' in 'jdk/internal/reflect/DirectMethodHandleAccessor')}
  0x000074822940c11c: e9ff ff49 | ba80 823c | c781 7400 | 004c 8954 | 2408 48c7 | 0424 ffff 

  0x000074822940c134: ;   {runtime_call counter_overflow Runtime1 stub}
  0x000074822940c134: ffff e845 

  0x000074822940c138: ; ImmutableOopMap {rax=Oop }
                      ;*synchronization entry
                      ; - jdk.internal.reflect.DirectMethodHandleAccessor::isIllegalArgument@-1 (line 191)
                      ; - jdk.internal.reflect.DirectMethodHandleAccessor::invoke@33 (line 132)
                      ; - java.lang.reflect.Method::invoke@90 (line 580)
                      ; - com.sun.javafx.reflect.MethodUtil::invoke@20 (line 270)
  0x000074822940c138: eca4 06e9 | 58ea ffff 

  0x000074822940c140: ;   {metadata(nullptr)}
  0x000074822940c140: 48ba 0000 | 0000 0000 | 0000 b800 

  0x000074822940c14c: ;   {runtime_call load_klass_patching Runtime1 stub}
  0x000074822940c14c: 0f05 0ae8 

  0x000074822940c150: ; ImmutableOopMap {}
                      ;*new {reexecute=1 rethrow=0 return_oop=0}
                      ; - (reexecute) jdk.internal.reflect.DirectMethodHandleAccessor::invoke@39 (line 134)
                      ; - java.lang.reflect.Method::invoke@90 (line 580)
                      ; - com.sun.javafx.reflect.MethodUtil::invoke@20 (line 270)
  0x000074822940c150: 2cd7 a406 | e997 eaff | ff48 8bd2 

  0x000074822940c15c: ;   {runtime_call fast_new_instance Runtime1 stub}
  0x000074822940c15c: e89f 82a4 

  0x000074822940c160: ; ImmutableOopMap {}
                      ;*new {reexecute=0 rethrow=0 return_oop=0}
                      ; - jdk.internal.reflect.DirectMethodHandleAccessor::invoke@39 (line 134)
                      ; - java.lang.reflect.Method::invoke@90 (line 580)
                      ; - com.sun.javafx.reflect.MethodUtil::invoke@20 (line 270)
  0x000074822940c160: 06e9 e2ea 

  0x000074822940c164: ;   {metadata(nullptr)}
  0x000074822940c164: ffff 48ba | 0000 0000 | 0000 0000 | b800 0f05 

  0x000074822940c174: ;   {runtime_call load_klass_patching Runtime1 stub}
  0x000074822940c174: 0ae8 06d7 

  0x000074822940c178: ; ImmutableOopMap {rbx=Oop }
                      ;*new {reexecute=1 rethrow=0 return_oop=0}
                      ; - (reexecute) jdk.internal.reflect.DirectMethodHandleAccessor::invoke@49 (line 136)
                      ; - java.lang.reflect.Method::invoke@90 (line 580)
                      ; - com.sun.javafx.reflect.MethodUtil::invoke@20 (line 270)
  0x000074822940c178: a406 e921 

  0x000074822940c17c: ;   {runtime_call throw_null_pointer_exception Runtime1 stub}
  0x000074822940c17c: ebff ffe8 

  0x000074822940c180: ; ImmutableOopMap {rbx=Oop }
                      ;*new {reexecute=0 rethrow=0 return_oop=0}
                      ; - jdk.internal.reflect.DirectMethodHandleAccessor::invoke@49 (line 136)
                      ; - java.lang.reflect.Method::invoke@90 (line 580)
                      ; - com.sun.javafx.reflect.MethodUtil::invoke@20 (line 270)
  0x000074822940c180: 1c5d a406 

  0x000074822940c184: ;   {runtime_call fast_new_instance_init_check Runtime1 stub}
  0x000074822940c184: 488b d2e8 

  0x000074822940c188: ; ImmutableOopMap {rbx=Oop }
                      ;*new {reexecute=0 rethrow=0 return_oop=0}
                      ; - jdk.internal.reflect.DirectMethodHandleAccessor::invoke@49 (line 136)
                      ; - java.lang.reflect.Method::invoke@90 (line 580)
                      ; - com.sun.javafx.reflect.MethodUtil::invoke@20 (line 270)
  0x000074822940c188: f48b a406 | e974 ebff 

  0x000074822940c190: ;   {metadata(nullptr)}
  0x000074822940c190: ff48 ba00 | 0000 0000 | 0000 00b8 | 000f 050a 

  0x000074822940c1a0: ;   {runtime_call load_klass_patching Runtime1 stub}
  0x000074822940c1a0: e8db d6a4 

  0x000074822940c1a4: ; ImmutableOopMap {[544]=Oop }
                      ;*new {reexecute=1 rethrow=0 return_oop=0}
                      ; - (reexecute) jdk.internal.reflect.DirectMethodHandleAccessor::invoke@70 (line 140)
                      ; - java.lang.reflect.Method::invoke@90 (line 580)
                      ; - com.sun.javafx.reflect.MethodUtil::invoke@20 (line 270)
  0x000074822940c1a4: 06e9 aeeb | ffff 488b 

  0x000074822940c1ac: ;   {runtime_call fast_new_instance Runtime1 stub}
  0x000074822940c1ac: d2e8 4e82 

  0x000074822940c1b0: ; ImmutableOopMap {[544]=Oop }
                      ;*new {reexecute=0 rethrow=0 return_oop=0}
                      ; - jdk.internal.reflect.DirectMethodHandleAccessor::invoke@70 (line 140)
                      ; - java.lang.reflect.Method::invoke@90 (line 580)
                      ; - com.sun.javafx.reflect.MethodUtil::invoke@20 (line 270)
  0x000074822940c1b0: a406 e9f9 

  0x000074822940c1b4: ;   {metadata(nullptr)}
  0x000074822940c1b4: ebff ff48 | ba00 0000 | 0000 0000 | 00b8 000f 

  0x000074822940c1c4: ;   {runtime_call load_klass_patching Runtime1 stub}
  0x000074822940c1c4: 050a e8b5 

  0x000074822940c1c8: ; ImmutableOopMap {rbx=Oop }
                      ;*new {reexecute=1 rethrow=0 return_oop=0}
                      ; - (reexecute) jdk.internal.reflect.DirectMethodHandleAccessor::invoke@80 (line 142)
                      ; - java.lang.reflect.Method::invoke@90 (line 580)
                      ; - com.sun.javafx.reflect.MethodUtil::invoke@20 (line 270)
  0x000074822940c1c8: d6a4 06e9 | 38ec ffff 

  0x000074822940c1d0: ;   {runtime_call throw_null_pointer_exception Runtime1 stub}
  0x000074822940c1d0: e8cb 5ca4 

  0x000074822940c1d4: ; ImmutableOopMap {rbx=Oop }
                      ;*new {reexecute=0 rethrow=0 return_oop=0}
                      ; - jdk.internal.reflect.DirectMethodHandleAccessor::invoke@80 (line 142)
                      ; - java.lang.reflect.Method::invoke@90 (line 580)
                      ; - com.sun.javafx.reflect.MethodUtil::invoke@20 (line 270)
  0x000074822940c1d4: 0648 8bd2 

  0x000074822940c1d8: ;   {runtime_call fast_new_instance_init_check Runtime1 stub}
  0x000074822940c1d8: e8a3 8ba4 

  0x000074822940c1dc: ; ImmutableOopMap {rbx=Oop }
                      ;*new {reexecute=0 rethrow=0 return_oop=0}
                      ; - jdk.internal.reflect.DirectMethodHandleAccessor::invoke@80 (line 142)
                      ; - java.lang.reflect.Method::invoke@90 (line 580)
                      ; - com.sun.javafx.reflect.MethodUtil::invoke@20 (line 270)
  0x000074822940c1dc: 06e9 8bec 

  0x000074822940c1e0: ;   {metadata(nullptr)}
  0x000074822940c1e0: ffff 48ba | 0000 0000 | 0000 0000 | b800 0f05 

  0x000074822940c1f0: ;   {runtime_call load_klass_patching Runtime1 stub}
  0x000074822940c1f0: 0ae8 8ad6 

  0x000074822940c1f4: ; ImmutableOopMap {rbx=Oop }
                      ;*new {reexecute=1 rethrow=0 return_oop=0}
                      ; - (reexecute) jdk.internal.reflect.DirectMethodHandleAccessor::invoke@92 (line 145)
                      ; - java.lang.reflect.Method::invoke@90 (line 580)
                      ; - com.sun.javafx.reflect.MethodUtil::invoke@20 (line 270)
  0x000074822940c1f4: a406 e9e5 

  0x000074822940c1f8: ;   {runtime_call throw_null_pointer_exception Runtime1 stub}
  0x000074822940c1f8: ecff ffe8 

  0x000074822940c1fc: ; ImmutableOopMap {rbx=Oop }
                      ;*new {reexecute=0 rethrow=0 return_oop=0}
                      ; - jdk.internal.reflect.DirectMethodHandleAccessor::invoke@92 (line 145)
                      ; - java.lang.reflect.Method::invoke@90 (line 580)
                      ; - com.sun.javafx.reflect.MethodUtil::invoke@20 (line 270)
  0x000074822940c1fc: a05c a406 

  0x000074822940c200: ;   {runtime_call fast_new_instance_init_check Runtime1 stub}
  0x000074822940c200: 488b d2e8 

  0x000074822940c204: ; ImmutableOopMap {rbx=Oop }
                      ;*new {reexecute=0 rethrow=0 return_oop=0}
                      ; - jdk.internal.reflect.DirectMethodHandleAccessor::invoke@92 (line 145)
                      ; - java.lang.reflect.Method::invoke@90 (line 580)
                      ; - com.sun.javafx.reflect.MethodUtil::invoke@20 (line 270)
  0x000074822940c204: 788b a406 | e938 edff 

  0x000074822940c20c: ;   {metadata(nullptr)}
  0x000074822940c20c: ff48 ba00 | 0000 0000 | 0000 00b8 | 000f 050a 

  0x000074822940c21c: ;   {runtime_call load_klass_patching Runtime1 stub}
  0x000074822940c21c: e85f d6a4 

  0x000074822940c220: ; ImmutableOopMap {rbx=Oop }
                      ;*new {reexecute=1 rethrow=0 return_oop=0}
                      ; - (reexecute) jdk.internal.reflect.DirectMethodHandleAccessor::invoke@83 (line 118)
                      ; - java.lang.reflect.Method::invoke@102 (line 580)
                      ; - com.sun.javafx.reflect.MethodUtil::invoke@20 (line 270)
  0x000074822940c220: 06e9 92ed 

  0x000074822940c224: ;   {runtime_call throw_null_pointer_exception Runtime1 stub}
  0x000074822940c224: ffff e875 

  0x000074822940c228: ; ImmutableOopMap {rbx=Oop }
                      ;*new {reexecute=0 rethrow=0 return_oop=0}
                      ; - jdk.internal.reflect.DirectMethodHandleAccessor::invoke@83 (line 118)
                      ; - java.lang.reflect.Method::invoke@102 (line 580)
                      ; - com.sun.javafx.reflect.MethodUtil::invoke@20 (line 270)
  0x000074822940c228: 5ca4 0648 

  0x000074822940c22c: ;   {runtime_call fast_new_instance_init_check Runtime1 stub}
  0x000074822940c22c: 8bd2 e84d 

  0x000074822940c230: ; ImmutableOopMap {rbx=Oop }
                      ;*new {reexecute=0 rethrow=0 return_oop=0}
                      ; - jdk.internal.reflect.DirectMethodHandleAccessor::invoke@83 (line 118)
                      ; - java.lang.reflect.Method::invoke@102 (line 580)
                      ; - com.sun.javafx.reflect.MethodUtil::invoke@20 (line 270)
  0x000074822940c230: 8ba4 06e9 | e5ed ffff | 4889 1c24 

  0x000074822940c23c: ;   {runtime_call throw_class_cast_exception Runtime1 stub}
  0x000074822940c23c: e85f b1a4 

  0x000074822940c240: ; ImmutableOopMap {}
                      ;*checkcast {reexecute=0 rethrow=0 return_oop=0}
                      ; - com.sun.javafx.reflect.MethodUtil::invoke@83 (line 281)
                      ;   {runtime_call throw_null_pointer_exception Runtime1 stub}
  0x000074822940c240: 06e8 5a5c 

  0x000074822940c244: ; ImmutableOopMap {rax=Oop }
                      ;*athrow {reexecute=1 rethrow=0 return_oop=0}
                      ; - (reexecute) com.sun.javafx.reflect.MethodUtil::invoke@86 (line 281)
                      ;   {metadata(nullptr)}
  0x000074822940c244: a406 48ba | 0000 0000 | 0000 0000 | b800 0f05 

  0x000074822940c254: ;   {runtime_call load_klass_patching Runtime1 stub}
  0x000074822940c254: 0ae8 26d6 

  0x000074822940c258: ; ImmutableOopMap {rbx=Oop }
                      ;*new {reexecute=1 rethrow=0 return_oop=0}
                      ; - (reexecute) com.sun.javafx.reflect.MethodUtil::invoke@87 (line 283)
  0x000074822940c258: a406 e951 | f4ff ff48 

  0x000074822940c260: ;   {runtime_call fast_new_instance Runtime1 stub}
  0x000074822940c260: 8bd2 e899 

  0x000074822940c264: ; ImmutableOopMap {rbx=Oop }
                      ;*new {reexecute=0 rethrow=0 return_oop=0}
                      ; - com.sun.javafx.reflect.MethodUtil::invoke@87 (line 283)
  0x000074822940c264: 81a4 06e9 | 9cf4 ffff | 4889 1c24 

  0x000074822940c270: ;   {runtime_call throw_class_cast_exception Runtime1 stub}
  0x000074822940c270: e82b b1a4 

  0x000074822940c274: ; ImmutableOopMap {}
                      ;*checkcast {reexecute=0 rethrow=0 return_oop=0}
                      ; - com.sun.javafx.reflect.MethodUtil::invoke@69 (line 279)
                      ;   {runtime_call throw_null_pointer_exception Runtime1 stub}
  0x000074822940c274: 06e8 265c 

  0x000074822940c278: ; ImmutableOopMap {rax=Oop }
                      ;*athrow {reexecute=1 rethrow=0 return_oop=0}
                      ; - (reexecute) com.sun.javafx.reflect.MethodUtil::invoke@72 (line 279)
  0x000074822940c278: a406 4889 

  0x000074822940c27c: ;   {runtime_call throw_class_cast_exception Runtime1 stub}
  0x000074822940c27c: 1c24 e81d 

  0x000074822940c280: ; ImmutableOopMap {}
                      ;*checkcast {reexecute=0 rethrow=0 return_oop=0}
                      ; - com.sun.javafx.reflect.MethodUtil::invoke@55 (line 277)
                      ;   {runtime_call throw_null_pointer_exception Runtime1 stub}
  0x000074822940c280: b1a4 06e8 

  0x000074822940c284: ; ImmutableOopMap {rax=Oop }
                      ;*athrow {reexecute=1 rethrow=0 return_oop=0}
                      ; - (reexecute) com.sun.javafx.reflect.MethodUtil::invoke@58 (line 277)
  0x000074822940c284: 185c a406 | 4889 1c24 

  0x000074822940c28c: ;   {runtime_call throw_class_cast_exception Runtime1 stub}
  0x000074822940c28c: e80f b1a4 

  0x000074822940c290: ; ImmutableOopMap {}
                      ;*checkcast {reexecute=0 rethrow=0 return_oop=0}
                      ; - com.sun.javafx.reflect.MethodUtil::invoke@41 (line 275)
                      ;   {runtime_call throw_null_pointer_exception Runtime1 stub}
  0x000074822940c290: 06e8 0a5c 

  0x000074822940c294: ; ImmutableOopMap {rax=Oop }
                      ;*athrow {reexecute=1 rethrow=0 return_oop=0}
                      ; - (reexecute) com.sun.javafx.reflect.MethodUtil::invoke@44 (line 275)
                      ;   {metadata(nullptr)}
  0x000074822940c294: a406 48ba | 0000 0000 | 0000 0000 | b800 0f05 

  0x000074822940c2a4: ;   {runtime_call load_klass_patching Runtime1 stub}
  0x000074822940c2a4: 0ae8 d6d5 

  0x000074822940c2a8: ; ImmutableOopMap {rbx=Oop }
                      ;*new {reexecute=1 rethrow=0 return_oop=0}
                      ; - (reexecute) com.sun.javafx.reflect.MethodUtil::invoke@100 (line 287)
  0x000074822940c2a8: a406 e999 | f7ff ff48 

  0x000074822940c2b0: ;   {runtime_call fast_new_instance Runtime1 stub}
  0x000074822940c2b0: 8bd2 e849 

  0x000074822940c2b4: ; ImmutableOopMap {rbx=Oop }
                      ;*new {reexecute=0 rethrow=0 return_oop=0}
                      ; - com.sun.javafx.reflect.MethodUtil::invoke@100 (line 287)
  0x000074822940c2b4: 81a4 06e9 | e4f7 ffff | 498b 8700 | 0500 0049 | c787 0005 | 0000 0000 | 0000 49c7 | 8708 0500 
  0x000074822940c2d4: 0000 0000 | 0048 81c4 | 8002 0000 

  0x000074822940c2e0: ;   {runtime_call unwind_exception Runtime1 stub}
  0x000074822940c2e0: 5de9 9a4c | a406 f4f4 
[Stub Code]
  0x000074822940c2e8: ;   {no_reloc}
  0x000074822940c2e8: 0f1f 4400 

  0x000074822940c2ec: ;   {static_stub}
  0x000074822940c2ec: 0048 bb00 | 0000 0000 

  0x000074822940c2f4: ;   {runtime_call nmethod}
  0x000074822940c2f4: 0000 00e9 | fbff ffff 

  0x000074822940c2fc: ;   {static_stub}
  0x000074822940c2fc: 9048 bb00 | 0000 0000 

  0x000074822940c304: ;   {runtime_call nmethod}
  0x000074822940c304: 0000 00e9 | fbff ffff 

  0x000074822940c30c: ;   {static_stub}
  0x000074822940c30c: 9048 bb00 | 0000 0000 

  0x000074822940c314: ;   {runtime_call nmethod}
  0x000074822940c314: 0000 00e9 | fbff ffff 

  0x000074822940c31c: ;   {static_stub}
  0x000074822940c31c: 9048 bb00 | 0000 0000 

  0x000074822940c324: ;   {runtime_call nmethod}
  0x000074822940c324: 0000 00e9 | fbff ffff 

  0x000074822940c32c: ;   {static_stub}
  0x000074822940c32c: 9048 bb00 | 0000 0000 

  0x000074822940c334: ;   {runtime_call nmethod}
  0x000074822940c334: 0000 00e9 | fbff ffff 

  0x000074822940c33c: ;   {static_stub}
  0x000074822940c33c: 9048 bb00 | 0000 0000 

  0x000074822940c344: ;   {runtime_call nmethod}
  0x000074822940c344: 0000 00e9 | fbff ffff 

  0x000074822940c34c: ;   {static_stub}
  0x000074822940c34c: 9048 bb00 | 0000 0000 

  0x000074822940c354: ;   {runtime_call nmethod}
  0x000074822940c354: 0000 00e9 | fbff ffff 

  0x000074822940c35c: ;   {static_stub}
  0x000074822940c35c: 9048 bb00 | 0000 0000 

  0x000074822940c364: ;   {runtime_call nmethod}
  0x000074822940c364: 0000 00e9 | fbff ffff 

  0x000074822940c36c: ;   {static_stub}
  0x000074822940c36c: 9048 bb00 | 0000 0000 

  0x000074822940c374: ;   {runtime_call nmethod}
  0x000074822940c374: 0000 00e9 | fbff ffff 

  0x000074822940c37c: ;   {static_stub}
  0x000074822940c37c: 9048 bb00 | 0000 0000 

  0x000074822940c384: ;   {runtime_call nmethod}
  0x000074822940c384: 0000 00e9 | fbff ffff 

  0x000074822940c38c: ;   {static_stub}
  0x000074822940c38c: 9048 bb00 | 0000 0000 

  0x000074822940c394: ;   {runtime_call nmethod}
  0x000074822940c394: 0000 00e9 | fbff ffff 

  0x000074822940c39c: ;   {static_stub}
  0x000074822940c39c: 9048 bb00 | 0000 0000 

  0x000074822940c3a4: ;   {runtime_call nmethod}
  0x000074822940c3a4: 0000 00e9 | fbff ffff 

  0x000074822940c3ac: ;   {static_stub}
  0x000074822940c3ac: 9048 bb00 | 0000 0000 

  0x000074822940c3b4: ;   {runtime_call nmethod}
  0x000074822940c3b4: 0000 00e9 | fbff ffff 

  0x000074822940c3bc: ;   {static_stub}
  0x000074822940c3bc: 9048 bb00 | 0000 0000 

  0x000074822940c3c4: ;   {runtime_call nmethod}
  0x000074822940c3c4: 0000 00e9 | fbff ffff 

  0x000074822940c3cc: ;   {static_stub}
  0x000074822940c3cc: 9048 bb00 | 0000 0000 

  0x000074822940c3d4: ;   {runtime_call nmethod}
  0x000074822940c3d4: 0000 00e9 | fbff ffff 

  0x000074822940c3dc: ;   {static_stub}
  0x000074822940c3dc: 48bb 0000 | 0000 0000 

  0x000074822940c3e4: ;   {runtime_call nmethod}
  0x000074822940c3e4: 0000 e9fb 

  0x000074822940c3e8: ;   {static_stub}
  0x000074822940c3e8: ffff ff48 | bb00 0000 | 0000 0000 

  0x000074822940c3f4: ;   {runtime_call nmethod}
  0x000074822940c3f4: 00e9 fbff 

  0x000074822940c3f8: ;   {static_stub}
  0x000074822940c3f8: ffff 48bb | 0000 0000 | 0000 0000 

  0x000074822940c404: ;   {runtime_call nmethod}
  0x000074822940c404: e9fb ffff 

  0x000074822940c408: ;   {static_stub}
  0x000074822940c408: ff48 bb00 | 0000 0000 

  0x000074822940c410: ;   {runtime_call nmethod}
  0x000074822940c410: 0000 00e9 | fbff ffff 

  0x000074822940c418: ;   {static_stub}
  0x000074822940c418: 48bb 0000 | 0000 0000 

  0x000074822940c420: ;   {runtime_call nmethod}
  0x000074822940c420: 0000 e9fb 

  0x000074822940c424: ;   {static_stub}
  0x000074822940c424: ffff ff48 | bb00 0000 | 0000 0000 

  0x000074822940c430: ;   {runtime_call nmethod}
  0x000074822940c430: 00e9 fbff 

  0x000074822940c434: ;   {static_stub}
  0x000074822940c434: ffff 48bb | 0000 0000 | 0000 0000 

  0x000074822940c440: ;   {runtime_call nmethod}
  0x000074822940c440: e9fb ffff 

  0x000074822940c444: ;   {static_stub}
  0x000074822940c444: ff48 bb00 | 0000 0000 

  0x000074822940c44c: ;   {runtime_call nmethod}
  0x000074822940c44c: 0000 00e9 | fbff ffff 

  0x000074822940c454: ;   {static_stub}
  0x000074822940c454: 48bb 0000 | 0000 0000 

  0x000074822940c45c: ;   {runtime_call nmethod}
  0x000074822940c45c: 0000 e9fb 

  0x000074822940c460: ;   {static_stub}
  0x000074822940c460: ffff ff48 | bb00 0000 | 0000 0000 

  0x000074822940c46c: ;   {runtime_call nmethod}
  0x000074822940c46c: 00e9 fbff 

  0x000074822940c470: ;   {static_stub}
  0x000074822940c470: ffff 48bb | d06c 9dc3 | 8174 0000 

  0x000074822940c47c: ;   {runtime_call I2C/C2I adapters}
  0x000074822940c47c: e902 e397 

  0x000074822940c480: ;   {static_stub}
  0x000074822940c480: 0648 bbf8 | 5a04 c781 

  0x000074822940c488: ;   {runtime_call I2C/C2I adapters}
  0x000074822940c488: 7400 00e9 | f3e2 9706 

  0x000074822940c490: ;   {static_stub}
  0x000074822940c490: 48bb 0000 | 0000 0000 

  0x000074822940c498: ;   {runtime_call nmethod}
  0x000074822940c498: 0000 e9fb 

  0x000074822940c49c: ;   {runtime_call handle_exception_from_callee Runtime1 stub}
  0x000074822940c49c: ffff ffe8 | dca8 a406 

  0x000074822940c4a4: ;   {external_word}
  0x000074822940c4a4: 48bf 5321 | 3248 8274 | 0000 4883 

  0x000074822940c4b0: ;   {runtime_call MacroAssembler::debug64(char*, long, long*)}
  0x000074822940c4b0: e4f0 e889 | 069f 1ef4 
[Deopt Handler Code]
  0x000074822940c4b8: ;   {section_word}
  0x000074822940c4b8: 49ba b8c4 | 4029 8274 | 0000 4152 

  0x000074822940c4c4: ;   {runtime_call DeoptimizationBlob}
  0x000074822940c4c4: e9d7 2398 | 06f4 f4f4 | f4f4 f4f4 
[/MachCode]


Compiled method (c1) 9821 5865   !   3       com.sun.javafx.fxml.MethodHelper::invoke (146 bytes)
 total in heap  [0x0000748229404e10,0x0000748229406a30] = 7200
 relocation     [0x0000748229404f68,0x0000748229405128] = 448
 main code      [0x0000748229405140,0x0000748229405ff8] = 3768
 stub code      [0x0000748229405ff8,0x00007482294060b0] = 184
 oops           [0x00007482294060b0,0x00007482294060c0] = 16
 metadata       [0x00007482294060c0,0x0000748229406100] = 64
 scopes data    [0x0000748229406100,0x0000748229406480] = 896
 scopes pcs     [0x0000748229406480,0x0000748229406760] = 736
 dependencies   [0x0000748229406760,0x0000748229406768] = 8
 handler table  [0x0000748229406768,0x00007482294069f0] = 648
 nul chk table  [0x00007482294069f0,0x0000748229406a30] = 64

[Constant Pool (empty)]

[MachCode]
[Verified Entry Point]
  # {method} {0x00007481c39cfeb8} 'invoke' '(Ljava/lang/reflect/Method;Ljava/lang/Object;[Ljava/lang/Object;)Ljava/lang/Object;' in 'com/sun/javafx/fxml/MethodHelper'
  # parm0:    rsi:rsi   = 'java/lang/reflect/Method'
  # parm1:    rdx:rdx   = 'java/lang/Object'
  # parm2:    rcx:rcx   = '[Ljava/lang/Object;'
  #           [sp+0x110]  (sp of caller)
  0x0000748229405140: 8984 2400 | c0fe ff55 | 4881 ec00 | 0100 0090 | 4181 7f20 | 0300 0000 

  0x0000748229405158: ;   {runtime_call StubRoutines (final stubs)}
  0x0000748229405158: 7405 e8c1 | 8096 0648 | 89b4 2490 | 0000 0048 | 8994 2498 | 0000 0048 | 898c 24a0 

  0x0000748229405174: ;   {metadata(method data for {method} {0x00007481c39cfeb8} 'invoke' '(Ljava/lang/reflect/Method;Ljava/lang/Object;[Ljava/lang/Object;)Ljava/lang/Object;' in 'com/sun/javafx/fxml/MethodHelper')}
  0x0000748229405174: 0000 0048 | bf70 d781 | c481 7400 | 008b 9ff4 | 0000 0083 | c302 899f | f400 0000 | 81e3 fe07 
  0x0000748229405194: 0000 85db | 0f84 b30b | 0000 483b | 0648 8bfe 

  0x00007482294051a4: ;   {metadata(method data for {method} {0x00007481c39cfeb8} 'invoke' '(Ljava/lang/reflect/Method;Ljava/lang/Object;[Ljava/lang/Object;)Ljava/lang/Object;' in 'com/sun/javafx/fxml/MethodHelper')}
  0x00007482294051a4: 48bb 70d7 | 81c4 8174 | 0000 4883 | 8338 0100 | 0001 8b7e | 2448 c1e7 | 0348 89bc | 2488 0000 
  0x00007482294051c4: 0048 3b07 

  0x00007482294051c8: ;   {metadata(method data for {method} {0x00007481c39cfeb8} 'invoke' '(Ljava/lang/reflect/Method;Ljava/lang/Object;[Ljava/lang/Object;)Ljava/lang/Object;' in 'com/sun/javafx/fxml/MethodHelper')}
  0x00007482294051c8: 488b df48 | b870 d781 | c481 7400 | 0048 8380 | 7001 0000 | 0148 8bf7 | 0f1f 8000 

  0x00007482294051e4: ;   {optimized virtual_call}
  0x00007482294051e4: 0000 00e8 

  0x00007482294051e8: ; ImmutableOopMap {[136]=Oop [144]=Oop [152]=Oop [160]=Oop }
                      ;*invokevirtual getPackage {reexecute=0 rethrow=0 return_oop=0}
                      ; - com.sun.javafx.fxml.MethodHelper::invoke@6 (line 55)
  0x00007482294051e8: 54d9 9fff 

  0x00007482294051ec: ;   {other}
  0x00007482294051ec: 0f1f 8400 | dc03 0000 

  0x00007482294051f4: ; implicit exception: dispatches to 0x0000748229405d7c
  0x00007482294051f4: 483b 0048 

  0x00007482294051f8: ;   {metadata(method data for {method} {0x00007481c39cfeb8} 'invoke' '(Ljava/lang/reflect/Method;Ljava/lang/Object;[Ljava/lang/Object;)Ljava/lang/Object;' in 'com/sun/javafx/fxml/MethodHelper')}
  0x00007482294051f8: 8bd0 48b9 | 70d7 81c4 | 8174 0000 

  0x0000748229405204: ;   {metadata('java/lang/Package')}
  0x0000748229405204: 49ba e8bd | 01c7 8174 | 0000 4c89 | 91b8 0100 | 0048 8381 | c001 0000 

  0x000074822940521c: ;   {metadata(method data for {method} {0x00007481c701cef8} 'getName' '()Ljava/lang/String;' in 'java/lang/Package')}
  0x000074822940521c: 0148 ba08 | 30ff c381 | 7400 008b | 8af4 0000 | 0083 c102 | 898a f400 | 0000 81e1 | feff 1f00 
  0x000074822940523c: 85c9 0f84 | 3d0b 0000 

  0x0000748229405244: ;   {metadata(method data for {method} {0x00007481c701cef8} 'getName' '()Ljava/lang/String;' in 'java/lang/Package')}
  0x0000748229405244: 488b d048 | b908 30ff | c381 7400 | 008b 5208 | 49ba 0000 | 00c7 8174 | 0000 4903 | d248 3b91 
  0x0000748229405264: 4801 0000 | 750d 4883 | 8150 0100 | 0001 e960 | 0000 0048 | 3b91 5801 | 0000 750d | 4883 8160 
  0x0000748229405284: 0100 0001 | e94a 0000 | 0048 83b9 | 4801 0000 | 0075 1748 | 8991 4801 | 0000 48c7 | 8150 0100 
  0x00007482294052a4: 0001 0000 | 00e9 2900 | 0000 4883 | b958 0100 | 0000 7517 | 4889 9158 | 0100 0048 | c781 6001 
  0x00007482294052c4: 0000 0100 | 0000 e908 | 0000 0048 | 8381 3801 | 0000 018b | 780c 48c1 | e703 4889 | bc24 b000 
  0x00007482294052e4: 0000 488b | 9424 8800 

  0x00007482294052ec: ;   {metadata(method data for {method} {0x00007481c39cfeb8} 'invoke' '(Ljava/lang/reflect/Method;Ljava/lang/Object;[Ljava/lang/Object;)Ljava/lang/Object;' in 'com/sun/javafx/fxml/MethodHelper')}
  0x00007482294052ec: 0000 48b9 | 70d7 81c4 | 8174 0000 | 4883 81e0 | 0100 0001 | 488b 9c24 | 8800 0000 | 8b43 3048 
  0x000074822940530c: c1e0 0348 | 8984 24a8 

  0x0000748229405314: ;   {oop(a 'java/lang/Class'{0x00000007107cef38} = 'com/sun/javafx/fxml/MethodHelper')}
  0x0000748229405314: 0000 0048 | ba38 ef7c | 1007 0000 | 0048 8bca 

  0x0000748229405324: ;   {metadata(method data for {method} {0x00007481c39cfeb8} 'invoke' '(Ljava/lang/reflect/Method;Ljava/lang/Object;[Ljava/lang/Object;)Ljava/lang/Object;' in 'com/sun/javafx/fxml/MethodHelper')}
  0x0000748229405324: 49b8 70d7 | 81c4 8174 | 0000 4983 | 8018 0200 | 0001 448b | 4a30 49c1 | e103 4c89 | 8c24 b800 
  0x0000748229405344: 0000 483b | 0048 8bd0 

  0x000074822940534c: ;   {metadata(method data for {method} {0x00007481c39cfeb8} 'invoke' '(Ljava/lang/reflect/Method;Ljava/lang/Object;[Ljava/lang/Object;)Ljava/lang/Object;' in 'com/sun/javafx/fxml/MethodHelper')}
  0x000074822940534c: 48b9 70d7 | 81c4 8174 | 0000 4883 | 8150 0200 

  0x000074822940535c: ;   {metadata(method data for {method} {0x00007481c7021528} 'isExported' '(Ljava/lang/String;)Z' in 'java/lang/Module')}
  0x000074822940535c: 0001 48ba | f80a 0ac3 | 8174 0000 | 8b8a f400 | 0000 83c1 | 0289 8af4 | 0000 0081 | e1fe ff1f 
  0x000074822940537c: 0085 c90f | 8427 0a00 

  0x0000748229405384: ;   {metadata(method data for {method} {0x00007481c7021528} 'isExported' '(Ljava/lang/String;)Z' in 'java/lang/Module')}
  0x0000748229405384: 0048 baf8 | 0a0a c381 | 7400 0048 | 8382 3801 

  0x0000748229405394: ;   {metadata(method data for {method} {0x00007481c7056360} 'requireNonNull' '(Ljava/lang/Object;)Ljava/lang/Object;' in 'java/util/Objects')}
  0x0000748229405394: 0000 0148 | bac8 1701 | c381 7400 | 008b 8af4 | 0000 0083 | c102 898a | f400 0000 | 81e1 feff 
  0x00007482294053b4: 1f00 85c9 | 0f84 0f0a | 0000 4885 

  0x00007482294053c0: ;   {metadata(method data for {method} {0x00007481c7056360} 'requireNonNull' '(Ljava/lang/Object;)Ljava/lang/Object;' in 'java/util/Objects')}
  0x00007482294053c0: ff48 bac8 | 1701 c381 | 7400 0048 | c7c1 4801 | 0000 7407 | 48c7 c138 | 0100 004c | 8b04 0a4d 
  0x00007482294053e0: 8d40 014c | 8904 0a0f | 8494 0800 | 0048 8bd0 

  0x00007482294053f0: ;   {metadata(method data for {method} {0x00007481c7021528} 'isExported' '(Ljava/lang/String;)Z' in 'java/lang/Module')}
  0x00007482294053f0: 48b9 f80a | 0ac3 8174 | 0000 4883 | 8148 0100 | 0001 488b 

  0x0000748229405404: ;   {oop(a 'java/lang/Module'{0x00000007ffc0ccf8})}
  0x0000748229405404: d748 b9f8 | ccc0 ff07 | 0000 0041 | b800 0000 | 0048 8bf0 | 0f1f 8000 

  0x000074822940541c: ;   {optimized virtual_call}
  0x000074822940541c: 0000 00e8 

  0x0000748229405420: ; ImmutableOopMap {[136]=Oop [144]=Oop [152]=Oop [160]=Oop [168]=Oop [176]=Oop [184]=Oop }
                      ;*invokevirtual implIsExportedOrOpen {reexecute=0 rethrow=0 return_oop=0}
                      ; - java.lang.Module::isExported@11 (line 654)
                      ; - com.sun.javafx.fxml.MethodHelper::invoke@31 (line 62)
  0x0000748229405420: 3c06 76ff 

  0x0000748229405424: ;   {other}
  0x0000748229405424: 0f1f 8400 | 1406 0001 | 83e0 0185 

  0x0000748229405430: ;   {metadata(method data for {method} {0x00007481c39cfeb8} 'invoke' '(Ljava/lang/reflect/Method;Ljava/lang/Object;[Ljava/lang/Object;)Ljava/lang/Object;' in 'com/sun/javafx/fxml/MethodHelper')}
  0x0000748229405430: c048 ba70 | d781 c481 | 7400 0048 | c7c1 8802 | 0000 7507 | 48c7 c198 | 0200 004c | 8b04 0a4d 
  0x0000748229405450: 8d40 014c | 8904 0a0f | 85df 0400 | 0048 8bbc | 24b0 0000 | 0048 8b84 | 24a8 0000 

  0x000074822940546c: ;   {metadata(method data for {method} {0x00007481c39cfeb8} 'invoke' '(Ljava/lang/reflect/Method;Ljava/lang/Object;[Ljava/lang/Object;)Ljava/lang/Object;' in 'com/sun/javafx/fxml/MethodHelper')}
  0x000074822940546c: 0048 ba70 | d781 c481 | 7400 0048 | 8382 a802 

  0x000074822940547c: ;   {metadata(method data for {method} {0x00007481c7020770} 'isOpen' '(Ljava/lang/String;Ljava/lang/Module;)Z' in 'java/lang/Module')}
  0x000074822940547c: 0000 0148 | ba28 4156 | c481 7400 | 008b 8af4 | 0000 0083 | c102 898a | f400 0000 | 81e1 feff 
  0x000074822940549c: 1f00 85c9 | 0f84 4809 

  0x00007482294054a4: ;   {metadata(method data for {method} {0x00007481c7020770} 'isOpen' '(Ljava/lang/String;Ljava/lang/Module;)Z' in 'java/lang/Module')}
  0x00007482294054a4: 0000 48ba | 2841 56c4 | 8174 0000 | 4883 8238 | 0100 0001 

  0x00007482294054b8: ;   {metadata(method data for {method} {0x00007481c7056360} 'requireNonNull' '(Ljava/lang/Object;)Ljava/lang/Object;' in 'java/util/Objects')}
  0x00007482294054b8: 48ba c817 | 01c3 8174 | 0000 8b8a | f400 0000 | 83c1 0289 | 8af4 0000 | 0081 e1fe | ff1f 0085 
  0x00007482294054d8: c90f 8430 | 0900 0048 

  0x00007482294054e0: ;   {metadata(method data for {method} {0x00007481c7056360} 'requireNonNull' '(Ljava/lang/Object;)Ljava/lang/Object;' in 'java/util/Objects')}
  0x00007482294054e0: 85ff 48ba | c817 01c3 | 8174 0000 | 48c7 c148 | 0100 0074 | 0748 c7c1 | 3801 0000 | 4c8b 040a 
  0x0000748229405500: 4d8d 4001 | 4c89 040a | 0f84 d306 | 0000 4c8b | 8c24 b800 

  0x0000748229405514: ;   {metadata(method data for {method} {0x00007481c7020770} 'isOpen' '(Ljava/lang/String;Ljava/lang/Module;)Z' in 'java/lang/Module')}
  0x0000748229405514: 0000 48ba | 2841 56c4 | 8174 0000 | 4883 8248 | 0100 0001 

  0x0000748229405528: ;   {metadata(method data for {method} {0x00007481c7056360} 'requireNonNull' '(Ljava/lang/Object;)Ljava/lang/Object;' in 'java/util/Objects')}
  0x0000748229405528: 48ba c817 | 01c3 8174 | 0000 8b8a | f400 0000 | 83c1 0289 | 8af4 0000 | 0081 e1fe | ff1f 0085 
  0x0000748229405548: c90f 84e1 | 0800 004d 

  0x0000748229405550: ;   {metadata(method data for {method} {0x00007481c7056360} 'requireNonNull' '(Ljava/lang/Object;)Ljava/lang/Object;' in 'java/util/Objects')}
  0x0000748229405550: 85c9 48ba | c817 01c3 | 8174 0000 | 48c7 c148 | 0100 0074 | 0748 c7c1 | 3801 0000 | 4c8b 040a 
  0x0000748229405570: 4d8d 4001 | 4c89 040a | 0f84 c605 | 0000 488b | 8424 a800 

  0x0000748229405584: ;   {metadata(method data for {method} {0x00007481c7020770} 'isOpen' '(Ljava/lang/String;Ljava/lang/Module;)Z' in 'java/lang/Module')}
  0x0000748229405584: 0000 48ba | 2841 56c4 | 8174 0000 | 4883 8258 | 0100 0001 | 488b d749 | 8bc9 41b8 | 0100 0000 
  0x00007482294055a4: 488b b424 | a800 0000 

  0x00007482294055ac: ;   {optimized virtual_call}
  0x00007482294055ac: 6666 90e8 

  0x00007482294055b0: ; ImmutableOopMap {[136]=Oop [144]=Oop [152]=Oop [160]=Oop [168]=Oop [176]=Oop [184]=Oop }
                      ;*invokevirtual implIsExportedOrOpen {reexecute=0 rethrow=0 return_oop=0}
                      ; - java.lang.Module::isOpen@14 (line 631)
                      ; - com.sun.javafx.fxml.MethodHelper::invoke@43 (line 63)
  0x00007482294055b0: cc01 9806 

  0x00007482294055b4: ;   {other}
  0x00007482294055b4: 0f1f 8400 | a407 0002 | 83e0 0185 

  0x00007482294055c0: ;   {metadata(method data for {method} {0x00007481c39cfeb8} 'invoke' '(Ljava/lang/reflect/Method;Ljava/lang/Object;[Ljava/lang/Object;)Ljava/lang/Object;' in 'com/sun/javafx/fxml/MethodHelper')}
  0x00007482294055c0: c048 ba70 | d781 c481 | 7400 0048 | c7c6 e002 | 0000 7507 | 48c7 c6f0 | 0200 0048 | 8b3c 3248 
  0x00007482294055e0: 8d7f 0148 | 893c 320f | 856f 0100 | 004c 8b8c | 24b8 0000 | 0048 8bbc | 2488 0000 | 0066 6690 
  0x0000748229405600: ;   {no_reloc}
  0x0000748229405600: e95b 0800 | 0000 0000 | 0000 488b | df80 ba31 | 0100 0004 | 0f85 5508 | 0000 498b | 87b8 0100 
  0x0000748229405620: 0048 8d78 | 2849 3bbf | c801 0000 | 0f87 3d08 | 0000 4989 | bfb8 0100 | 0048 c700 | 0100 0000 
  0x0000748229405640: 488b ca49 | ba00 0000 | c781 7400 | 0049 2bca | 8948 0848 | 33c9 8948 | 0c48 33c9 | 4889 4810 
  0x0000748229405660: 4889 4818 | 4889 4820 | 4889 8424 | c800 0000 

  0x0000748229405670: ; implicit exception: dispatches to 0x0000748229405e7c
  0x0000748229405670: 493b 0149 

  0x0000748229405674: ;   {metadata(method data for {method} {0x00007481c39cfeb8} 'invoke' '(Ljava/lang/reflect/Method;Ljava/lang/Object;[Ljava/lang/Object;)Ljava/lang/Object;' in 'com/sun/javafx/fxml/MethodHelper')}
  0x0000748229405674: 8bf1 48bf | 70d7 81c4 | 8174 0000 | 4883 8700 | 0300 0001 | 418b 791c | 48c1 e703 

  0x0000748229405690: ;   {metadata(method data for {method} {0x00007481c39cfeb8} 'invoke' '(Ljava/lang/reflect/Method;Ljava/lang/Object;[Ljava/lang/Object;)Ljava/lang/Object;' in 'com/sun/javafx/fxml/MethodHelper')}
  0x0000748229405690: 488b f348 | ba70 d781 | c481 7400 | 0048 8382 | 3803 0000 

  0x00007482294056a4: ;   {metadata(method data for {method} {0x00007481c7469710} 'getName' '()Ljava/lang/String;' in 'java/lang/Class')}
  0x00007482294056a4: 0148 bef0 | b307 c381 | 7400 008b | 96f4 0000 | 0083 c202 | 8996 f400 | 0000 81e2 | feff 1f00 
  0x00007482294056c4: 85d2 0f84 | b507 0000 | 8b73 2c48 | c1e6 0348 

  0x00007482294056d4: ;   {metadata(method data for {method} {0x00007481c7469710} 'getName' '()Ljava/lang/String;' in 'java/lang/Class')}
  0x00007482294056d4: 85f6 48ba | f0b3 07c3 | 8174 0000 | 48c7 c138 | 0100 0074 | 0748 c7c1 | 4801 0000 | 4c8b 040a 
  0x00007482294056f4: 4d8d 4001 | 4c89 040a | 0f84 2000 

  0x0000748229405700: ;   {metadata(method data for {method} {0x00007481c7469710} 'getName' '()Ljava/lang/String;' in 'java/lang/Class')}
  0x0000748229405700: 0000 48bb | f0b3 07c3 | 8174 0000 | ff83 5801 | 0000 488b | de48 89bc | 24c0 0000 | 00e9 1703 
  0x0000748229405720: 0000 4889 | bc24 c000 | 0000 488b 

  0x000074822940572c: ;   {metadata(method data for {method} {0x00007481c7469710} 'getName' '()Ljava/lang/String;' in 'java/lang/Class')}
  0x000074822940572c: f348 baf0 | b307 c381 | 7400 0048 | 8382 7001 | 0000 0148 | 8bf3 0f1f 

  0x0000748229405744: ;   {optimized virtual_call}
  0x0000748229405744: 4400 00e8 

  0x0000748229405748: ; ImmutableOopMap {[168]=Oop [176]=Oop [184]=Oop [192]=Oop [200]=Oop }
                      ;*invokevirtual initClassName {reexecute=0 rethrow=0 return_oop=0}
                      ; - java.lang.Class::getName@14 (line 950)
                      ; - com.sun.javafx.fxml.MethodHelper::invoke@59 (line 66)
  0x0000748229405748: 3400 9806 

  0x000074822940574c: ;   {other}
  0x000074822940574c: 0f1f 8400 | 3c09 0003 | 488b d8e9 | dd02 0000 | 488b bc24 | b000 0000 | 488b 8424 | a800 0000 
  0x000074822940576c: ;   {metadata(method data for {method} {0x00007481c39cfeb8} 'invoke' '(Ljava/lang/reflect/Method;Ljava/lang/Object;[Ljava/lang/Object;)Ljava/lang/Object;' in 'com/sun/javafx/fxml/MethodHelper')}
  0x000074822940576c: 48ba 70d7 | 81c4 8174 | 0000 4883 | 8268 0400 

  0x000074822940577c: ;   {metadata(method data for {method} {0x00007481c7020770} 'isOpen' '(Ljava/lang/String;Ljava/lang/Module;)Z' in 'java/lang/Module')}
  0x000074822940577c: 0001 48ba | 2841 56c4 | 8174 0000 | 8b8a f400 | 0000 83c1 | 0289 8af4 | 0000 0081 | e1fe ff1f 
  0x000074822940579c: 0085 c90f | 84fd 0600 

  0x00007482294057a4: ;   {metadata(method data for {method} {0x00007481c7020770} 'isOpen' '(Ljava/lang/String;Ljava/lang/Module;)Z' in 'java/lang/Module')}
  0x00007482294057a4: 0048 ba28 | 4156 c481 | 7400 0048 | 8382 3801 

  0x00007482294057b4: ;   {metadata(method data for {method} {0x00007481c7056360} 'requireNonNull' '(Ljava/lang/Object;)Ljava/lang/Object;' in 'java/util/Objects')}
  0x00007482294057b4: 0000 0148 | bac8 1701 | c381 7400 | 008b 8af4 | 0000 0083 | c102 898a | f400 0000 | 81e1 feff 
  0x00007482294057d4: 1f00 85c9 | 0f84 e506 | 0000 4885 

  0x00007482294057e0: ;   {metadata(method data for {method} {0x00007481c7056360} 'requireNonNull' '(Ljava/lang/Object;)Ljava/lang/Object;' in 'java/util/Objects')}
  0x00007482294057e0: ff48 bac8 | 1701 c381 | 7400 0048 | c7c1 4801 | 0000 7407 | 48c7 c138 | 0100 004c | 8b04 0a4d 
  0x0000748229405800: 8d40 014c | 8904 0a0f | 848d 0100 

  0x000074822940580c: ;   {metadata(method data for {method} {0x00007481c7020770} 'isOpen' '(Ljava/lang/String;Ljava/lang/Module;)Z' in 'java/lang/Module')}
  0x000074822940580c: 0048 ba28 | 4156 c481 | 7400 0048 | 8382 4801 

  0x000074822940581c: ;   {metadata(method data for {method} {0x00007481c7056360} 'requireNonNull' '(Ljava/lang/Object;)Ljava/lang/Object;' in 'java/util/Objects')}
  0x000074822940581c: 0000 0148 | bac8 1701 | c381 7400 | 008b 8af4 | 0000 0083 | c102 898a | f400 0000 | 81e1 feff 
  0x000074822940583c: 1f00 85c9 | 0f84 9e06 

  0x0000748229405844: ;   {metadata(method data for {method} {0x00007481c7056360} 'requireNonNull' '(Ljava/lang/Object;)Ljava/lang/Object;' in 'java/util/Objects')}
  0x0000748229405844: 0000 48ba | c817 01c3 | 8174 0000 | ff82 3801 | 0000 488b | 8424 a800 

  0x000074822940585c: ;   {metadata(method data for {method} {0x00007481c7020770} 'isOpen' '(Ljava/lang/String;Ljava/lang/Module;)Z' in 'java/lang/Module')}
  0x000074822940585c: 0000 48ba | 2841 56c4 | 8174 0000 | 4883 8258 | 0100 0001 

  0x0000748229405870: ;   {oop(a 'java/lang/Module'{0x000000070fec2a20})}
  0x0000748229405870: 48b9 202a | ec0f 0700 | 0000 488b | d741 b801 | 0000 0048 | 8bb4 24a8 | 0000 000f 

  0x000074822940588c: ;   {optimized virtual_call}
  0x000074822940588c: 1f40 00e8 

  0x0000748229405890: ; ImmutableOopMap {[144]=Oop [152]=Oop [160]=Oop [168]=Oop [176]=Oop }
                      ;*invokevirtual implIsExportedOrOpen {reexecute=0 rethrow=0 return_oop=0}
                      ; - java.lang.Module::isOpen@14 (line 631)
                      ; - com.sun.javafx.fxml.MethodHelper::invoke@95 (line 72)
  0x0000748229405890: ecfe 9706 

  0x0000748229405894: ;   {other}
  0x0000748229405894: 0f1f 8400 | 840a 0004 | 83e0 0185 

  0x00007482294058a0: ;   {metadata(method data for {method} {0x00007481c39cfeb8} 'invoke' '(Ljava/lang/reflect/Method;Ljava/lang/Object;[Ljava/lang/Object;)Ljava/lang/Object;' in 'com/sun/javafx/fxml/MethodHelper')}
  0x00007482294058a0: c048 be70 | d781 c481 | 7400 0048 | c7c7 a004 | 0000 7507 | 48c7 c7b0 | 0400 0048 | 8b1c 3e48 
  0x00007482294058c0: 8d5b 0148 | 891c 3e0f | 856f 0000 

  0x00007482294058cc: ;   {metadata(method data for {method} {0x00007481c39cfeb8} 'invoke' '(Ljava/lang/reflect/Method;Ljava/lang/Object;[Ljava/lang/Object;)Ljava/lang/Object;' in 'com/sun/javafx/fxml/MethodHelper')}
  0x00007482294058cc: 0048 be70 | d781 c481 | 7400 0048 | 8386 c004 | 0000 0148 | 8bb4 24b0 

  0x00007482294058e4: ;   {static_call}
  0x00007482294058e4: 0000 00e8 

  0x00007482294058e8: ; ImmutableOopMap {[144]=Oop [152]=Oop [160]=Oop [168]=Oop [176]=Oop }
                      ;*invokestatic checkPackageAccess {reexecute=0 rethrow=0 return_oop=0}
                      ; - com.sun.javafx.fxml.MethodHelper::invoke@103 (line 73)
  0x00007482294058e8: 9408 9806 

  0x00007482294058ec: ;   {other}
  0x00007482294058ec: 0f1f 8400 | dc0a 0005 | 488b 8424 | a800 0000 

  0x00007482294058fc: ;   {metadata(method data for {method} {0x00007481c39cfeb8} 'invoke' '(Ljava/lang/reflect/Method;Ljava/lang/Object;[Ljava/lang/Object;)Ljava/lang/Object;' in 'com/sun/javafx/fxml/MethodHelper')}
  0x00007482294058fc: 48ba 70d7 | 81c4 8174 | 0000 4883 | 82d0 0400 

  0x000074822940590c: ;   {oop(a 'java/lang/Module'{0x000000070fec2a20})}
  0x000074822940590c: 0001 48b9 | 202a ec0f | 0700 0000 | 488b 9424 | b000 0000 | 488b b424 | a800 0000 | 0f1f 8000 
  0x000074822940592c: ;   {optimized virtual_call}
  0x000074822940592c: 0000 00e8 

  0x0000748229405930: ; ImmutableOopMap {[144]=Oop [152]=Oop [160]=Oop }
                      ;*invokevirtual addOpens {reexecute=0 rethrow=0 return_oop=0}
                      ; - com.sun.javafx.fxml.MethodHelper::invoke@113 (line 74)
  0x0000748229405930: 4cfe 9706 

  0x0000748229405934: ;   {other}
  0x0000748229405934: 0f1f 8400 | 240b 0006 

  0x000074822940593c: ;   {metadata(method data for {method} {0x00007481c39cfeb8} 'invoke' '(Ljava/lang/reflect/Method;Ljava/lang/Object;[Ljava/lang/Object;)Ljava/lang/Object;' in 'com/sun/javafx/fxml/MethodHelper')}
  0x000074822940593c: 48be 70d7 | 81c4 8174 | 0000 ff86 | 0805 0000 

  0x000074822940594c: ;   {metadata(method data for {method} {0x00007481c39cfeb8} 'invoke' '(Ljava/lang/reflect/Method;Ljava/lang/Object;[Ljava/lang/Object;)Ljava/lang/Object;' in 'com/sun/javafx/fxml/MethodHelper')}
  0x000074822940594c: 48be 70d7 | 81c4 8174 | 0000 4883 | 8678 0500 | 0001 488b | b424 9000 | 0000 488b | 9424 9800 
  0x000074822940596c: 0000 488b | 8c24 a000 

  0x0000748229405974: ;   {static_call}
  0x0000748229405974: 0000 90e8 

  0x0000748229405978: ; ImmutableOopMap {}
                      ;*invokestatic invoke {reexecute=0 rethrow=0 return_oop=0}
                      ; - com.sun.javafx.fxml.MethodHelper::invoke@142 (line 84)
  0x0000748229405978: e428 0000 

  0x000074822940597c: ;   {other}
  0x000074822940597c: 0f1f 8400 | 6c0b 0007 | 4881 c400 | 0100 005d 

  0x000074822940598c: ;   {poll_return}
  0x000074822940598c: 493b a750 | 0400 000f | 876c 0500 | 00c3 660f | 1f44 0000 

  0x00007482294059a0: ;   {no_reloc}
  0x00007482294059a0: e985 0500 | 0000 0000 | 0000 498b | 87b8 0100 | 0048 8d78 | 3049 3bbf | c801 0000 | 0f87 7205 
  0x00007482294059c0: 0000 4989 | bfb8 0100 | 0048 c700 | 0100 0000 | 488b ca49 | ba00 0000 | c781 7400 | 0049 2bca 
  0x00007482294059e0: 8948 0848 | 33c9 8948 | 0c48 33c9 | 4889 4810 | 4889 4818 | 4889 4820 | 4889 4828 

  0x00007482294059fc: ;   {metadata(method data for {method} {0x00007481c7056360} 'requireNonNull' '(Ljava/lang/Object;)Ljava/lang/Object;' in 'java/util/Objects')}
  0x00007482294059fc: 488b f048 | bfc8 1701 | c381 7400 | 0048 8387 | 5801 0000 | 0148 8bf0 | 4889 8424 | d000 0000 
  0x0000748229405a1c: ;   {optimized virtual_call}
  0x0000748229405a1c: 6666 90e8 

  0x0000748229405a20: ; ImmutableOopMap {[144]=Oop [152]=Oop [160]=Oop [168]=Oop [176]=Oop [208]=Oop }
                      ;*invokespecial <init> {reexecute=0 rethrow=0 return_oop=0}
                      ; - java.util.Objects::requireNonNull@8 (line 233)
                      ; - java.lang.Module::isOpen@1 (line 629)
                      ; - com.sun.javafx.fxml.MethodHelper::invoke@95 (line 72)
  0x0000748229405a20: 5cfd 9706 

  0x0000748229405a24: ;   {other}
  0x0000748229405a24: 0f1f 8400 | 140c 0008 | 488b 8424 | d000 0000 | e9b0 0500 | 0048 8bbc | 24c0 0000 | 004c 8b8c 
  0x0000748229405a44: 24b8 0000 | 0048 8b84 | 24a8 0000 | 0048 8bf0 

  0x0000748229405a54: ;   {metadata(method data for {method} {0x00007481c39cfeb8} 'invoke' '(Ljava/lang/reflect/Method;Ljava/lang/Object;[Ljava/lang/Object;)Ljava/lang/Object;' in 'com/sun/javafx/fxml/MethodHelper')}
  0x0000748229405a54: 48ba 70d7 | 81c4 8174 | 0000 4883 | 8270 0300 | 0001 448b | 401c 49c1 

  0x0000748229405a6c: ;   {metadata(method data for {method} {0x00007481c39cfeb8} 'invoke' '(Ljava/lang/reflect/Method;Ljava/lang/Object;[Ljava/lang/Object;)Ljava/lang/Object;' in 'com/sun/javafx/fxml/MethodHelper')}
  0x0000748229405a6c: e003 48be | 70d7 81c4 | 8174 0000 | 4883 86a8 | 0300 0001 

  0x0000748229405a80: ;   {metadata(method data for {method} {0x00007481c39cfeb8} 'invoke' '(Ljava/lang/reflect/Method;Ljava/lang/Object;[Ljava/lang/Object;)Ljava/lang/Object;' in 'com/sun/javafx/fxml/MethodHelper')}
  0x0000748229405a80: 498b f148 | ba70 d781 | c481 7400 | 0048 8382 | e003 0000 | 0141 8b41 | 1c48 c1e0 | 0366 6690 
  0x0000748229405aa0: ;   {no_reloc}
  0x0000748229405aa0: e9ab 0400 | 0090 9090 | 9090 488b | f748 8bd3 | 498b c84c | 8b8c 24b0 | 0000 0048 | 8bf8 4c89 
  0x0000748229405ac0: 2c24 0f1f 

  0x0000748229405ac4: ;   {static_call}
  0x0000748229405ac4: 4400 00e8 

  0x0000748229405ac8: ; ImmutableOopMap {[200]=Oop }
                      ;*invokedynamic {reexecute=0 rethrow=0 return_oop=0}
                      ; - com.sun.javafx.fxml.MethodHelper::invoke@79 (line 70)
  0x0000748229405ac8: b406 9806 

  0x0000748229405acc: ;   {other}
  0x0000748229405acc: 0f1f 8400 | bc0c 0009 

  0x0000748229405ad4: ;   {metadata(method data for {method} {0x00007481c39cfeb8} 'invoke' '(Ljava/lang/reflect/Method;Ljava/lang/Object;[Ljava/lang/Object;)Ljava/lang/Object;' in 'com/sun/javafx/fxml/MethodHelper')}
  0x0000748229405ad4: 48ba 70d7 | 81c4 8174 | 0000 488d | 9248 0400 | 0048 85c0 | 750a f602 | 0175 05f0 | 4883 0a01 
  0x0000748229405af4: 488b 9424 | c800 0000 

  0x0000748229405afc: ;   {metadata(method data for {method} {0x00007481c39cfeb8} 'invoke' '(Ljava/lang/reflect/Method;Ljava/lang/Object;[Ljava/lang/Object;)Ljava/lang/Object;' in 'com/sun/javafx/fxml/MethodHelper')}
  0x0000748229405afc: 48be 70d7 | 81c4 8174 | 0000 4883 | 8658 0400 | 0001 488b | d048 8bb4 | 24c8 0000 | 0066 0f1f 
  0x0000748229405b1c: ;   {optimized virtual_call}
  0x0000748229405b1c: 4400 00e8 

  0x0000748229405b20: ; ImmutableOopMap {[200]=Oop }
                      ;*invokespecial <init> {reexecute=0 rethrow=0 return_oop=0}
                      ; - com.sun.javafx.fxml.MethodHelper::invoke@84 (line 70)
  0x0000748229405b20: 5cfc 9706 

  0x0000748229405b24: ;   {other}
  0x0000748229405b24: 0f1f 8400 | 140d 000a | 488b 8424 

  0x0000748229405b30: ; ImmutableOopMap {rax=Oop }
                      ;*athrow {reexecute=1 rethrow=0 return_oop=0}
                      ; - (reexecute) com.sun.javafx.fxml.MethodHelper::invoke@87 (line 70)
  0x0000748229405b30: c800 0000 

  0x0000748229405b34: ;   {section_word}
  0x0000748229405b34: 48ba 345b | 4029 8274 

  0x0000748229405b3c: ;   {runtime_call handle_exception_nofpu Runtime1 stub}
  0x0000748229405b3c: 0000 e8bd | 0ba5 0690 | 0f1f 4000 

  0x0000748229405b48: ;   {no_reloc}
  0x0000748229405b48: e91c 0400 | 0000 0000 | 0000 498b | 87b8 0100 | 0048 8d78 | 3049 3bbf | c801 0000 | 0f87 0904 
  0x0000748229405b68: 0000 4989 | bfb8 0100 | 0048 c700 | 0100 0000 | 488b ca49 | ba00 0000 | c781 7400 | 0049 2bca 
  0x0000748229405b88: 8948 0848 | 33c9 8948 | 0c48 33c9 | 4889 4810 | 4889 4818 | 4889 4820 | 4889 4828 

  0x0000748229405ba4: ;   {metadata(method data for {method} {0x00007481c7056360} 'requireNonNull' '(Ljava/lang/Object;)Ljava/lang/Object;' in 'java/util/Objects')}
  0x0000748229405ba4: 488b f048 | bfc8 1701 | c381 7400 | 0048 8387 | 5801 0000 | 0148 8bf0 | 4889 8424 | d800 0000 
  0x0000748229405bc4: ;   {optimized virtual_call}
  0x0000748229405bc4: 6666 90e8 

  0x0000748229405bc8: ; ImmutableOopMap {[136]=Oop [144]=Oop [152]=Oop [160]=Oop [168]=Oop [176]=Oop [184]=Oop [216]=Oop }
                      ;*invokespecial <init> {reexecute=0 rethrow=0 return_oop=0}
                      ; - java.util.Objects::requireNonNull@8 (line 233)
                      ; - java.lang.Module::isOpen@6 (line 630)
                      ; - com.sun.javafx.fxml.MethodHelper::invoke@43 (line 63)
  0x0000748229405bc8: b4fb 9706 

  0x0000748229405bcc: ;   {other}
  0x0000748229405bcc: 0f1f 8400 | bc0d 000c | 488b 8424 | d800 0000 | e908 0400 | 000f 1f80 | 0000 0000 

  0x0000748229405be8: ;   {no_reloc}
  0x0000748229405be8: e9a2 0300 | 0000 0000 | 0000 498b | 87b8 0100 | 0048 8d78 | 3049 3bbf | c801 0000 | 0f87 8f03 
  0x0000748229405c08: 0000 4989 | bfb8 0100 | 0048 c700 | 0100 0000 | 488b ca49 | ba00 0000 | c781 7400 | 0049 2bca 
  0x0000748229405c28: 8948 0848 | 33c9 8948 | 0c48 33c9 | 4889 4810 | 4889 4818 | 4889 4820 | 4889 4828 

  0x0000748229405c44: ;   {metadata(method data for {method} {0x00007481c7056360} 'requireNonNull' '(Ljava/lang/Object;)Ljava/lang/Object;' in 'java/util/Objects')}
  0x0000748229405c44: 488b f048 | bfc8 1701 | c381 7400 | 0048 8387 | 5801 0000 | 0148 8bf0 | 4889 8424 | e000 0000 
  0x0000748229405c64: ;   {optimized virtual_call}
  0x0000748229405c64: 6666 90e8 

  0x0000748229405c68: ; ImmutableOopMap {[136]=Oop [144]=Oop [152]=Oop [160]=Oop [168]=Oop [176]=Oop [184]=Oop [224]=Oop }
                      ;*invokespecial <init> {reexecute=0 rethrow=0 return_oop=0}
                      ; - java.util.Objects::requireNonNull@8 (line 233)
                      ; - java.lang.Module::isOpen@1 (line 629)
                      ; - com.sun.javafx.fxml.MethodHelper::invoke@43 (line 63)
  0x0000748229405c68: 14fb 9706 

  0x0000748229405c6c: ;   {other}
  0x0000748229405c6c: 0f1f 8400 | 5c0e 000d | 488b 8424 | e000 0000 | e968 0300 | 000f 1f80 | 0000 0000 

  0x0000748229405c88: ;   {no_reloc}
  0x0000748229405c88: e928 0300 | 0000 0000 | 0000 498b | 87b8 0100 | 0048 8d78 | 3049 3bbf | c801 0000 | 0f87 1503 
  0x0000748229405ca8: 0000 4989 | bfb8 0100 | 0048 c700 | 0100 0000 | 488b ca49 | ba00 0000 | c781 7400 | 0049 2bca 
  0x0000748229405cc8: 8948 0848 | 33c9 8948 | 0c48 33c9 | 4889 4810 | 4889 4818 | 4889 4820 | 4889 4828 

  0x0000748229405ce4: ;   {metadata(method data for {method} {0x00007481c7056360} 'requireNonNull' '(Ljava/lang/Object;)Ljava/lang/Object;' in 'java/util/Objects')}
  0x0000748229405ce4: 488b f048 | bfc8 1701 | c381 7400 | 0048 8387 | 5801 0000 | 0148 8bf0 | 4889 8424 | e800 0000 
  0x0000748229405d04: ;   {optimized virtual_call}
  0x0000748229405d04: 6666 90e8 

  0x0000748229405d08: ; ImmutableOopMap {[136]=Oop [144]=Oop [152]=Oop [160]=Oop [168]=Oop [176]=Oop [184]=Oop [232]=Oop }
                      ;*invokespecial <init> {reexecute=0 rethrow=0 return_oop=0}
                      ; - java.util.Objects::requireNonNull@8 (line 233)
                      ; - java.lang.Module::isExported@1 (line 653)
                      ; - com.sun.javafx.fxml.MethodHelper::invoke@31 (line 62)
  0x0000748229405d08: 74fa 9706 

  0x0000748229405d0c: ;   {other}
  0x0000748229405d0c: 0f1f 8400 | fc0e 000e | 488b 8424 | e800 0000 | e9c8 0200 | 0049 8b87 | 0005 0000 | 4d33 d24d 
  0x0000748229405d2c: 8997 0005 | 0000 4d33 | d24d 8997 | 0805 0000 

  0x0000748229405d3c: ;   {metadata(method data for {method} {0x00007481c39cfeb8} 'invoke' '(Ljava/lang/reflect/Method;Ljava/lang/Object;[Ljava/lang/Object;)Ljava/lang/Object;' in 'com/sun/javafx/fxml/MethodHelper')}
  0x0000748229405d3c: 48be 70d7 | 81c4 8174 | 0000 ff86 | 2005 0000 | e998 0200 

  0x0000748229405d50: ;   {metadata({method} {0x00007481c39cfeb8} 'invoke' '(Ljava/lang/reflect/Method;Ljava/lang/Object;[Ljava/lang/Object;)Ljava/lang/Object;' in 'com/sun/javafx/fxml/MethodHelper')}
  0x0000748229405d50: 0049 bab8 | fe9c c381 | 7400 004c | 8954 2408 | 48c7 0424 | ffff ffff 

  0x0000748229405d68: ;   {runtime_call counter_overflow Runtime1 stub}
  0x0000748229405d68: e813 50a5 

  0x0000748229405d6c: ; ImmutableOopMap {rsi=Oop rdx=Oop rcx=Oop [144]=Oop [152]=Oop [160]=Oop }
                      ;*synchronization entry
                      ; - com.sun.javafx.fxml.MethodHelper::invoke@-1 (line 54)
  0x0000748229405d6c: 06e9 2cf4 

  0x0000748229405d70: ;   {runtime_call throw_null_pointer_exception Runtime1 stub}
  0x0000748229405d70: ffff e829 

  0x0000748229405d74: ; ImmutableOopMap {rsi=Oop [144]=Oop [152]=Oop [160]=Oop }
                      ;*invokevirtual getDeclaringClass {reexecute=0 rethrow=0 return_oop=0}
                      ; - com.sun.javafx.fxml.MethodHelper::invoke@1 (line 54)
                      ;   {runtime_call throw_null_pointer_exception Runtime1 stub}
  0x0000748229405d74: c1a4 06e8 

  0x0000748229405d78: ; ImmutableOopMap {rsi=Oop rdi=Oop [136]=Oop [144]=Oop [152]=Oop [160]=Oop }
                      ;*invokevirtual getPackage {reexecute=0 rethrow=0 return_oop=0}
                      ; - com.sun.javafx.fxml.MethodHelper::invoke@6 (line 55)
  0x0000748229405d78: 24c1 a406 

  0x0000748229405d7c: ;   {runtime_call throw_null_pointer_exception Runtime1 stub}
  0x0000748229405d7c: e81f c1a4 

  0x0000748229405d80: ; ImmutableOopMap {rax=Oop [136]=Oop [144]=Oop [152]=Oop [160]=Oop }
                      ;*invokevirtual getName {reexecute=0 rethrow=0 return_oop=0}
                      ; - com.sun.javafx.fxml.MethodHelper::invoke@9 (line 55)
                      ;   {metadata({method} {0x00007481c701cef8} 'getName' '()Ljava/lang/String;' in 'java/lang/Package')}
  0x0000748229405d80: 0649 baf8 | ce01 c781 | 7400 004c | 8954 2408 | 48c7 0424 | ffff ffff 

  0x0000748229405d98: ;   {runtime_call counter_overflow Runtime1 stub}
  0x0000748229405d98: e8e3 4fa5 

  0x0000748229405d9c: ; ImmutableOopMap {rax=Oop [136]=Oop [144]=Oop [152]=Oop [160]=Oop }
                      ;*synchronization entry
                      ; - java.lang.Package::getName@-1 (line 128)
                      ; - com.sun.javafx.fxml.MethodHelper::invoke@9 (line 55)
  0x0000748229405d9c: 06e9 a2f4 

  0x0000748229405da0: ;   {runtime_call throw_null_pointer_exception Runtime1 stub}
  0x0000748229405da0: ffff e8f9 

  0x0000748229405da4: ; ImmutableOopMap {rdi=Oop rbx=Oop rax=Oop [136]=Oop [144]=Oop [152]=Oop [160]=Oop [168]=Oop [176]=Oop }
                      ;*getfield module {reexecute=1 rethrow=0 return_oop=0}
                      ; - (reexecute) java.lang.Class::getModule@1 (line 1013)
                      ; - com.sun.javafx.fxml.MethodHelper::invoke@22 (line 57)
                      ;   {runtime_call throw_null_pointer_exception Runtime1 stub}
  0x0000748229405da4: c0a4 06e8 

  0x0000748229405da8: ; ImmutableOopMap {rdi=Oop rbx=Oop rax=Oop r9=Oop [136]=Oop [144]=Oop [152]=Oop [160]=Oop [168]=Oop [176]=Oop [184]=Oop }
                      ;*invokevirtual isExported {reexecute=0 rethrow=0 return_oop=0}
                      ; - com.sun.javafx.fxml.MethodHelper::invoke@31 (line 62)
  0x0000748229405da8: f4c0 a406 

  0x0000748229405dac: ;   {metadata({method} {0x00007481c7021528} 'isExported' '(Ljava/lang/String;)Z' in 'java/lang/Module')}
  0x0000748229405dac: 49ba 2815 | 02c7 8174 | 0000 4c89 | 5424 0848 | c704 24ff 

  0x0000748229405dc0: ;   {runtime_call counter_overflow Runtime1 stub}
  0x0000748229405dc0: ffff ffe8 

  0x0000748229405dc4: ; ImmutableOopMap {rdi=Oop rbx=Oop rax=Oop r9=Oop [136]=Oop [144]=Oop [152]=Oop [160]=Oop [168]=Oop [176]=Oop [184]=Oop }
                      ;*synchronization entry
                      ; - java.lang.Module::isExported@-1 (line 653)
                      ; - com.sun.javafx.fxml.MethodHelper::invoke@31 (line 62)
  0x0000748229405dc4: b84f a506 | e9b8 f5ff 

  0x0000748229405dcc: ;   {metadata({method} {0x00007481c7056360} 'requireNonNull' '(Ljava/lang/Object;)Ljava/lang/Object;' in 'java/util/Objects')}
  0x0000748229405dcc: ff49 ba60 | 6305 c781 | 7400 004c | 8954 2408 | 48c7 0424 | ffff ffff 

  0x0000748229405de4: ;   {runtime_call counter_overflow Runtime1 stub}
  0x0000748229405de4: e897 4fa5 

  0x0000748229405de8: ; ImmutableOopMap {rdi=Oop rbx=Oop rax=Oop r9=Oop [136]=Oop [144]=Oop [152]=Oop [160]=Oop [168]=Oop [176]=Oop [184]=Oop }
                      ;*synchronization entry
                      ; - java.util.Objects::requireNonNull@-1 (line 232)
                      ; - java.lang.Module::isExported@1 (line 653)
                      ; - com.sun.javafx.fxml.MethodHelper::invoke@31 (line 62)
  0x0000748229405de8: 06e9 d0f5 

  0x0000748229405dec: ;   {metadata({method} {0x00007481c7020770} 'isOpen' '(Ljava/lang/String;Ljava/lang/Module;)Z' in 'java/lang/Module')}
  0x0000748229405dec: ffff 49ba | 7007 02c7 | 8174 0000 | 4c89 5424 | 0848 c704 | 24ff ffff 

  0x0000748229405e04: ;   {runtime_call counter_overflow Runtime1 stub}
  0x0000748229405e04: ffe8 764f 

  0x0000748229405e08: ; ImmutableOopMap {rdi=Oop [136]=Oop [144]=Oop [152]=Oop [160]=Oop [168]=Oop [176]=Oop [184]=Oop }
                      ;*synchronization entry
                      ; - java.lang.Module::isOpen@-1 (line 629)
                      ; - com.sun.javafx.fxml.MethodHelper::invoke@43 (line 63)
  0x0000748229405e08: a506 e997 

  0x0000748229405e0c: ;   {metadata({method} {0x00007481c7056360} 'requireNonNull' '(Ljava/lang/Object;)Ljava/lang/Object;' in 'java/util/Objects')}
  0x0000748229405e0c: f6ff ff49 | ba60 6305 | c781 7400 | 004c 8954 | 2408 48c7 | 0424 ffff 

  0x0000748229405e24: ;   {runtime_call counter_overflow Runtime1 stub}
  0x0000748229405e24: ffff e855 

  0x0000748229405e28: ; ImmutableOopMap {rdi=Oop [136]=Oop [144]=Oop [152]=Oop [160]=Oop [168]=Oop [176]=Oop [184]=Oop }
                      ;*synchronization entry
                      ; - java.util.Objects::requireNonNull@-1 (line 232)
                      ; - java.lang.Module::isOpen@1 (line 629)
                      ; - com.sun.javafx.fxml.MethodHelper::invoke@43 (line 63)
  0x0000748229405e28: 4fa5 06e9 | aff6 ffff 

  0x0000748229405e30: ;   {metadata({method} {0x00007481c7056360} 'requireNonNull' '(Ljava/lang/Object;)Ljava/lang/Object;' in 'java/util/Objects')}
  0x0000748229405e30: 49ba 6063 | 05c7 8174 | 0000 4c89 | 5424 0848 | c704 24ff 

  0x0000748229405e44: ;   {runtime_call counter_overflow Runtime1 stub}
  0x0000748229405e44: ffff ffe8 

  0x0000748229405e48: ; ImmutableOopMap {rdi=Oop r9=Oop [136]=Oop [144]=Oop [152]=Oop [160]=Oop [168]=Oop [176]=Oop [184]=Oop }
                      ;*synchronization entry
                      ; - java.util.Objects::requireNonNull@-1 (line 232)
                      ; - java.lang.Module::isOpen@6 (line 630)
                      ; - com.sun.javafx.fxml.MethodHelper::invoke@43 (line 63)
  0x0000748229405e48: 344f a506 | e9fe f6ff 

  0x0000748229405e50: ;   {metadata(nullptr)}
  0x0000748229405e50: ff48 ba00 | 0000 0000 | 0000 00b8 | 000f 050a 

  0x0000748229405e60: ;   {runtime_call load_klass_patching Runtime1 stub}
  0x0000748229405e60: e81b 3aa5 

  0x0000748229405e64: ; ImmutableOopMap {r9=Oop rdi=Oop [136]=Oop [168]=Oop [176]=Oop [184]=Oop }
                      ;*new {reexecute=1 rethrow=0 return_oop=0}
                      ; - (reexecute) com.sun.javafx.fxml.MethodHelper::invoke@49 (line 64)
  0x0000748229405e64: 06e9 96f7 

  0x0000748229405e68: ;   {runtime_call throw_null_pointer_exception Runtime1 stub}
  0x0000748229405e68: ffff e831 

  0x0000748229405e6c: ; ImmutableOopMap {r9=Oop rbx=Oop [136]=Oop [168]=Oop [176]=Oop [184]=Oop }
                      ;*new {reexecute=0 rethrow=0 return_oop=0}
                      ; - com.sun.javafx.fxml.MethodHelper::invoke@49 (line 64)
  0x0000748229405e6c: c0a4 0648 

  0x0000748229405e70: ;   {runtime_call fast_new_instance_init_check Runtime1 stub}
  0x0000748229405e70: 8bd2 e809 

  0x0000748229405e74: ; ImmutableOopMap {r9=Oop rbx=Oop [136]=Oop [168]=Oop [176]=Oop [184]=Oop }
                      ;*new {reexecute=0 rethrow=0 return_oop=0}
                      ; - com.sun.javafx.fxml.MethodHelper::invoke@49 (line 64)
  0x0000748229405e74: efa4 06e9 | ecf7 ffff 

  0x0000748229405e7c: ;   {runtime_call throw_null_pointer_exception Runtime1 stub}
  0x0000748229405e7c: e81f c0a4 

  0x0000748229405e80: ; ImmutableOopMap {r9=Oop rbx=Oop rax=Oop [136]=Oop [168]=Oop [176]=Oop [184]=Oop [200]=Oop }
                      ;*invokevirtual getName {reexecute=0 rethrow=0 return_oop=0}
                      ; - com.sun.javafx.fxml.MethodHelper::invoke@55 (line 65)
                      ;   {metadata({method} {0x00007481c7469710} 'getName' '()Ljava/lang/String;' in 'java/lang/Class')}
  0x0000748229405e80: 0649 ba10 | 9746 c781 | 7400 004c | 8954 2408 | 48c7 0424 | ffff ffff 

  0x0000748229405e98: ;   {runtime_call counter_overflow Runtime1 stub}
  0x0000748229405e98: e8e3 4ea5 

  0x0000748229405e9c: ; ImmutableOopMap {r9=Oop rbx=Oop rax=Oop rdi=Oop [136]=Oop [168]=Oop [176]=Oop [184]=Oop [200]=Oop }
                      ;*synchronization entry
                      ; - java.lang.Class::getName@-1 (line 949)
                      ; - com.sun.javafx.fxml.MethodHelper::invoke@59 (line 66)
  0x0000748229405e9c: 06e9 2af8 

  0x0000748229405ea0: ;   {metadata({method} {0x00007481c7020770} 'isOpen' '(Ljava/lang/String;Ljava/lang/Module;)Z' in 'java/lang/Module')}
  0x0000748229405ea0: ffff 49ba | 7007 02c7 | 8174 0000 | 4c89 5424 | 0848 c704 | 24ff ffff 

  0x0000748229405eb8: ;   {runtime_call counter_overflow Runtime1 stub}
  0x0000748229405eb8: ffe8 c24e 

  0x0000748229405ebc: ; ImmutableOopMap {rdi=Oop [144]=Oop [152]=Oop [160]=Oop [168]=Oop [176]=Oop }
                      ;*synchronization entry
                      ; - java.lang.Module::isOpen@-1 (line 629)
                      ; - com.sun.javafx.fxml.MethodHelper::invoke@95 (line 72)
  0x0000748229405ebc: a506 e9e2 

  0x0000748229405ec0: ;   {metadata({method} {0x00007481c7056360} 'requireNonNull' '(Ljava/lang/Object;)Ljava/lang/Object;' in 'java/util/Objects')}
  0x0000748229405ec0: f8ff ff49 | ba60 6305 | c781 7400 | 004c 8954 | 2408 48c7 | 0424 ffff 

  0x0000748229405ed8: ;   {runtime_call counter_overflow Runtime1 stub}
  0x0000748229405ed8: ffff e8a1 

  0x0000748229405edc: ; ImmutableOopMap {rdi=Oop [144]=Oop [152]=Oop [160]=Oop [168]=Oop [176]=Oop }
                      ;*synchronization entry
                      ; - java.util.Objects::requireNonNull@-1 (line 232)
                      ; - java.lang.Module::isOpen@1 (line 629)
                      ; - com.sun.javafx.fxml.MethodHelper::invoke@95 (line 72)
  0x0000748229405edc: 4ea5 06e9 | faf8 ffff 

  0x0000748229405ee4: ;   {metadata({method} {0x00007481c7056360} 'requireNonNull' '(Ljava/lang/Object;)Ljava/lang/Object;' in 'java/util/Objects')}
  0x0000748229405ee4: 49ba 6063 | 05c7 8174 | 0000 4c89 | 5424 0848 | c704 24ff 

  0x0000748229405ef8: ;   {runtime_call counter_overflow Runtime1 stub}
  0x0000748229405ef8: ffff ffe8 

  0x0000748229405efc: ; ImmutableOopMap {rdi=Oop [144]=Oop [152]=Oop [160]=Oop [168]=Oop [176]=Oop }
                      ;*synchronization entry
                      ; - java.util.Objects::requireNonNull@-1 (line 232)
                      ; - java.lang.Module::isOpen@6 (line 630)
                      ; - com.sun.javafx.fxml.MethodHelper::invoke@95 (line 72)
  0x0000748229405efc: 804e a506 | e941 f9ff 

  0x0000748229405f04: ;   {internal_word}
  0x0000748229405f04: ff49 ba8c | 5940 2982 | 7400 004d | 8997 6804 

  0x0000748229405f14: ;   {runtime_call SafepointBlob}
  0x0000748229405f14: 0000 e9e5 

  0x0000748229405f18: ;   {metadata(nullptr)}
  0x0000748229405f18: 7498 0648 | ba00 0000 | 0000 0000 | 00b8 000f 

  0x0000748229405f28: ;   {runtime_call load_klass_patching Runtime1 stub}
  0x0000748229405f28: 050a e851 

  0x0000748229405f2c: ; ImmutableOopMap {[144]=Oop [152]=Oop [160]=Oop [168]=Oop [176]=Oop }
                      ;*new {reexecute=1 rethrow=0 return_oop=0}
                      ; - (reexecute) java.util.Objects::requireNonNull@4 (line 233)
                      ; - java.lang.Module::isOpen@1 (line 629)
                      ; - com.sun.javafx.fxml.MethodHelper::invoke@95 (line 72)
  0x0000748229405f2c: 39a5 06e9 | 6cfa ffff 

  0x0000748229405f34: ;   {runtime_call fast_new_instance Runtime1 stub}
  0x0000748229405f34: 488b d2e8 

  0x0000748229405f38: ; ImmutableOopMap {[144]=Oop [152]=Oop [160]=Oop [168]=Oop [176]=Oop }
                      ;*new {reexecute=0 rethrow=0 return_oop=0}
                      ; - java.util.Objects::requireNonNull@4 (line 233)
                      ; - java.lang.Module::isOpen@1 (line 629)
                      ; - com.sun.javafx.fxml.MethodHelper::invoke@95 (line 72)
  0x0000748229405f38: c4e4 a406 | e9bb faff | ff49 bd00 | 0000 0000 | 0000 00b8 | 000f 050a 

  0x0000748229405f50: ;   {runtime_call load_appendix_patching Runtime1 stub}
  0x0000748229405f50: e82b 45a5 

  0x0000748229405f54: ; ImmutableOopMap {rbx=Oop rdi=Oop r8=Oop rax=Oop [176]=Oop [200]=Oop }
                      ;*invokedynamic {reexecute=1 rethrow=0 return_oop=0}
                      ; - (reexecute) com.sun.javafx.fxml.MethodHelper::invoke@79 (line 70)
  0x0000748229405f54: 06e9 46fb 

  0x0000748229405f58: ;   {metadata(nullptr)}
  0x0000748229405f58: ffff 48ba | 0000 0000 | 0000 0000 | b800 0f05 

  0x0000748229405f68: ;   {runtime_call load_klass_patching Runtime1 stub}
  0x0000748229405f68: 0ae8 1239 

  0x0000748229405f6c: ; ImmutableOopMap {[136]=Oop [144]=Oop [152]=Oop [160]=Oop [168]=Oop [176]=Oop [184]=Oop }
                      ;*new {reexecute=1 rethrow=0 return_oop=0}
                      ; - (reexecute) java.util.Objects::requireNonNull@4 (line 233)
                      ; - java.lang.Module::isOpen@6 (line 630)
                      ; - com.sun.javafx.fxml.MethodHelper::invoke@43 (line 63)
  0x0000748229405f6c: a506 e9d5 | fbff ff48 

  0x0000748229405f74: ;   {runtime_call fast_new_instance Runtime1 stub}
  0x0000748229405f74: 8bd2 e885 

  0x0000748229405f78: ; ImmutableOopMap {[136]=Oop [144]=Oop [152]=Oop [160]=Oop [168]=Oop [176]=Oop [184]=Oop }
                      ;*new {reexecute=0 rethrow=0 return_oop=0}
                      ; - java.util.Objects::requireNonNull@4 (line 233)
                      ; - java.lang.Module::isOpen@6 (line 630)
                      ; - com.sun.javafx.fxml.MethodHelper::invoke@43 (line 63)
  0x0000748229405f78: e4a4 06e9 | 24fc ffff 

  0x0000748229405f80: ;   {metadata(nullptr)}
  0x0000748229405f80: 48ba 0000 | 0000 0000 | 0000 b800 

  0x0000748229405f8c: ;   {runtime_call load_klass_patching Runtime1 stub}
  0x0000748229405f8c: 0f05 0ae8 

  0x0000748229405f90: ; ImmutableOopMap {[136]=Oop [144]=Oop [152]=Oop [160]=Oop [168]=Oop [176]=Oop [184]=Oop }
                      ;*new {reexecute=1 rethrow=0 return_oop=0}
                      ; - (reexecute) java.util.Objects::requireNonNull@4 (line 233)
                      ; - java.lang.Module::isOpen@1 (line 629)
                      ; - com.sun.javafx.fxml.MethodHelper::invoke@43 (line 63)
  0x0000748229405f90: ec38 a506 | e94f fcff | ff48 8bd2 

  0x0000748229405f9c: ;   {runtime_call fast_new_instance Runtime1 stub}
  0x0000748229405f9c: e85f e4a4 

  0x0000748229405fa0: ; ImmutableOopMap {[136]=Oop [144]=Oop [152]=Oop [160]=Oop [168]=Oop [176]=Oop [184]=Oop }
                      ;*new {reexecute=0 rethrow=0 return_oop=0}
                      ; - java.util.Objects::requireNonNull@4 (line 233)
                      ; - java.lang.Module::isOpen@1 (line 629)
                      ; - com.sun.javafx.fxml.MethodHelper::invoke@43 (line 63)
  0x0000748229405fa0: 06e9 9efc 

  0x0000748229405fa4: ;   {metadata(nullptr)}
  0x0000748229405fa4: ffff 48ba | 0000 0000 | 0000 0000 | b800 0f05 

  0x0000748229405fb4: ;   {runtime_call load_klass_patching Runtime1 stub}
  0x0000748229405fb4: 0ae8 c638 

  0x0000748229405fb8: ; ImmutableOopMap {[136]=Oop [144]=Oop [152]=Oop [160]=Oop [168]=Oop [176]=Oop [184]=Oop }
                      ;*new {reexecute=1 rethrow=0 return_oop=0}
                      ; - (reexecute) java.util.Objects::requireNonNull@4 (line 233)
                      ; - java.lang.Module::isExported@1 (line 653)
                      ; - com.sun.javafx.fxml.MethodHelper::invoke@31 (line 62)
  0x0000748229405fb8: a506 e9c9 | fcff ff48 

  0x0000748229405fc0: ;   {runtime_call fast_new_instance Runtime1 stub}
  0x0000748229405fc0: 8bd2 e839 

  0x0000748229405fc4: ; ImmutableOopMap {[136]=Oop [144]=Oop [152]=Oop [160]=Oop [168]=Oop [176]=Oop [184]=Oop }
                      ;*new {reexecute=0 rethrow=0 return_oop=0}
                      ; - java.util.Objects::requireNonNull@4 (line 233)
                      ; - java.lang.Module::isExported@1 (line 653)
                      ; - com.sun.javafx.fxml.MethodHelper::invoke@31 (line 62)
  0x0000748229405fc4: e4a4 06e9 | 18fd ffff | 498b 8700 | 0500 0049 | c787 0005 | 0000 0000 | 0000 49c7 | 8708 0500 
  0x0000748229405fe4: 0000 0000 | 0048 81c4 | 0001 0000 

  0x0000748229405ff0: ;   {runtime_call unwind_exception Runtime1 stub}
  0x0000748229405ff0: 5de9 8aaf | a406 f4f4 
[Stub Code]
  0x0000748229405ff8: ;   {no_reloc}
  0x0000748229405ff8: 0f1f 4400 

  0x0000748229405ffc: ;   {static_stub}
  0x0000748229405ffc: 0048 bb00 | 0000 0000 

  0x0000748229406004: ;   {runtime_call nmethod}
  0x0000748229406004: 0000 00e9 | fbff ffff 

  0x000074822940600c: ;   {static_stub}
  0x000074822940600c: 9048 bb00 | 0000 0000 

  0x0000748229406014: ;   {runtime_call nmethod}
  0x0000748229406014: 0000 00e9 | fbff ffff 

  0x000074822940601c: ;   {static_stub}
  0x000074822940601c: 48bb 0000 | 0000 0000 

  0x0000748229406024: ;   {runtime_call nmethod}
  0x0000748229406024: 0000 e9fb 

  0x0000748229406028: ;   {static_stub}
  0x0000748229406028: ffff ff48 | bb00 0000 | 0000 0000 

  0x0000748229406034: ;   {runtime_call nmethod}
  0x0000748229406034: 00e9 fbff 

  0x0000748229406038: ;   {static_stub}
  0x0000748229406038: ffff 48bb | 0000 0000 | 0000 0000 

  0x0000748229406044: ;   {runtime_call nmethod}
  0x0000748229406044: e9fb ffff 

  0x0000748229406048: ;   {static_stub}
  0x0000748229406048: ff48 bb00 | 0000 0000 

  0x0000748229406050: ;   {runtime_call nmethod}
  0x0000748229406050: 0000 00e9 | fbff ffff 

  0x0000748229406058: ;   {static_stub}
  0x0000748229406058: 48bb 0000 | 0000 0000 

  0x0000748229406060: ;   {runtime_call nmethod}
  0x0000748229406060: 0000 e9fb 

  0x0000748229406064: ;   {static_stub}
  0x0000748229406064: ffff ff48 | bb00 0000 | 0000 0000 

  0x0000748229406070: ;   {runtime_call nmethod}
  0x0000748229406070: 00e9 fbff 

  0x0000748229406074: ;   {static_stub}
  0x0000748229406074: ffff 48bb | d091 9dc3 | 8174 0000 

  0x0000748229406080: ;   {runtime_call I2C/C2I adapters}
  0x0000748229406080: e986 b997 

  0x0000748229406084: ;   {runtime_call handle_exception_from_callee Runtime1 stub}
  0x0000748229406084: 06e8 f60c 

  0x0000748229406088: ;   {external_word}
  0x0000748229406088: a506 48bf | 5321 3248 | 8274 0000 | 4883 e4f0 

  0x0000748229406098: ;   {runtime_call MacroAssembler::debug64(char*, long, long*)}
  0x0000748229406098: e8a3 6a9f 

  0x000074822940609c: ;   {section_word}
  0x000074822940609c: 1ef4 49ba | 9e60 4029 | 8274 0000 

  0x00007482294060a8: ;   {runtime_call DeoptimizationBlob}
  0x00007482294060a8: 4152 e9f1 | 8798 06f4 
[/MachCode]


---------------  P R O C E S S  ---------------

Threads class SMR info:
_java_thread_list=0x000074819406a0d0, length=21, elements={
0x000074824001b870, 0x0000748240151050, 0x00007482401525d0, 0x0000748240153d80,
0x00007482401553d0, 0x0000748240156980, 0x00007482401584d0, 0x0000748240159ba0,
0x0000748240170430, 0x00007482401c9480, 0x0000748240259a70, 0x0000748240428380,
0x00007482404240f0, 0x00007482403d8070, 0x000074816419ac40, 0x000074816419e410,
0x00007481660cb8c0, 0x0000748166135430, 0x0000748166251ff0, 0x0000748191095210,
0x000074810803d620
}

Java Threads: ( => current thread )
  0x000074824001b870 JavaThread "main"                              [_thread_blocked, id=16817, stack(0x0000748246d00000,0x0000748246e00000) (1024K)]
  0x0000748240151050 JavaThread "Reference Handler"          daemon [_thread_blocked, id=16825, stack(0x000074824438a000,0x000074824448a000) (1024K)]
  0x00007482401525d0 JavaThread "Finalizer"                  daemon [_thread_blocked, id=16826, stack(0x000074824428a000,0x000074824438a000) (1024K)]
  0x0000748240153d80 JavaThread "Signal Dispatcher"          daemon [_thread_blocked, id=16827, stack(0x000074824418a000,0x000074824428a000) (1024K)]
  0x00007482401553d0 JavaThread "Service Thread"             daemon [_thread_blocked, id=16828, stack(0x000074824408a000,0x000074824418a000) (1024K)]
  0x0000748240156980 JavaThread "Monitor Deflation Thread"   daemon [_thread_blocked, id=16829, stack(0x000074823ff00000,0x0000748240000000) (1024K)]
  0x00007482401584d0 JavaThread "C2 CompilerThread0"         daemon [_thread_blocked, id=16830, stack(0x0000748224500000,0x0000748224600000) (1024K)]
  0x0000748240159ba0 JavaThread "C1 CompilerThread0"         daemon [_thread_blocked, id=16831, stack(0x0000748224400000,0x0000748224500000) (1024K)]
  0x0000748240170430 JavaThread "Common-Cleaner"             daemon [_thread_blocked, id=16832, stack(0x000074822422f000,0x000074822432f000) (1024K)]
  0x00007482401c9480 JavaThread "Notification Thread"        daemon [_thread_blocked, id=16835, stack(0x0000748215f00000,0x0000748216000000) (1024K)]
  0x0000748240259a70 JavaThread "QuantumRenderer-0"          daemon [_thread_blocked, id=16836, stack(0x0000748215e00000,0x0000748215f00000) (1024K)]
  0x0000748240428380 JavaThread "InvokeLaterDispatcher"      daemon [_thread_blocked, id=16844, stack(0x0000748172a5c000,0x0000748172b5c000) (1024K)]
=>0x00007482404240f0 JavaThread "JavaFX Application Thread"         [_thread_in_vm, id=16845, stack(0x000074817295c000,0x0000748172a5c000) (1024K)]
  0x00007482403d8070 JavaThread "JavaFX-Launcher"                   [_thread_blocked, id=16851, stack(0x0000748170682000,0x0000748170782000) (1024K)]
  0x000074816419ac40 JavaThread "process reaper"             daemon [_thread_blocked, id=16858, stack(0x000074817015b000,0x000074817017d000) (136K)]
  0x000074816419e410 JavaThread "JNA Cleaner"                daemon [_thread_blocked, id=16859, stack(0x000074817005b000,0x000074817015b000) (1024K)]
  0x00007481660cb8c0 JavaThread "ForkJoinPool.commonPool-worker-1" daemon [_thread_blocked, id=16867, stack(0x000074814d5da000,0x000074814d6da000) (1024K)]
  0x0000748166135430 JavaThread "JNativeHook Hook Thread"           [_thread_in_native, id=16868, stack(0x000074814d3fa000,0x000074814d4fa000) (1024K)]
  0x0000748166251ff0 JavaThread "Prism Font Disposer"        daemon [_thread_blocked, id=16872, stack(0x000074814d17b000,0x000074814d27b000) (1024K)]
  0x0000748191095210 JavaThread "Cleaner-0"                  daemon [_thread_blocked, id=16878, stack(0x00007480fff00000,0x0000748100000000) (1024K)]
  0x000074810803d620 JavaThread "JNativeHook Dispatch Thread" daemon [_thread_blocked, id=16879, stack(0x00007480fe900000,0x00007480fea00000) (1024K)]
Total: 21

Other Threads:
  0x0000748240147a70 VMThread "VM Thread"                           [id=16824, stack(0x000074824448b000,0x000074824458b000) (1024K)]
  0x0000748240135c50 WatcherThread "VM Periodic Task Thread"        [id=16823, stack(0x000074824458c000,0x000074824468c000) (1024K)]
  0x00007482400816e0 WorkerThread "GC Thread#0"                     [id=16818, stack(0x000074824531a000,0x000074824541a000) (1024K)]
  0x00007481bc007a10 WorkerThread "GC Thread#1"                     [id=16852, stack(0x0000748170582000,0x0000748170682000) (1024K)]
  0x00007481bc0085b0 WorkerThread "GC Thread#2"                     [id=16853, stack(0x0000748170481000,0x0000748170581000) (1024K)]
  0x00007481bc009150 WorkerThread "GC Thread#3"                     [id=16854, stack(0x0000748170380000,0x0000748170480000) (1024K)]
  0x00007481bc009cf0 WorkerThread "GC Thread#4"                     [id=16855, stack(0x000074817027f000,0x000074817037f000) (1024K)]
  0x00007481bc00a890 WorkerThread "GC Thread#5"                     [id=16856, stack(0x000074817017e000,0x000074817027e000) (1024K)]
  0x00007481bc00d0f0 WorkerThread "GC Thread#6"                     [id=16864, stack(0x000074814dd9a000,0x000074814de9a000) (1024K)]
  0x00007481bc00d870 WorkerThread "GC Thread#7"                     [id=16865, stack(0x000074814d900000,0x000074814da00000) (1024K)]
  0x0000748240091ca0 ConcurrentGCThread "G1 Main Marker"            [id=16819, stack(0x0000748245219000,0x0000748245319000) (1024K)]
  0x0000748240092b60 WorkerThread "G1 Conc#0"                       [id=16820, stack(0x0000748245118000,0x0000748245218000) (1024K)]
  0x0000748218000d80 WorkerThread "G1 Conc#1"                       [id=16871, stack(0x000074814d2fa000,0x000074814d3fa000) (1024K)]
  0x0000748240123280 ConcurrentGCThread "G1 Refine#0"               [id=16821, stack(0x000074824480f000,0x000074824490f000) (1024K)]
  0x0000748240124160 ConcurrentGCThread "G1 Service"                [id=16822, stack(0x000074824470e000,0x000074824480e000) (1024K)]
Total: 15

Threads with active compile tasks:
Total: 0

VM state: not at safepoint (normal execution)

VM Mutex/Monitor currently owned by a thread: None

Heap address: 0x000000070f800000, size: 3848 MB, Compressed Oops mode: Zero based, Oop shift amount: 3

CDS archive(s) mapped at: [0x00007481c7000000-0x00007481c7c9c000-0x00007481c7c9c000), size 13221888, SharedBaseAddress: 0x00007481c7000000, ArchiveRelocationMode: 1.
Compressed class space mapped at: 0x00007481c8000000-0x0000748208000000, reserved size: 1073741824
Narrow klass base: 0x00007481c7000000, Narrow klass shift: 0, Narrow klass range: 0x100000000

GC Precious Log:
 CardTable entry size: 512
 Card Set container configuration: InlinePtr #cards 4 size 8 Array Of Cards #cards 16 size 48 Howl #buckets 8 coarsen threshold 3686 Howl Bitmap #cards 512 size 80 coarsen threshold 460 Card regions per heap region 1 cards per card region 4096
 CPUs: 8 total, 8 available
 Memory: 15386M
 Large Page Support: Disabled
 NUMA Support: Disabled
 Compressed Oops: Enabled (Zero based)
 Heap Region Size: 2M
 Heap Min Capacity: 8M
 Heap Initial Capacity: 242M
 Heap Max Capacity: 3848M
 Pre-touch: Disabled
 Parallel Workers: 8
 Concurrent Workers: 2
 Concurrent Refinement Workers: 8
 Periodic GC: Disabled

Heap:
 garbage-first heap   total 90112K, used 57264K [0x000000070f800000, 0x0000000800000000)
  region size 2048K, 17 young (34816K), 4 survivors (8192K)
 Metaspace       used 29333K, committed 29760K, reserved 1114112K
  class space    used 4150K, committed 4352K, reserved 1048576K

Heap Regions: E=young(eden), S=young(survivor), O=old, HS=humongous(starts), HC=humongous(continues), CS=collection set, F=free, TAMS=top-at-mark-start, PB=parsable bottom
|   0|0x000000070f800000, 0x000000070f800000, 0x000000070fa00000|  0%| F|  |TAMS 0x000000070f800000| PB 0x000000070f800000| Untracked 
|   1|0x000000070fa00000, 0x000000070fa00000, 0x000000070fc00000|  0%| F|  |TAMS 0x000000070fa00000| PB 0x000000070fa00000| Untracked 
|   2|0x000000070fc00000, 0x000000070fe00000, 0x000000070fe00000|100%|HS|  |TAMS 0x000000070fc00000| PB 0x000000070fc00000| Complete 
|   3|0x000000070fe00000, 0x0000000710000000, 0x0000000710000000|100%| O|  |TAMS 0x000000070fe00000| PB 0x000000070fe00000| Untracked 
|   4|0x0000000710000000, 0x0000000710200000, 0x0000000710200000|100%| O|  |TAMS 0x0000000710000000| PB 0x0000000710000000| Untracked 
|   5|0x0000000710200000, 0x0000000710400000, 0x0000000710400000|100%| O|  |TAMS 0x0000000710200000| PB 0x0000000710200000| Untracked 
|   6|0x0000000710400000, 0x0000000710600000, 0x0000000710600000|100%| O|  |TAMS 0x0000000710400000| PB 0x0000000710400000| Untracked 
|   7|0x0000000710600000, 0x0000000710800000, 0x0000000710800000|100%| O|  |TAMS 0x0000000710600000| PB 0x0000000710600000| Untracked 
|   8|0x0000000710800000, 0x0000000710a00000, 0x0000000710a00000|100%| O|  |TAMS 0x0000000710800000| PB 0x0000000710800000| Untracked 
|   9|0x0000000710a00000, 0x0000000710c00000, 0x0000000710c00000|100%| S|CS|TAMS 0x0000000710a00000| PB 0x0000000710a00000| Complete 
|  10|0x0000000710c00000, 0x0000000710e00000, 0x0000000710e00000|100%| S|CS|TAMS 0x0000000710c00000| PB 0x0000000710c00000| Complete 
|  11|0x0000000710e00000, 0x0000000711000000, 0x0000000711000000|100%| S|CS|TAMS 0x0000000710e00000| PB 0x0000000710e00000| Complete 
|  12|0x0000000711000000, 0x0000000711000000, 0x0000000711200000|  0%| F|  |TAMS 0x0000000711000000| PB 0x0000000711000000| Untracked 
|  13|0x0000000711200000, 0x0000000711200000, 0x0000000711400000|  0%| F|  |TAMS 0x0000000711200000| PB 0x0000000711200000| Untracked 
|  14|0x0000000711400000, 0x0000000711400000, 0x0000000711600000|  0%| F|  |TAMS 0x0000000711400000| PB 0x0000000711400000| Untracked 
|  15|0x0000000711600000, 0x0000000711600000, 0x0000000711800000|  0%| F|  |TAMS 0x0000000711600000| PB 0x0000000711600000| Untracked 
|  16|0x0000000711800000, 0x0000000711800000, 0x0000000711a00000|  0%| F|  |TAMS 0x0000000711800000| PB 0x0000000711800000| Untracked 
|  17|0x0000000711a00000, 0x0000000711a00000, 0x0000000711c00000|  0%| F|  |TAMS 0x0000000711a00000| PB 0x0000000711a00000| Untracked 
|  18|0x0000000711c00000, 0x0000000711c00000, 0x0000000711e00000|  0%| F|  |TAMS 0x0000000711c00000| PB 0x0000000711c00000| Untracked 
|  19|0x0000000711e00000, 0x0000000711e00000, 0x0000000712000000|  0%| F|  |TAMS 0x0000000711e00000| PB 0x0000000711e00000| Untracked 
|  20|0x0000000712000000, 0x0000000712000000, 0x0000000712200000|  0%| F|  |TAMS 0x0000000712000000| PB 0x0000000712000000| Untracked 
|  21|0x0000000712200000, 0x0000000712400000, 0x0000000712400000|100%|HS|  |TAMS 0x0000000712200000| PB 0x0000000712200000| Complete 
|  22|0x0000000712400000, 0x0000000712600000, 0x0000000712600000|100%|HC|  |TAMS 0x0000000712400000| PB 0x0000000712400000| Complete 
|  23|0x0000000712600000, 0x0000000712600000, 0x0000000712800000|  0%| F|  |TAMS 0x0000000712600000| PB 0x0000000712600000| Untracked 
|  24|0x0000000712800000, 0x0000000712800000, 0x0000000712a00000|  0%| F|  |TAMS 0x0000000712800000| PB 0x0000000712800000| Untracked 
|  25|0x0000000712a00000, 0x0000000712a00000, 0x0000000712c00000|  0%| F|  |TAMS 0x0000000712a00000| PB 0x0000000712a00000| Untracked 
|  26|0x0000000712c00000, 0x0000000712e00000, 0x0000000712e00000|100%| E|  |TAMS 0x0000000712c00000| PB 0x0000000712c00000| Complete 
|  27|0x0000000712e00000, 0x0000000713000000, 0x0000000713000000|100%| E|CS|TAMS 0x0000000712e00000| PB 0x0000000712e00000| Complete 
|  28|0x0000000713000000, 0x0000000713200000, 0x0000000713200000|100%| E|CS|TAMS 0x0000000713000000| PB 0x0000000713000000| Complete 
|  29|0x0000000713200000, 0x0000000713400000, 0x0000000713400000|100%| E|CS|TAMS 0x0000000713200000| PB 0x0000000713200000| Complete 
|  30|0x0000000713400000, 0x0000000713600000, 0x0000000713600000|100%| E|CS|TAMS 0x0000000713400000| PB 0x0000000713400000| Complete 
|  31|0x0000000713600000, 0x0000000713760fd0, 0x0000000713800000| 68%| S|CS|TAMS 0x0000000713600000| PB 0x0000000713600000| Complete 
|  75|0x0000000718e00000, 0x0000000719000000, 0x0000000719000000|100%| E|CS|TAMS 0x0000000718e00000| PB 0x0000000718e00000| Complete 
|  76|0x0000000719000000, 0x0000000719200000, 0x0000000719200000|100%| E|CS|TAMS 0x0000000719000000| PB 0x0000000719000000| Complete 
|  77|0x0000000719200000, 0x0000000719400000, 0x0000000719400000|100%| E|CS|TAMS 0x0000000719200000| PB 0x0000000719200000| Complete 
|  78|0x0000000719400000, 0x0000000719600000, 0x0000000719600000|100%| E|CS|TAMS 0x0000000719400000| PB 0x0000000719400000| Complete 
|  79|0x0000000719600000, 0x0000000719800000, 0x0000000719800000|100%| E|CS|TAMS 0x0000000719600000| PB 0x0000000719600000| Complete 
|  80|0x0000000719800000, 0x0000000719a00000, 0x0000000719a00000|100%| E|CS|TAMS 0x0000000719800000| PB 0x0000000719800000| Complete 
| 119|0x000000071e600000, 0x000000071e800000, 0x000000071e800000|100%| E|CS|TAMS 0x000000071e600000| PB 0x000000071e600000| Complete 
| 120|0x000000071e800000, 0x000000071ea00000, 0x000000071ea00000|100%| E|CS|TAMS 0x000000071e800000| PB 0x000000071e800000| Complete 
|1920|0x00000007ff800000, 0x00000007ff97eae0, 0x00000007ffa00000| 74%| O|  |TAMS 0x00000007ff800000| PB 0x00000007ff800000| Untracked 
|1921|0x00000007ffa00000, 0x00000007ffc00000, 0x00000007ffc00000|100%| O|  |TAMS 0x00000007ffa00000| PB 0x00000007ffa00000| Untracked 
|1922|0x00000007ffc00000, 0x00000007ffe00000, 0x00000007ffe00000|100%| O|  |TAMS 0x00000007ffc00000| PB 0x00000007ffc00000| Untracked 
|1923|0x00000007ffe00000, 0x00000007fff0c610, 0x0000000800000000| 52%| O|  |TAMS 0x00000007ffe00000| PB 0x00000007ffe00000| Untracked 

Card table byte_map: [0x000074824541a000,0x0000748245b9e000] _byte_map_base: 0x0000748241b9e000

Marking Bits: (CMBitMap*) 0x0000748240082130
 Bits: [0x0000748224be0000, 0x0000748228800000)

Polling page: 0x0000748248af3000

Metaspace:

Usage:
  Non-class:     24,59 MB used.
      Class:      4,05 MB used.
       Both:     28,65 MB used.

Virtual space:
  Non-class space:       64,00 MB reserved,      24,81 MB ( 39%) committed,  1 nodes.
      Class space:        1,00 GB reserved,       4,25 MB ( <1%) committed,  1 nodes.
             Both:        1,06 GB reserved,      29,06 MB (  3%) committed. 

Chunk freelists:
   Non-Class:  6,77 MB
       Class:  11,72 MB
        Both:  18,48 MB

MaxMetaspaceSize: unlimited
CompressedClassSpaceSize: 1,00 GB
Initial GC threshold: 21,00 MB
Current GC threshold: 35,44 MB
CDS: on
 - commit_granule_bytes: 65536.
 - commit_granule_words: 8192.
 - virtual_space_node_default_size: 8388608.
 - enlarge_chunks_in_place: 1.
 - use_allocation_guard: 0.


Internal statistics:

num_allocs_failed_limit: 3.
num_arena_births: 516.
num_arena_deaths: 0.
num_vsnodes_births: 2.
num_vsnodes_deaths: 0.
num_space_committed: 465.
num_space_uncommitted: 0.
num_chunks_returned_to_freelist: 3.
num_chunks_taken_from_freelist: 1538.
num_chunk_merges: 3.
num_chunk_splits: 1060.
num_chunks_enlarged: 779.
num_inconsistent_stats: 0.

CodeHeap 'non-profiled nmethods': size=120028Kb used=4213Kb max_used=4213Kb free=115814Kb
 bounds [0x00007482302c9000, 0x00007482306e9000, 0x0000748237800000]
CodeHeap 'profiled nmethods': size=120028Kb used=14795Kb max_used=14795Kb free=105232Kb
 bounds [0x0000748228800000, 0x0000748229680000, 0x000074822fd37000]
CodeHeap 'non-nmethods': size=5704Kb used=2093Kb max_used=2157Kb free=3610Kb
 bounds [0x000074822fd37000, 0x000074822ffa7000, 0x00007482302c9000]
CodeCache: size=245760Kb, used=21101Kb, max_used=21165Kb, free=224656Kb
 total_blobs=7622, nmethods=6730, adapters=795, full_count=0
Compilation: enabled, stopped_count=0, restarted_count=0

Compilation events (20 events):
Event: 9,294 Thread 0x0000748240159ba0 nmethod 6724 0x0000748229663010 code [0x00007482296631e0, 0x0000748229663600]
Event: 9,294 Thread 0x0000748240159ba0 6725       3       com.sun.javafx.scene.control.inputmap.InputMap$KeyMapping::getSpecificity (30 bytes)
Event: 9,294 Thread 0x0000748240159ba0 nmethod 6725 0x0000748229663710 code [0x0000748229663900, 0x0000748229663f80]
Event: 9,294 Thread 0x0000748240159ba0 6726       3       com.sun.javafx.scene.control.inputmap.KeyBinding::getSpecificity (165 bytes)
Event: 9,294 Thread 0x0000748240159ba0 nmethod 6726 0x0000748229664110 code [0x0000748229664340, 0x0000748229664aa8]
Event: 9,301 Thread 0x0000748240159ba0 6727       3       javafx.scene.layout.GridPane::getNodeColumnIndex (18 bytes)
Event: 9,302 Thread 0x00007482401584d0 6730       4       javafx.scene.layout.Pane::getConstraint (26 bytes)
Event: 9,302 Thread 0x0000748240159ba0 nmethod 6727 0x0000748229664d10 code [0x0000748229664f60, 0x0000748229665a68]
Event: 9,302 Thread 0x0000748240159ba0 6729       3       javafx.scene.layout.GridPane::computeGridMetrics (967 bytes)
Event: 9,305 Thread 0x0000748240159ba0 nmethod 6729 0x0000748229665d90 code [0x00007482296668e0, 0x000074822966de30]
Event: 9,305 Thread 0x0000748240159ba0 6728       3       javafx.scene.layout.GridPane::getColumnIndex (10 bytes)
Event: 9,306 Thread 0x00007482401584d0 nmethod 6730 0x00007482306e5510 code [0x00007482306e56e0, 0x00007482306e5af0]
Event: 9,306 Thread 0x0000748240159ba0 nmethod 6728 0x000074822966fe10 code [0x0000748229670040, 0x0000748229670a60]
Event: 9,367 Thread 0x0000748240159ba0 6731       3       com.sun.scenario.animation.shared.GeneralClipInterpolator::interpolate (143 bytes)
Event: 9,368 Thread 0x0000748240159ba0 nmethod 6731 0x0000748229670d90 code [0x0000748229670fa0, 0x0000748229671520]
Event: 9,710 Thread 0x0000748240159ba0 6732       1       javafx.scene.Parent::getStylesheets (5 bytes)
Event: 9,710 Thread 0x0000748240159ba0 nmethod 6732 0x00007482306e5e90 code [0x00007482306e6020, 0x00007482306e60e8]
Event: 9,710 Thread 0x0000748240159ba0 6733       1       javafx.scene.input.KeyCode::getName (5 bytes)
Event: 9,710 Thread 0x0000748240159ba0 nmethod 6733 0x00007482306e6190 code [0x00007482306e6320, 0x00007482306e63e8]
Event: 9,710 Thread 0x0000748240159ba0 6734       3       com.sun.javafx.scene.KeyboardShortcutsHandler::clearNodeMnemonics (94 bytes)

GC Heap History (10 events):
Event: 0,481 GC heap before
{Heap before GC invocations=0 (full 0):
 garbage-first heap   total 249856K, used 21553K [0x000000070f800000, 0x0000000800000000)
  region size 2048K, 11 young (22528K), 0 survivors (0K)
 Metaspace       used 4533K, committed 4800K, reserved 1114112K
  class space    used 536K, committed 640K, reserved 1048576K
}
Event: 0,483 GC heap after
{Heap after GC invocations=1 (full 0):
 garbage-first heap   total 249856K, used 3885K [0x000000070f800000, 0x0000000800000000)
  region size 2048K, 2 young (4096K), 2 survivors (4096K)
 Metaspace       used 4533K, committed 4800K, reserved 1114112K
  class space    used 536K, committed 640K, reserved 1048576K
}
Event: 1,240 GC heap before
{Heap before GC invocations=1 (full 0):
 garbage-first heap   total 249856K, used 65325K [0x000000070f800000, 0x0000000800000000)
  region size 2048K, 31 young (63488K), 2 survivors (4096K)
 Metaspace       used 15750K, committed 16064K, reserved 1114112K
  class space    used 2095K, committed 2240K, reserved 1048576K
}
Event: 1,245 GC heap after
{Heap after GC invocations=2 (full 0):
 garbage-first heap   total 249856K, used 9750K [0x000000070f800000, 0x0000000800000000)
  region size 2048K, 4 young (8192K), 4 survivors (8192K)
 Metaspace       used 15750K, committed 16064K, reserved 1114112K
  class space    used 2095K, committed 2240K, reserved 1048576K
}
Event: 1,881 GC heap before
{Heap before GC invocations=2 (full 0):
 garbage-first heap   total 249856K, used 85526K [0x000000070f800000, 0x0000000800000000)
  region size 2048K, 40 young (81920K), 4 survivors (8192K)
 Metaspace       used 21131K, committed 21504K, reserved 1114112K
  class space    used 2879K, committed 3072K, reserved 1048576K
}
Event: 1,888 GC heap after
{Heap after GC invocations=3 (full 0):
 garbage-first heap   total 249856K, used 15599K [0x000000070f800000, 0x0000000800000000)
  region size 2048K, 6 young (12288K), 6 survivors (12288K)
 Metaspace       used 21131K, committed 21504K, reserved 1114112K
  class space    used 2879K, committed 3072K, reserved 1048576K
}
Event: 2,380 GC heap before
{Heap before GC invocations=4 (full 0):
 garbage-first heap   total 65536K, used 62703K [0x000000070f800000, 0x0000000800000000)
  region size 2048K, 25 young (51200K), 6 survivors (12288K)
 Metaspace       used 25020K, committed 25472K, reserved 1114112K
  class space    used 3681K, committed 3904K, reserved 1048576K
}
Event: 2,389 GC heap after
{Heap after GC invocations=5 (full 0):
 garbage-first heap   total 86016K, used 23782K [0x000000070f800000, 0x0000000800000000)
  region size 2048K, 8 young (16384K), 8 survivors (16384K)
 Metaspace       used 25020K, committed 25472K, reserved 1114112K
  class space    used 3681K, committed 3904K, reserved 1048576K
}
Event: 2,990 GC heap before
{Heap before GC invocations=5 (full 0):
 garbage-first heap   total 86016K, used 62694K [0x000000070f800000, 0x0000000800000000)
  region size 2048K, 25 young (51200K), 8 survivors (16384K)
 Metaspace       used 27140K, committed 27584K, reserved 1114112K
  class space    used 3884K, committed 4096K, reserved 1048576K
}
Event: 3,000 GC heap after
{Heap after GC invocations=6 (full 0):
 garbage-first heap   total 90112K, used 32688K [0x000000070f800000, 0x0000000800000000)
  region size 2048K, 4 young (8192K), 4 survivors (8192K)
 Metaspace       used 27140K, committed 27584K, reserved 1114112K
  class space    used 3884K, committed 4096K, reserved 1048576K
}

Dll operation events (16 events):
Event: 0,001 Loaded shared library /usr/lib/jvm/java-21-openjdk-amd64/lib/libjava.so
Event: 0,020 Loaded shared library /usr/lib/jvm/java-21-openjdk-amd64/lib/libjsvml.so
Event: 0,022 Loaded shared library /usr/lib/jvm/java-21-openjdk-amd64/lib/libnio.so
Event: 0,045 Loaded shared library /usr/lib/jvm/java-21-openjdk-amd64/lib/libzip.so
Event: 0,250 Loaded shared library /home/bloch/.openjfx/cache/21+31/amd64/libprism_es2.so
Event: 0,336 Loaded shared library /home/bloch/.openjfx/cache/21+31/amd64/libglass.so
Event: 0,358 Loaded shared library /home/bloch/.openjfx/cache/21+31/amd64/libglassgtk3.so
Event: 0,454 Loaded shared library /usr/lib/jvm/java-21-openjdk-amd64/lib/libjimage.so
Event: 0,529 Loaded shared library /home/bloch/.cache/JNA/temp/jna13861256148263403769.tmp
Event: 0,711 Loaded shared library /usr/lib/jvm/java-21-openjdk-amd64/lib/libnet.so
Event: 0,766 Loaded shared library /tmp/sqlite-3.45.1.0-ea943f06-6210-4666-9086-c65803a9ce08-libsqlitejdbc.so
Event: 0,846 Loaded shared library /home/bloch/.openjfx/cache/21+31/amd64/libjavafx_font.so
Event: 1,371 Loaded shared library /home/bloch/.openjfx/cache/21+31/amd64/libjavafx_font_freetype.so
Event: 1,609 Loaded shared library /usr/lib/jvm/java-21-openjdk-amd64/lib/libverify.so
Event: 1,795 Loaded shared library /home/bloch/.gradle/caches/modules-2/files-2.1/com.github.kwhat/jnativehook/2.2.2/183dd1fb8927b008761802bb402629d5749b15d0/libJNativeHook-2.2.2.x86_64.so
Event: 2,090 Loaded shared library /home/bloch/.openjfx/cache/21+31/amd64/libjavafx_font_pango.so

Deoptimization events (20 events):
Event: 6,612 Thread 0x00007482404240f0 Uncommon trap: trap_request=0xffffffc6 fr.pc=0x0000748230662dec relative=0x000000000000062c
Event: 6,612 Thread 0x00007482404240f0 Uncommon trap: reason=bimorphic_or_optimized_type_check action=maybe_recompile pc=0x0000748230662dec method=javafx.beans.property.StringPropertyBase.get()Ljava/lang/String; @ 23 c2
Event: 6,612 Thread 0x00007482404240f0 DEOPT PACKING pc=0x0000748230662dec sp=0x0000748172a57490
Event: 6,612 Thread 0x00007482404240f0 DEOPT UNPACKING pc=0x000074822fd8e619 sp=0x0000748172a572e0 mode 2
Event: 6,612 Thread 0x00007482404240f0 Uncommon trap: trap_request=0xffffffc6 fr.pc=0x000074823065efc0 relative=0x0000000000000100
Event: 6,612 Thread 0x00007482404240f0 Uncommon trap: reason=bimorphic_or_optimized_type_check action=maybe_recompile pc=0x000074823065efc0 method=javafx.beans.property.StringPropertyBase.get()Ljava/lang/String; @ 23 c2
Event: 6,612 Thread 0x00007482404240f0 DEOPT PACKING pc=0x000074823065efc0 sp=0x0000748172a57360
Event: 6,612 Thread 0x00007482404240f0 DEOPT UNPACKING pc=0x000074822fd8e619 sp=0x0000748172a57310 mode 2
Event: 8,134 Thread 0x0000748240259a70 Uncommon trap: trap_request=0xffffff6e fr.pc=0x00007482306e1800 relative=0x00000000000003e0
Event: 8,134 Thread 0x0000748240259a70 Uncommon trap: reason=loop_limit_check action=maybe_recompile pc=0x00007482306e1800 method=com.sun.javafx.geom.transform.AffineBase.doTransform([FI[FIII)V @ 464 c2
Event: 8,134 Thread 0x0000748240259a70 DEOPT PACKING pc=0x00007482306e1800 sp=0x0000748215efd820
Event: 8,134 Thread 0x0000748240259a70 DEOPT UNPACKING pc=0x000074822fd8e619 sp=0x0000748215efd758 mode 2
Event: 8,955 Thread 0x00007482404240f0 Uncommon trap: trap_request=0xffffff45 fr.pc=0x0000748230384340 relative=0x0000000000000040
Event: 8,955 Thread 0x00007482404240f0 Uncommon trap: reason=unstable_if action=reinterpret pc=0x0000748230384340 method=java.lang.Math.abs(I)I @ 1 c2
Event: 8,955 Thread 0x00007482404240f0 DEOPT PACKING pc=0x0000748230384340 sp=0x0000748172a560e0
Event: 8,955 Thread 0x00007482404240f0 DEOPT UNPACKING pc=0x000074822fd8e619 sp=0x0000748172a560a0 mode 2
Event: 9,129 Thread 0x00007482404240f0 Uncommon trap: trap_request=0xffffff45 fr.pc=0x000074823061a0ec relative=0x000000000000014c
Event: 9,129 Thread 0x00007482404240f0 Uncommon trap: reason=unstable_if action=reinterpret pc=0x000074823061a0ec method=com.sun.javafx.text.TextRun.getPosX(I)F @ 75 c2
Event: 9,129 Thread 0x00007482404240f0 DEOPT PACKING pc=0x000074823061a0ec sp=0x0000748172a55910
Event: 9,129 Thread 0x00007482404240f0 DEOPT UNPACKING pc=0x000074822fd8e619 sp=0x0000748172a558c8 mode 2

Classes loaded (20 events):
Event: 2,775 Loading class java/nio/DirectFloatBufferU
Event: 2,776 Loading class java/nio/DirectFloatBufferU done
Event: 2,846 Loading class java/lang/FdLibm$Acos
Event: 2,847 Loading class java/lang/FdLibm$Acos done
Event: 4,816 Loading class java/util/BitSet$1BitSetSpliterator
Event: 4,816 Loading class java/util/BitSet$1BitSetSpliterator done
Event: 4,816 Loading class java/util/stream/IntPipeline$Head
Event: 4,816 Loading class java/util/stream/IntPipeline
Event: 4,816 Loading class java/util/stream/IntStream
Event: 4,816 Loading class java/util/stream/IntStream done
Event: 4,816 Loading class java/util/stream/IntPipeline done
Event: 4,816 Loading class java/util/stream/IntPipeline$Head done
Event: 4,816 Loading class java/util/stream/IntPipeline$1
Event: 4,816 Loading class java/util/stream/IntPipeline$1 done
Event: 4,816 Loading class java/util/stream/IntPipeline$1$1
Event: 4,816 Loading class java/util/stream/Sink$ChainedInt
Event: 4,816 Loading class java/util/stream/Sink$OfInt
Event: 4,816 Loading class java/util/stream/Sink$OfInt done
Event: 4,816 Loading class java/util/stream/Sink$ChainedInt done
Event: 4,816 Loading class java/util/stream/IntPipeline$1$1 done

Classes unloaded (0 events):
No events

Classes redefined (0 events):
No events

Internal exceptions (20 events):
Event: 1,335 Thread 0x00007482404240f0 Exception <a 'java/lang/NoSuchMethodError'{0x000000071d895620}: 'void java.lang.invoke.DelegatingMethodHandle$Holder.reinvoke_L(java.lang.Object, java.lang.Object, float)'> (0x000000071d895620) 
thrown [./src/hotspot/share/interpreter/linkResolver.cpp, line 772]
Event: 1,335 Thread 0x00007482404240f0 Exception <a 'java/lang/NoSuchMethodError'{0x000000071d89c520}: 'float java.lang.invoke.Invokers$Holder.invokeExact_MT(java.lang.Object, java.lang.Object, java.lang.Object)'> (0x000000071d89c520) 
thrown [./src/hotspot/share/interpreter/linkResolver.cpp, line 772]
Event: 1,447 Thread 0x00007482404240f0 Implicit null exception at 0x0000748230376c9d to 0x0000748230376ed0
Event: 1,450 Thread 0x00007482404240f0 Implicit null exception at 0x000074823037501d to 0x0000748230375244
Event: 1,518 Thread 0x00007482404240f0 Exception <a 'java/lang/NoSuchMethodError'{0x000000071c533260}: 'long java.lang.invoke.DirectMethodHandle$Holder.invokeStatic(java.lang.Object, java.lang.Object)'> (0x000000071c533260) 
thrown [./src/hotspot/share/interpreter/linkResolver.cpp, line 772]
Event: 1,618 Thread 0x00007481660cb8c0 Implicit null exception at 0x00007482303b3025 to 0x00007482303b33b0
Event: 1,618 Thread 0x00007481660cb8c0 Implicit null exception at 0x00007482303afb25 to 0x00007482303afed4
Event: 1,846 Thread 0x00007482404240f0 Exception <a 'java/io/FileNotFoundException'{0x0000000719ca2020}> (0x0000000719ca2020) 
thrown [./src/hotspot/share/prims/jni.cpp, line 520]
Event: 1,928 Thread 0x00007482404240f0 Exception <a 'java/lang/NoSuchMethodError'{0x000000071e7a1bd8}: 'java.lang.Object java.lang.invoke.DirectMethodHandle$Holder.invokeInterface(java.lang.Object, java.lang.Object, java.lang.Object)'> (0x000000071e7a1bd8) 
thrown [./src/hotspot/share/interpreter/linkResolver.cpp, line 772]
Event: 1,928 Thread 0x00007482404240f0 Exception <a 'java/lang/IncompatibleClassChangeError'{0x000000071e7a5540}: Found class java.lang.Object, but interface was expected> (0x000000071e7a5540) 
thrown [./src/hotspot/share/interpreter/linkResolver.cpp, line 840]
Event: 2,019 Thread 0x00007482404240f0 Exception <a 'java/lang/ClassNotFoundException'{0x0000000711d57fc0}: com/sun/javafx/scene/control/skin/resources/controls> (0x0000000711d57fc0) 
thrown [./src/hotspot/share/prims/jni.cpp, line 539]
Event: 2,019 Thread 0x00007482404240f0 Exception <a 'java/lang/ClassNotFoundException'{0x0000000711d661d0}: com/sun/javafx/scene/control/skin/resources/controls_fr> (0x0000000711d661d0) 
thrown [./src/hotspot/share/prims/jni.cpp, line 539]
Event: 2,020 Thread 0x00007482404240f0 Exception <a 'java/lang/ClassNotFoundException'{0x0000000711d73ce0}: com/sun/javafx/scene/control/skin/resources/controls_fr_FR> (0x0000000711d73ce0) 
thrown [./src/hotspot/share/prims/jni.cpp, line 539]
Event: 2,097 Thread 0x00007482404240f0 Exception <a 'java/lang/NoSuchMethodError'{0x0000000711692ae8}: 'int java.lang.invoke.DirectMethodHandle$Holder.invokeSpecial(java.lang.Object, java.lang.Object, int)'> (0x0000000711692ae8) 
thrown [./src/hotspot/share/interpreter/linkResolver.cpp, line 772]
Event: 2,230 Thread 0x00007482404240f0 Exception <a 'java/lang/NoSuchMethodError'{0x00000007111eda18}: 'void java.lang.invoke.DirectMethodHandle$Holder.invokeSpecial(java.lang.Object, java.lang.Object, java.lang.Object, java.lang.Object, java.lang.Object, java.lang.Object)'> (0x00000007111eda18) 
thrown [./src/hotspot/share/interpreter/linkResolver.cpp, line 772]
Event: 2,540 Thread 0x00007482404240f0 Exception <a 'java/lang/NoSuchMethodError'{0x0000000718edd918}: 'long java.lang.invoke.DirectMethodHandle$Holder.invokeStatic(java.lang.Object, java.lang.Object, java.lang.Object)'> (0x0000000718edd918) 
thrown [./src/hotspot/share/interpreter/linkResolver.cpp, line 772]
Event: 2,540 Thread 0x00007482404240f0 Exception <a 'java/lang/NoSuchMethodError'{0x0000000718ee0cf8}: 'long java.lang.invoke.DirectMethodHandle$Holder.invokeStaticInit(java.lang.Object, java.lang.Object, java.lang.Object)'> (0x0000000718ee0cf8) 
thrown [./src/hotspot/share/interpreter/linkResolver.cpp, line 772]
Event: 2,762 Thread 0x0000748240259a70 Exception <a 'java/lang/NoSuchMethodError'{0x00000007119716a8}: 'java.lang.Object java.lang.invoke.DirectMethodHandle$Holder.invokeStaticInit(java.lang.Object, int)'> (0x00000007119716a8) 
thrown [./src/hotspot/share/interpreter/linkResolver.cpp, line 772]
Event: 4,848 Thread 0x00007482404240f0 Implicit null exception at 0x00007482306215cb to 0x0000748230629490
Event: 4,873 Thread 0x00007482404240f0 Implicit null exception at 0x00007482304e3008 to 0x00007482304e3aa0

ZGC Phase Switch (0 events):
No events

VM Operations (20 events):
Event: 4,895 Executing safepoint VM operation: ICBufferFull
Event: 4,896 Executing safepoint VM operation: ICBufferFull done
Event: 4,909 Executing non-safepoint VM operation: HandshakeAllThreads (Deoptimize)
Event: 4,909 Executing non-safepoint VM operation: HandshakeAllThreads (Deoptimize) done
Event: 4,910 Executing non-safepoint VM operation: HandshakeAllThreads (Deoptimize)
Event: 4,910 Executing non-safepoint VM operation: HandshakeAllThreads (Deoptimize) done
Event: 5,078 Executing safepoint VM operation: ICBufferFull
Event: 5,078 Executing safepoint VM operation: ICBufferFull done
Event: 6,078 Executing safepoint VM operation: Cleanup
Event: 6,078 Executing safepoint VM operation: Cleanup done
Event: 6,603 Executing non-safepoint VM operation: HandshakeAllThreads (Deoptimize)
Event: 6,603 Executing non-safepoint VM operation: HandshakeAllThreads (Deoptimize) done
Event: 6,606 Executing non-safepoint VM operation: HandshakeAllThreads (Deoptimize)
Event: 6,607 Executing non-safepoint VM operation: HandshakeAllThreads (Deoptimize) done
Event: 7,607 Executing safepoint VM operation: Cleanup
Event: 7,607 Executing safepoint VM operation: Cleanup done
Event: 8,607 Executing safepoint VM operation: Cleanup
Event: 8,607 Executing safepoint VM operation: Cleanup done
Event: 9,607 Executing safepoint VM operation: Cleanup
Event: 9,607 Executing safepoint VM operation: Cleanup done

Memory protections (20 events):
Event: 0,043 Protecting memory [0x000074822422f000,0x0000748224233000] with protection modes 0
Event: 0,073 Protecting memory [0x000074822412f000,0x0000748224133000] with protection modes 0
Event: 0,075 Protecting memory [0x000074822402f000,0x0000748224033000] with protection modes 0
Event: 0,128 Protecting memory [0x0000748215f00000,0x0000748215f04000] with protection modes 0
Event: 0,201 Protecting memory [0x0000748215e00000,0x0000748215e04000] with protection modes 0
Event: 0,409 Protecting memory [0x0000748172a5c000,0x0000748172a60000] with protection modes 0
Event: 0,411 Protecting memory [0x000074817295c000,0x0000748172960000] with protection modes 0
Event: 0,465 Protecting memory [0x0000748170682000,0x0000748170686000] with protection modes 0
Event: 0,541 Protecting memory [0x000074817015b000,0x000074817015f000] with protection modes 0
Event: 0,551 Protecting memory [0x000074817005b000,0x000074817005f000] with protection modes 0
Event: 0,602 Protecting memory [0x0000748244002000,0x0000748244003000] with protection modes 1
Event: 1,606 Protecting memory [0x000074814d5da000,0x000074814d5de000] with protection modes 0
Event: 1,799 Protecting memory [0x000074814d3fa000,0x000074814d3fe000] with protection modes 0
Event: 1,923 Protecting memory [0x000074814d17b000,0x000074814d17f000] with protection modes 0
Event: 2,724 Protecting memory [0x00007480fff00000,0x00007480fff04000] with protection modes 0
Event: 2,889 Protecting memory [0x00007480fe900000,0x00007480fe904000] with protection modes 0
Event: 4,856 Protecting memory [0x000074822412f000,0x0000748224133000] with protection modes 0
Event: 4,894 Protecting memory [0x000074822402f000,0x0000748224033000] with protection modes 0
Event: 6,608 Protecting memory [0x000074822412f000,0x0000748224133000] with protection modes 0
Event: 6,615 Protecting memory [0x000074822402f000,0x0000748224033000] with protection modes 0

Nmethod flushes (0 events):
No events

Events (20 events):
Event: 0,409 Thread 0x000074824001b870 Thread added: 0x0000748240428380
Event: 0,411 Thread 0x000074824001b870 Thread added: 0x00007482404240f0
Event: 0,465 Thread 0x000074824001b870 Thread added: 0x00007482403d8070
Event: 0,541 Thread 0x00007482404240f0 Thread added: 0x000074816419ac40
Event: 0,551 Thread 0x00007482404240f0 Thread added: 0x000074816419e410
Event: 1,606 Thread 0x00007482404240f0 Thread added: 0x00007481660cb8c0
Event: 1,799 Thread 0x00007482404240f0 Thread added: 0x0000748166135430
Event: 1,923 Thread 0x00007482404240f0 Thread added: 0x0000748166251ff0
Event: 2,724 Thread 0x0000748240259a70 Thread added: 0x0000748191095210
Event: 2,889 Thread 0x0000748166135430 Thread added: 0x000074810803d620
Event: 3,412 Thread 0x000074819c0847c0 Thread exited: 0x000074819c0847c0
Event: 3,695 Thread 0x000074819c082fd0 Thread exited: 0x000074819c082fd0
Event: 4,856 Thread 0x0000748240159ba0 Thread added: 0x000074819c5a3df0
Event: 4,894 Thread 0x0000748240159ba0 Thread added: 0x000074819c5a7a60
Event: 5,282 Thread 0x000074819c5a7a60 Thread exited: 0x000074819c5a7a60
Event: 5,998 Thread 0x000074819c5a3df0 Thread exited: 0x000074819c5a3df0
Event: 6,608 Thread 0x0000748240159ba0 Thread added: 0x000074819c12ff80
Event: 6,615 Thread 0x0000748240159ba0 Thread added: 0x000074819c1d3d00
Event: 6,816 Thread 0x000074819c1d3d00 Thread exited: 0x000074819c1d3d00
Event: 6,816 Thread 0x000074819c12ff80 Thread exited: 0x000074819c12ff80


Dynamic libraries:
70f800000-713800000 rw-p 00000000 00:00 0 
713800000-718e00000 ---p 00000000 00:00 0 
718e00000-719a00000 rw-p 00000000 00:00 0 
719a00000-71e600000 ---p 00000000 00:00 0 
71e600000-71ea00000 rw-p 00000000 00:00 0 
71ea00000-7ff800000 ---p 00000000 00:00 0 
7ff800000-7ffe00000 rw-p 00000000 00:00 0 
7ffe00000-7fff0d000 rw-p 00cdb000 fc:01 15864276                         /usr/lib/jvm/java-21-openjdk-amd64/lib/server/classes.jsa
7fff0d000-800000000 rw-p 00000000 00:00 0 
5c89117e5000-5c89117e6000 r--p 00000000 fc:01 15864186                   /usr/lib/jvm/java-21-openjdk-amd64/bin/java
5c89117e6000-5c89117e7000 r-xp 00001000 fc:01 15864186                   /usr/lib/jvm/java-21-openjdk-amd64/bin/java
5c89117e7000-5c89117e8000 r--p 00002000 fc:01 15864186                   /usr/lib/jvm/java-21-openjdk-amd64/bin/java
5c89117e8000-5c89117e9000 r--p 00002000 fc:01 15864186                   /usr/lib/jvm/java-21-openjdk-amd64/bin/java
5c89117e9000-5c89117ea000 rw-p 00003000 fc:01 15864186                   /usr/lib/jvm/java-21-openjdk-amd64/bin/java
5c89473d9000-5c8947421000 rw-p 00000000 00:00 0                          [heap]
7480e0000000-7480e0021000 rw-p 00000000 00:00 0 
7480e0021000-7480e4000000 ---p 00000000 00:00 0 
7480e4000000-7480e4021000 rw-p 00000000 00:00 0 
7480e4021000-7480e8000000 ---p 00000000 00:00 0 
7480e8000000-7480e8021000 rw-p 00000000 00:00 0 
7480e8021000-7480ec000000 ---p 00000000 00:00 0 
7480ec000000-7480ec021000 rw-p 00000000 00:00 0 
7480ec021000-7480f0000000 ---p 00000000 00:00 0 
7480f2fff000-7480f31ff000 rw-s 10a251000 00:11 1064                      anon_inode:i915.gem
7480f31ff000-7480f33ff000 rw-s 10a871000 00:11 1064                      anon_inode:i915.gem
7480f33ff000-7480f35ff000 rw-s 10a651000 00:11 1064                      anon_inode:i915.gem
7480f35ff000-7480f37ff000 rw-s 10a451000 00:11 1064                      anon_inode:i915.gem
7480f37ff000-7480f3800000 ---p 00000000 00:00 0 
7480f3800000-7480f4000000 rw-p 00000000 00:00 0 
7480f4000000-7480f4021000 rw-p 00000000 00:00 0 
7480f4021000-7480f8000000 ---p 00000000 00:00 0 
7480f83fe000-7480f83ff000 ---p 00000000 00:00 0 
7480f83ff000-7480f8bff000 rw-p 00000000 00:00 0 
7480f8bff000-7480f8c00000 ---p 00000000 00:00 0 
7480f8c00000-7480f9400000 rw-p 00000000 00:00 0 
7480f9400000-7480fd400000 rw-s 00000000 00:01 9799                       /memfd:pulseaudio (deleted)
7480fd400000-7480fe815000 r--p 00000000 fc:01 14556325                   /usr/share/fonts/truetype/arphic/uming.ttc
7480fe900000-7480fe904000 ---p 00000000 00:00 0 
7480fe904000-7480fea00000 rw-p 00000000 00:00 0 
7480fea00000-7480ffe15000 r--p 00000000 fc:01 14556325                   /usr/share/fonts/truetype/arphic/uming.ttc
7480fff00000-7480fff04000 ---p 00000000 00:00 0 
7480fff04000-748100000000 rw-p 00000000 00:00 0 
748100000000-748100021000 rw-p 00000000 00:00 0 
748100021000-748104000000 ---p 00000000 00:00 0 
748104000000-748104021000 rw-p 00000000 00:00 0 
748104021000-748108000000 ---p 00000000 00:00 0 
748108000000-748108043000 rw-p 00000000 00:00 0 
748108043000-74810c000000 ---p 00000000 00:00 0 
74810c000000-74810c021000 rw-p 00000000 00:00 0 
74810c021000-748110000000 ---p 00000000 00:00 0 
748110000000-748110021000 rw-p 00000000 00:00 0 
748110021000-748114000000 ---p 00000000 00:00 0 
748114000000-74811442c000 rw-p 00000000 00:00 0 
74811442c000-748118000000 ---p 00000000 00:00 0 
748118000000-748118021000 rw-p 00000000 00:00 0 
748118021000-74811c000000 ---p 00000000 00:00 0 
74811c000000-74811c021000 rw-p 00000000 00:00 0 
74811c021000-748120000000 ---p 00000000 00:00 0 
7481200e3000-7481202e3000 rw-s 10a051000 00:11 1064                      anon_inode:i915.gem
7481202e3000-7481204e3000 rw-s 10774b000 00:11 1064                      anon_inode:i915.gem
7481204e3000-748120600000 r--p 00000000 fc:01 15746774                   /usr/share/fonts/truetype/unfonts-core/UnGraphicBold.ttf
748120600000-7481209e2000 r--p 00000000 fc:01 15746772                   /usr/share/fonts/truetype/unfonts-core/UnDotumBold.ttf
748120a00000-748120fd2000 r--p 00000000 fc:01 15876667                   /usr/share/fonts/opentype/ipaexfont-gothic/ipaexg.ttf
748121000000-7481212ed000 r--p 00000000 fc:01 15876238                   /usr/share/fonts/truetype/baekmuk/dotum.ttf
7481212fd000-74812131d000 rw-s 10ad31000 00:11 1064                      anon_inode:i915.gem
74812132d000-74812133d000 rw-s 10ab11000 00:11 1064                      anon_inode:i915.gem
74812133d000-74812134d000 rw-s 10ab01000 00:11 1064                      anon_inode:i915.gem
74812134f000-748121353000 rw-s 1025d2000 00:11 1064                      anon_inode:i915.gem
748121353000-748121363000 rw-s 10aae1000 00:11 1064                      anon_inode:i915.gem
748121363000-748121373000 rw-s 10a861000 00:11 1064                      anon_inode:i915.gem
748121374000-74812137c000 rw-s 10263e000 00:11 1064                      anon_inode:i915.gem
748121384000-748121388000 rw-s 105d2f000 00:11 1064                      anon_inode:i915.gem
748121388000-748121398000 rw-s 10a851000 00:11 1064                      anon_inode:i915.gem
7481213a0000-7481213b0000 rw-s 10ad51000 00:11 1064                      anon_inode:i915.gem
7481213b0000-7481213c0000 rw-s 107faf000 00:11 1064                      anon_inode:i915.gem
7481213c0000-7481213d0000 rw-s 105d1b000 00:11 1064                      anon_inode:i915.gem
7481213d0000-7481213e0000 rw-s 1013b1000 00:11 1064                      anon_inode:i915.gem
7481213e0000-748121400000 rw-s 109fe1000 00:11 1064                      anon_inode:i915.gem
748121400000-748122815000 r--p 00000000 fc:01 14556325                   /usr/share/fonts/truetype/arphic/uming.ttc
748122819000-748122839000 rw-s 105b6b000 00:11 1064                      anon_inode:i915.gem
748122839000-7481228b9000 rw-s 104c8b000 00:11 1064                      anon_inode:i915.gem
7481228b9000-748122949000 r--p 00000000 fc:01 14549492                   /usr/share/fonts/truetype/noto/NotoSerifTibetan-Bold.ttf
748122949000-748122a00000 r--p 00000000 fc:01 15876863                   /usr/share/fonts/truetype/andika/Andika-Bold.ttf
748122a00000-748123e15000 r--p 00000000 fc:01 14556325                   /usr/share/fonts/truetype/arphic/uming.ttc
748123e21000-748123e31000 rw-s 10231e000 00:11 1064                      anon_inode:i915.gem
748123e31000-748123e41000 rw-s 1054f7000 00:11 1064                      anon_inode:i915.gem
748123e41000-748123e61000 rw-s 104d0b000 00:11 1064                      anon_inode:i915.gem
748123e61000-748123e71000 rw-s 10262a000 00:11 1064                      anon_inode:i915.gem
748123e71000-748123e73000 r--p 00000000 fc:01 14435388                   /usr/lib/x86_64-linux-gnu/libcanberra-0.30/libcanberra-pulse.so
748123e73000-748123e77000 r-xp 00002000 fc:01 14435388                   /usr/lib/x86_64-linux-gnu/libcanberra-0.30/libcanberra-pulse.so
748123e77000-748123e78000 r--p 00006000 fc:01 14435388                   /usr/lib/x86_64-linux-gnu/libcanberra-0.30/libcanberra-pulse.so
748123e78000-748123e79000 r--p 00006000 fc:01 14435388                   /usr/lib/x86_64-linux-gnu/libcanberra-0.30/libcanberra-pulse.so
748123e79000-748123e7a000 rw-p 00007000 fc:01 14435388                   /usr/lib/x86_64-linux-gnu/libcanberra-0.30/libcanberra-pulse.so
748123e7a000-748123eba000 r--p 00000000 fc:01 14549400                   /usr/share/fonts/truetype/noto/NotoSansSymbols-Bold.ttf
748123eba000-748123f68000 r--p 00000000 fc:01 14549146                   /usr/share/fonts/truetype/dejavu/DejaVuSans-Bold.ttf
748123f68000-748123f9a000 r--p 00000000 fc:01 14549414                   /usr/share/fonts/truetype/noto/NotoSansTelugu-Bold.ttf
748123f9a000-748123fad000 r--p 00000000 fc:01 14549411                   /usr/share/fonts/truetype/noto/NotoSansTamil-Bold.ttf
748123fad000-748124000000 r--p 00000000 fc:01 14549391                   /usr/share/fonts/truetype/noto/NotoSansSinhala-Bold.ttf
748124000000-748128000000 rw-s 00000000 00:01 14409                      /memfd:pulseaudio (deleted)
748128000000-748128021000 rw-p 00000000 00:00 0 
748128021000-74812c000000 ---p 00000000 00:00 0 
74812c000000-74812c021000 rw-p 00000000 00:00 0 
74812c021000-748130000000 ---p 00000000 00:00 0 
748130000000-748130021000 rw-p 00000000 00:00 0 
748130021000-748134000000 ---p 00000000 00:00 0 
748134000000-748134021000 rw-p 00000000 00:00 0 
748134021000-748138000000 ---p 00000000 00:00 0 
748138000000-748138021000 rw-p 00000000 00:00 0 
748138021000-74813c000000 ---p 00000000 00:00 0 
74813c000000-74813c021000 rw-p 00000000 00:00 0 
74813c021000-748140000000 ---p 00000000 00:00 0 
748140000000-748140021000 rw-p 00000000 00:00 0 
748140021000-748144000000 ---p 00000000 00:00 0 
748144000000-748144021000 rw-p 00000000 00:00 0 
748144021000-748148000000 ---p 00000000 00:00 0 
748148000000-748148021000 rw-p 00000000 00:00 0 
748148021000-74814c000000 ---p 00000000 00:00 0 
74814c001000-74814c005000 r--p 00000000 fc:01 14549479                   /usr/share/fonts/truetype/noto/NotoSerifNyiakengPuachueHmong-Bold.ttf
74814c005000-74814c00f000 r--p 00000000 fc:01 14549418                   /usr/share/fonts/truetype/noto/NotoSansThai-Bold.ttf
74814c00f000-74814c027000 r--p 00000000 fc:01 14549407                   /usr/share/fonts/truetype/noto/NotoSansTaiTham-Bold.ttf
74814c027000-74814c02d000 r--p 00000000 fc:01 14549397                   /usr/share/fonts/truetype/noto/NotoSansSundanese-Bold.ttf
74814c02d000-74814c044000 r--p 00000000 fc:01 14549373                   /usr/share/fonts/truetype/noto/NotoSansOriya-Bold.ttf
74814c044000-74814c078000 r--p 00000000 fc:01 14549355                   /usr/share/fonts/truetype/noto/NotoSansMyanmar-Bold.ttf
74814c078000-74814c07d000 r--p 00000000 fc:01 14549344                   /usr/share/fonts/truetype/noto/NotoSansMeeteiMayek-Bold.ttf
74814c07d000-74814c085000 r--p 00000000 fc:01 14549342                   /usr/share/fonts/truetype/noto/NotoSansMedefaidrin-Bold.ttf
74814c085000-74814c0a2000 r--p 00000000 fc:01 14549334                   /usr/share/fonts/truetype/noto/NotoSansMalayalam-Bold.ttf
74814c0a2000-74814c0aa000 r--p 00000000 fc:01 14549323                   /usr/share/fonts/truetype/noto/NotoSansLao-Bold.ttf
74814c0aa000-74814c0c6000 r--p 00000000 fc:01 14549319                   /usr/share/fonts/truetype/noto/NotoSansKhmer-Bold.ttf
74814c0c6000-74814c0ed000 r--p 00000000 fc:01 14549314                   /usr/share/fonts/truetype/noto/NotoSansKannada-Bold.ttf
74814c0ed000-74814c10b000 r--p 00000000 fc:01 14549311                   /usr/share/fonts/truetype/noto/NotoSansJavanese-Bold.ttf
74814c10b000-74814c112000 r--p 00000000 fc:01 14549305                   /usr/share/fonts/truetype/noto/NotoSansHebrew-Bold.ttf
74814c112000-74814c11f000 r--p 00000000 fc:01 14549299                   /usr/share/fonts/truetype/noto/NotoSansGurmukhi-Bold.ttf
74814c11f000-74814c151000 r--p 00000000 fc:01 14549296                   /usr/share/fonts/truetype/noto/NotoSansGujarati-Bold.ttf
74814c151000-74814c15f000 r--p 00000000 fc:01 14549291                   /usr/share/fonts/truetype/noto/NotoSansGeorgian-Bold.ttf
74814c15f000-74814c1b3000 r--p 00000000 fc:01 14549289                   /usr/share/fonts/truetype/noto/NotoSansEthiopic-Bold.ttf
74814c1b3000-74814c1ee000 r--p 00000000 fc:01 14549279                   /usr/share/fonts/truetype/noto/NotoSansDevanagari-Bold.ttf
74814c1ee000-74814c209000 r--p 00000000 fc:01 14549273                   /usr/share/fonts/truetype/noto/NotoSansCherokee-Bold.ttf
74814c209000-74814c211000 r--p 00000000 fc:01 14549271                   /usr/share/fonts/truetype/noto/NotoSansCham-Bold.ttf
74814c211000-74814c227000 r--p 00000000 fc:01 14549266                   /usr/share/fonts/truetype/noto/NotoSansCanadianAboriginal-Bold.ttf
74814c227000-74814c25b000 r--p 00000000 fc:01 14549260                   /usr/share/fonts/truetype/noto/NotoSansBengali-Bold.ttf
74814c25b000-74814c293000 r--p 00000000 fc:01 14549256                   /usr/share/fonts/truetype/noto/NotoSansBamum-Bold.ttf
74814c293000-74814c2aa000 r--p 00000000 fc:01 14549254                   /usr/share/fonts/truetype/noto/NotoSansBalinese-Bold.ttf
74814c2aa000-74814c34b000 r--p 00000000 fc:01 14549402                   /usr/share/fonts/truetype/noto/NotoSansSymbols2-Regular.ttf
74814c34b000-74814c400000 r--p 00000000 fc:01 15876866                   /usr/share/fonts/truetype/andika/Andika-Regular.ttf
74814c400000-74814c778000 r--p 00000000 fc:01 15746771                   /usr/share/fonts/truetype/unfonts-core/UnDotum.ttf
74814c778000-74814c779000 rw-s 102646000 00:11 1064                      anon_inode:i915.gem
74814c779000-74814c77a000 rw-s 101770000 00:11 1064                      anon_inode:i915.gem
74814c77a000-74814c77b000 rw-s 1051af000 00:11 1064                      anon_inode:i915.gem
74814c77b000-74814c783000 r--p 00000000 fc:01 14549251                   /usr/share/fonts/truetype/noto/NotoSansArmenian-Bold.ttf
74814c783000-74814c7c1000 r--p 00000000 fc:01 14549249                   /usr/share/fonts/truetype/noto/NotoSansArabic-Bold.ttf
74814c7c1000-74814c7d9000 r--p 00000000 fc:01 14549244                   /usr/share/fonts/truetype/noto/NotoSansAdlam-Bold.ttf
74814c7d9000-74814c80c000 r--p 00000000 fc:01 14549065                   /usr/share/fonts/truetype/libreoffice/opens___.ttf
74814c80c000-74814c8c6000 r--p 00000000 fc:01 14549156                   /usr/share/fonts/truetype/dejavu/DejaVuSans.ttf
74814c8c6000-74814c957000 r--p 00000000 fc:01 14549340                   /usr/share/fonts/truetype/noto/NotoSansMath-Regular.ttf
74814c957000-74814c95c000 r--p 00000000 fc:01 14549438                   /usr/share/fonts/truetype/noto/NotoSansZanabazarSquare-Regular.ttf
74814c95c000-74814c989000 r--p 00000000 fc:01 14549437                   /usr/share/fonts/truetype/noto/NotoSansYi-Regular.ttf
74814c989000-74814c990000 r--p 00000000 fc:01 14549436                   /usr/share/fonts/truetype/noto/NotoSansWarangCiti-Regular.ttf
74814c990000-74814c995000 r--p 00000000 fc:01 14549435                   /usr/share/fonts/truetype/noto/NotoSansWancho-Regular.ttf
74814c995000-74814c9ac000 r--p 00000000 fc:01 14549434                   /usr/share/fonts/truetype/noto/NotoSansVai-Regular.ttf
74814c9ac000-74814c9c4000 r--p 00000000 fc:01 14549432                   /usr/share/fonts/truetype/noto/NotoSansTirhuta-Regular.ttf
74814c9c4000-74814c9ce000 r--p 00000000 fc:01 14549420                   /usr/share/fonts/truetype/noto/NotoSansTifinagh-Regular.ttf
74814c9ce000-74814c9d8000 r--p 00000000 fc:01 14549419                   /usr/share/fonts/truetype/noto/NotoSansThai-Regular.ttf
74814c9d8000-74814ca08000 r--p 00000000 fc:01 14549415                   /usr/share/fonts/truetype/noto/NotoSansTelugu-Regular.ttf
74814ca08000-74814ca0e000 r--p 00000000 fc:01 14549410                   /usr/share/fonts/truetype/noto/NotoSansTakri-Regular.ttf
74814ca0e000-74814ca20000 r--p 00000000 fc:01 14549412                   /usr/share/fonts/truetype/noto/NotoSansTamil-Regular.ttf
74814ca20000-74814ca28000 r--p 00000000 fc:01 14549409                   /usr/share/fonts/truetype/noto/NotoSansTaiViet-Regular.ttf
74814ca28000-74814ca40000 r--p 00000000 fc:01 14549408                   /usr/share/fonts/truetype/noto/NotoSansTaiTham-Regular.ttf
74814ca40000-74814ca7a000 r--p 00000000 fc:01 14549403                   /usr/share/fonts/truetype/noto/NotoSansSyriac-Regular.ttf
74814ca7a000-74814ca80000 r--p 00000000 fc:01 14549398                   /usr/share/fonts/truetype/noto/NotoSansSundanese-Regular.ttf
74814ca80000-74814ca91000 r--p 00000000 fc:01 14549396                   /usr/share/fonts/truetype/noto/NotoSansSoyombo-Regular.ttf
74814ca91000-74814cadd000 r--p 00000000 fc:01 14549392                   /usr/share/fonts/truetype/noto/NotoSansSinhala-Regular.ttf
74814cadd000-74814cb00000 r--p 00000000 fc:01 14549389                   /usr/share/fonts/truetype/noto/NotoSansSiddham-Regular.ttf
74814cb00000-74814cb0d000 r--p 00000000 fc:01 14549387                   /usr/share/fonts/truetype/noto/NotoSansSharada-Regular.ttf
74814cb0d000-74814cb16000 r--p 00000000 fc:01 14549386                   /usr/share/fonts/truetype/noto/NotoSansSaurashtra-Regular.ttf
74814cb16000-74814cb19000 r--p 00000000 fc:01 14549384                   /usr/share/fonts/truetype/noto/NotoSansRunic-Regular.ttf
74814cb19000-74814cb23000 r--p 00000000 fc:01 14549380                   /usr/share/fonts/truetype/noto/NotoSansPhagsPa-Regular.ttf
74814cb23000-74814cb28000 r--p 00000000 fc:01 14549377                   /usr/share/fonts/truetype/noto/NotoSansPahawhHmong-Regular.ttf
74814cb28000-74814cb2e000 r--p 00000000 fc:01 14549375                   /usr/share/fonts/truetype/noto/NotoSansOsage-Regular.ttf
74814cb2e000-74814cb46000 r--p 00000000 fc:01 14549374                   /usr/share/fonts/truetype/noto/NotoSansOriya-Regular.ttf
74814cb46000-74814cb63000 r--p 00000000 fc:01 14549361                   /usr/share/fonts/truetype/noto/NotoSansNushu-Regular.ttf
74814cb63000-74814cb88000 r--p 00000000 fc:01 14549360                   /usr/share/fonts/truetype/noto/NotoSansNewa-Regular.ttf
74814cb88000-74814cb8d000 r--p 00000000 fc:01 14549359                   /usr/share/fonts/truetype/noto/NotoSansNewTaiLue-Regular.ttf
74814cb8d000-74814cb97000 r--p 00000000 fc:01 14549357                   /usr/share/fonts/truetype/noto/NotoSansNKo-Regular.ttf
74814cb97000-74814cbc7000 r--p 00000000 fc:01 14549356                   /usr/share/fonts/truetype/noto/NotoSansMyanmar-Regular.ttf
74814cbc7000-74814cc03000 r--p 00000000 fc:01 14549350                   /usr/share/fonts/truetype/noto/NotoSansMongolian-Regular.ttf
74814cc03000-74814cc0e000 r--p 00000000 fc:01 14549349                   /usr/share/fonts/truetype/noto/NotoSansModi-Regular.ttf
74814cc0e000-74814cc17000 r--p 00000000 fc:01 14549348                   /usr/share/fonts/truetype/noto/NotoSansMiao-Regular.ttf
74814cc17000-74814cc20000 r--p 00000000 fc:01 14549347                   /usr/share/fonts/truetype/noto/NotoSansMeroitic-Regular.ttf
74814cc20000-74814cc29000 r--p 00000000 fc:01 14549346                   /usr/share/fonts/truetype/noto/NotoSansMendeKikakui-Regular.ttf
74814cc29000-74814cc2e000 r--p 00000000 fc:01 14549345                   /usr/share/fonts/truetype/noto/NotoSansMeeteiMayek-Regular.ttf
74814cc2e000-74814cc36000 r--p 00000000 fc:01 14549343                   /usr/share/fonts/truetype/noto/NotoSansMedefaidrin-Regular.ttf
74814cc36000-74814cc3e000 r--p 00000000 fc:01 14549339                   /usr/share/fonts/truetype/noto/NotoSansMasaramGondi-Regular.ttf
74814cc3e000-74814cc5f000 r--p 00000000 fc:01 14549338                   /usr/share/fonts/truetype/noto/NotoSansMarchen-Regular.ttf
74814cc5f000-74814cc6c000 r--p 00000000 fc:01 14549337                   /usr/share/fonts/truetype/noto/NotoSansManichaean-Regular.ttf
74814cc6c000-74814cc87000 r--p 00000000 fc:01 14549335                   /usr/share/fonts/truetype/noto/NotoSansMalayalam-Regular.ttf
74814cc87000-74814cc97000 r--p 00000000 fc:01 14549328                   /usr/share/fonts/truetype/noto/NotoSansLinearB-Regular.ttf
74814cc97000-74814cca6000 r--p 00000000 fc:01 14549327                   /usr/share/fonts/truetype/noto/NotoSansLinearA-Regular.ttf
74814cca6000-74814ccaa000 r--p 00000000 fc:01 14549326                   /usr/share/fonts/truetype/noto/NotoSansLimbu-Regular.ttf
74814ccaa000-74814ccb0000 r--p 00000000 fc:01 14549325                   /usr/share/fonts/truetype/noto/NotoSansLepcha-Regular.ttf
74814ccb0000-74814ccb8000 r--p 00000000 fc:01 14549324                   /usr/share/fonts/truetype/noto/NotoSansLao-Regular.ttf
74814ccb8000-74814ccbd000 r--p 00000000 fc:01 14549322                   /usr/share/fonts/truetype/noto/NotoSansKhudawadi-Regular.ttf
74814ccbd000-74814cccd000 r--p 00000000 fc:01 14549321                   /usr/share/fonts/truetype/noto/NotoSansKhojki-Regular.ttf
74814cccd000-74814cce9000 r--p 00000000 fc:01 14549320                   /usr/share/fonts/truetype/noto/NotoSansKhmer-Regular.ttf
74814cce9000-74814ccf2000 r--p 00000000 fc:01 14549318                   /usr/share/fonts/truetype/noto/NotoSansKharoshthi-Regular.ttf
74814ccf2000-74814cd18000 r--p 00000000 fc:01 14549315                   /usr/share/fonts/truetype/noto/NotoSansKannada-Regular.ttf
74814cd18000-74814cd2f000 r--p 00000000 fc:01 14549313                   /usr/share/fonts/truetype/noto/NotoSansKaithi-Regular.ttf
74814cd2f000-74814cd4f000 r--p 00000000 fc:01 14549312                   /usr/share/fonts/truetype/noto/NotoSansJavanese-Regular.ttf
74814cd4f000-74814cd56000 r--p 00000000 fc:01 14549306                   /usr/share/fonts/truetype/noto/NotoSansHebrew-Regular.ttf
74814cd56000-74814cd63000 r--p 00000000 fc:01 14549300                   /usr/share/fonts/truetype/noto/NotoSansGurmukhi-Regular.ttf
74814cd63000-74814cd73000 r--p 00000000 fc:01 14549298                   /usr/share/fonts/truetype/noto/NotoSansGunjalaGondi-Regular.ttf
74814cd73000-74814cda6000 r--p 00000000 fc:01 14549297                   /usr/share/fonts/truetype/noto/NotoSansGujarati-Regular.ttf
74814cda6000-74814ce15000 r--p 00000000 fc:01 14549295                   /usr/share/fonts/truetype/noto/NotoSansGrantha-Regular.ttf
74814ce15000-74814ce1f000 r--p 00000000 fc:01 14549293                   /usr/share/fonts/truetype/noto/NotoSansGlagolitic-Regular.ttf
74814ce1f000-74814ce2c000 r--p 00000000 fc:01 14549292                   /usr/share/fonts/truetype/noto/NotoSansGeorgian-Regular.ttf
74814ce2c000-74814ce80000 r--p 00000000 fc:01 14549290                   /usr/share/fonts/truetype/noto/NotoSansEthiopic-Regular.ttf
74814ce80000-74814ce85000 r--p 00000000 fc:01 14549285                   /usr/share/fonts/truetype/noto/NotoSansDuployan-Regular.ttf
74814ce85000-74814cebd000 r--p 00000000 fc:01 14549280                   /usr/share/fonts/truetype/noto/NotoSansDevanagari-Regular.ttf
74814cebd000-74814cec2000 r--p 00000000 fc:01 14549278                   /usr/share/fonts/truetype/noto/NotoSansDeseret-Regular.ttf
74814cec2000-74814cec6000 r--p 00000000 fc:01 14549277                   /usr/share/fonts/truetype/noto/NotoSansCypriot-Regular.ttf
74814cec6000-74814cf8f000 r--p 00000000 fc:01 14549276                   /usr/share/fonts/truetype/noto/NotoSansCuneiform-Regular.ttf
74814cf8f000-74814cf9a000 r--p 00000000 fc:01 14549275                   /usr/share/fonts/truetype/noto/NotoSansCoptic-Regular.ttf
74814cf9a000-74814cfb2000 r--p 00000000 fc:01 14549274                   /usr/share/fonts/truetype/noto/NotoSansCherokee-Regular.ttf
74814cfb2000-74814cfba000 r--p 00000000 fc:01 14549272                   /usr/share/fonts/truetype/noto/NotoSansCham-Regular.ttf
74814cfba000-74814cfc9000 r--p 00000000 fc:01 14549270                   /usr/share/fonts/truetype/noto/NotoSansChakma-Regular.ttf
74814cfc9000-74814cfd0000 r--p 00000000 fc:01 14549269                   /usr/share/fonts/truetype/noto/NotoSansCaucasianAlbanian-Regular.ttf
74814cfd0000-74814cfe6000 r--p 00000000 fc:01 14549267                   /usr/share/fonts/truetype/noto/NotoSansCanadianAboriginal-Regular.ttf
74814cfe6000-74814cff1000 r--p 00000000 fc:01 14549263                   /usr/share/fonts/truetype/noto/NotoSansBrahmi-Regular.ttf
74814cff1000-74814d02e000 r--p 00000000 fc:01 14549262                   /usr/share/fonts/truetype/noto/NotoSansBhaiksuki-Regular.ttf
74814d02e000-74814d060000 r--p 00000000 fc:01 14549261                   /usr/share/fonts/truetype/noto/NotoSansBengali-Regular.ttf
74814d060000-74814d064000 r--p 00000000 fc:01 14549259                   /usr/share/fonts/truetype/noto/NotoSansBatak-Regular.ttf
74814d064000-74814d09c000 r--p 00000000 fc:01 14549257                   /usr/share/fonts/truetype/noto/NotoSansBamum-Regular.ttf
74814d09c000-74814d0b3000 r--p 00000000 fc:01 14549255                   /usr/share/fonts/truetype/noto/NotoSansBalinese-Regular.ttf
74814d0b3000-74814d0b9000 r--p 00000000 fc:01 14549253                   /usr/share/fonts/truetype/noto/NotoSansAvestan-Regular.ttf
74814d0b9000-74814d0c1000 r--p 00000000 fc:01 14549252                   /usr/share/fonts/truetype/noto/NotoSansArmenian-Regular.ttf
74814d0c1000-74814d0fd000 r--p 00000000 fc:01 14549250                   /usr/share/fonts/truetype/noto/NotoSansArabic-Regular.ttf
74814d0fd000-74814d17b000 r--p 00000000 fc:01 14549243                   /usr/share/fonts/truetype/noto/NotoSans-Regular.ttf
74814d17b000-74814d17f000 ---p 00000000 00:00 0 
74814d17f000-74814d27b000 rw-p 00000000 00:00 0 
74814d27b000-74814d2f9000 r--p 00000000 fc:01 14549240                   /usr/share/fonts/truetype/noto/NotoSans-Bold.ttf
74814d2f9000-74814d2fa000 ---p 00000000 00:00 0 
74814d2fa000-74814d3fa000 rw-p 00000000 00:00 0 
74814d3fa000-74814d3fe000 ---p 00000000 00:00 0 
74814d3fe000-74814d4fa000 rw-p 00000000 00:00 0 
74814d4fa000-74814d4fc000 r--p 00000000 fc:01 14424103                   /usr/lib/x86_64-linux-gnu/libuuid.so.1.3.0
74814d4fc000-74814d501000 r-xp 00002000 fc:01 14424103                   /usr/lib/x86_64-linux-gnu/libuuid.so.1.3.0
74814d501000-74814d502000 r--p 00007000 fc:01 14424103                   /usr/lib/x86_64-linux-gnu/libuuid.so.1.3.0
74814d502000-74814d503000 r--p 00007000 fc:01 14424103                   /usr/lib/x86_64-linux-gnu/libuuid.so.1.3.0
74814d503000-74814d504000 rw-p 00008000 fc:01 14424103                   /usr/lib/x86_64-linux-gnu/libuuid.so.1.3.0
74814d504000-74814d508000 r--p 00000000 fc:01 14433112                   /usr/lib/x86_64-linux-gnu/libICE.so.6.3.0
74814d508000-74814d517000 r-xp 00004000 fc:01 14433112                   /usr/lib/x86_64-linux-gnu/libICE.so.6.3.0
74814d517000-74814d51b000 r--p 00013000 fc:01 14433112                   /usr/lib/x86_64-linux-gnu/libICE.so.6.3.0
74814d51b000-74814d51c000 r--p 00016000 fc:01 14433112                   /usr/lib/x86_64-linux-gnu/libICE.so.6.3.0
74814d51c000-74814d51d000 rw-p 00017000 fc:01 14433112                   /usr/lib/x86_64-linux-gnu/libICE.so.6.3.0
74814d51d000-74814d520000 rw-p 00000000 00:00 0 
74814d520000-74814d522000 r--p 00000000 fc:01 14433117                   /usr/lib/x86_64-linux-gnu/libSM.so.6.0.1
74814d522000-74814d527000 r-xp 00002000 fc:01 14433117                   /usr/lib/x86_64-linux-gnu/libSM.so.6.0.1
74814d527000-74814d528000 r--p 00007000 fc:01 14433117                   /usr/lib/x86_64-linux-gnu/libSM.so.6.0.1
74814d528000-74814d529000 r--p 00008000 fc:01 14433117                   /usr/lib/x86_64-linux-gnu/libSM.so.6.0.1
74814d529000-74814d52a000 rw-p 00009000 fc:01 14433117                   /usr/lib/x86_64-linux-gnu/libSM.so.6.0.1
74814d52a000-74814d534000 r--p 00000000 fc:01 14433991                   /usr/lib/x86_64-linux-gnu/libxcb-xkb.so.1.0.0
74814d534000-74814d541000 r-xp 0000a000 fc:01 14433991                   /usr/lib/x86_64-linux-gnu/libxcb-xkb.so.1.0.0
74814d541000-74814d546000 r--p 00017000 fc:01 14433991                   /usr/lib/x86_64-linux-gnu/libxcb-xkb.so.1.0.0
74814d546000-74814d547000 r--p 0001b000 fc:01 14433991                   /usr/lib/x86_64-linux-gnu/libxcb-xkb.so.1.0.0
74814d547000-74814d548000 rw-p 0001c000 fc:01 14433991                   /usr/lib/x86_64-linux-gnu/libxcb-xkb.so.1.0.0
74814d548000-74814d55a000 r--p 00000000 fc:01 14433142                   /usr/lib/x86_64-linux-gnu/libXt.so.6.0.0
74814d55a000-74814d59d000 r-xp 00012000 fc:01 14433142                   /usr/lib/x86_64-linux-gnu/libXt.so.6.0.0
74814d59d000-74814d5ac000 r--p 00055000 fc:01 14433142                   /usr/lib/x86_64-linux-gnu/libXt.so.6.0.0
74814d5ac000-74814d5ad000 r--p 00064000 fc:01 14433142                   /usr/lib/x86_64-linux-gnu/libXt.so.6.0.0
74814d5ad000-74814d5b2000 rw-p 00065000 fc:01 14433142                   /usr/lib/x86_64-linux-gnu/libXt.so.6.0.0
74814d5b2000-74814d5b3000 rw-p 00000000 00:00 0 
74814d5b3000-74814d5b6000 r--p 00000000 fc:01 14433995                   /usr/lib/x86_64-linux-gnu/libxkbcommon-x11.so.0.0.0
74814d5b6000-74814d5ba000 r-xp 00003000 fc:01 14433995                   /usr/lib/x86_64-linux-gnu/libxkbcommon-x11.so.0.0.0
74814d5ba000-74814d5bb000 r--p 00007000 fc:01 14433995                   /usr/lib/x86_64-linux-gnu/libxkbcommon-x11.so.0.0.0
74814d5bb000-74814d5bc000 r--p 00008000 fc:01 14433995                   /usr/lib/x86_64-linux-gnu/libxkbcommon-x11.so.0.0.0
74814d5bc000-74814d5bd000 rw-p 00009000 fc:01 14433995                   /usr/lib/x86_64-linux-gnu/libxkbcommon-x11.so.0.0.0
74814d5bd000-74814d5c0000 r--p 00000000 fc:01 14549379                   /usr/share/fonts/truetype/noto/NotoSansPauCinHau-Regular.ttf
74814d5c0000-74814d5c2000 r--p 00000000 fc:01 14549258                   /usr/share/fonts/truetype/noto/NotoSansBassaVah-Regular.ttf
74814d5c2000-74814d5da000 r--p 00000000 fc:01 14549245                   /usr/share/fonts/truetype/noto/NotoSansAdlam-Regular.ttf
74814d5da000-74814d5de000 ---p 00000000 00:00 0 
74814d5de000-74814d6da000 rw-p 00000000 00:00 0 
74814d6da000-74814d735000 r--s 00000000 fc:01 25114854                   /home/bloch/.cache/fontconfig/2300eef321c393bfd76478a5c0e95b23-le64.cache-9
74814d735000-74814d736000 rw-s 100dd2000 00:11 1064                      anon_inode:i915.gem
74814d736000-74814d73a000 r-xp 00000000 fc:01 26232227                   /home/bloch/.openjfx/cache/21+31/amd64/libjavafx_font_pango.so
74814d73a000-74814d73b000 r--p 00003000 fc:01 26232227                   /home/bloch/.openjfx/cache/21+31/amd64/libjavafx_font_pango.so
74814d73b000-74814d73c000 rw-p 00004000 fc:01 26232227                   /home/bloch/.openjfx/cache/21+31/amd64/libjavafx_font_pango.so
74814d73c000-74814d749000 r-xp 00000000 fc:01 26086516                   /home/bloch/.gradle/caches/modules-2/files-2.1/com.github.kwhat/jnativehook/2.2.2/183dd1fb8927b008761802bb402629d5749b15d0/libJNativeHook-2.2.2.x86_64.so
74814d749000-74814d74a000 r--p 0000c000 fc:01 26086516                   /home/bloch/.gradle/caches/modules-2/files-2.1/com.github.kwhat/jnativehook/2.2.2/183dd1fb8927b008761802bb402629d5749b15d0/libJNativeHook-2.2.2.x86_64.so
74814d74a000-74814d74b000 rw-p 0000d000 fc:01 26086516                   /home/bloch/.gradle/caches/modules-2/files-2.1/com.github.kwhat/jnativehook/2.2.2/183dd1fb8927b008761802bb402629d5749b15d0/libJNativeHook-2.2.2.x86_64.so
74814d74b000-74814d74f000 r--p 00000000 fc:01 15864269                   /usr/lib/jvm/java-21-openjdk-amd64/lib/libverify.so
74814d74f000-74814d756000 r-xp 00004000 fc:01 15864269                   /usr/lib/jvm/java-21-openjdk-amd64/lib/libverify.so
74814d756000-74814d758000 r--p 0000b000 fc:01 15864269                   /usr/lib/jvm/java-21-openjdk-amd64/lib/libverify.so
74814d758000-74814d75a000 r--p 0000c000 fc:01 15864269                   /usr/lib/jvm/java-21-openjdk-amd64/lib/libverify.so
74814d75a000-74814d75b000 rw-p 0000e000 fc:01 15864269                   /usr/lib/jvm/java-21-openjdk-amd64/lib/libverify.so
74814d75b000-74814d761000 r--s 00000000 fc:01 11411785                   /var/cache/fontconfig/93a229ddef8289df64ac13624924bd14-le64.cache-9
74814d761000-74814d76f000 r--s 00000000 fc:01 25114856                   /home/bloch/.cache/fontconfig/a4e60e8d1e10d2fdff3fe3037a1845fb-le64.cache-9
74814d76f000-74814d770000 rw-s 1051b4000 00:11 1064                      anon_inode:i915.gem
74814d770000-74814d774000 r--s 00000000 fc:01 11411784                   /var/cache/fontconfig/62a296f92cd800a49657533f3dfe810f-le64.cache-9
74814d774000-74814d776000 r--s 00000000 fc:01 11411783                   /var/cache/fontconfig/2cce37071fd78829640a61fea3bb58f0-le64.cache-9
74814d776000-74814d77d000 r--s 00000000 fc:01 11411782                   /var/cache/fontconfig/6fe8b0d39a161d19087fe931545dda13-le64.cache-9
74814d77d000-74814d782000 r--s 00000000 fc:01 11408018                   /var/cache/fontconfig/6aa41aa22e18b8fa06a12da28ea9c28b-le64.cache-9
74814d782000-74814d78a000 r--s 00000000 fc:01 11411781                   /var/cache/fontconfig/63c7aca0c1b0a3f740ee470c2e28e675-le64.cache-9
74814d78a000-74814d793000 r--s 00000000 fc:01 11411780                   /var/cache/fontconfig/a6d8cf8e4ec09cdbc8633c31745a07dd-le64.cache-9
74814d793000-74814d79a000 r--s 00000000 fc:01 11411778                   /var/cache/fontconfig/270324a4f8f04b5b8e0371524e5a1fcd-le64.cache-9
74814d79a000-74814d7a0000 r--s 00000000 fc:01 11411776                   /var/cache/fontconfig/bbd3eebb6912613e2596f2fd46535a95-le64.cache-9
74814d7a0000-74814d815000 r--s 00000000 fc:01 11407739                   /var/cache/fontconfig/0bd3dc0958fa2205aaaa8ebb13e2872b-le64.cache-9
74814d815000-74814d81d000 r--s 00000000 fc:01 25114852                   /home/bloch/.cache/fontconfig/3047814df9a2f067bd2d96a2b9c36e5a-le64.cache-9
74814d81e000-74814d820000 r--s 00000000 fc:01 11411777                   /var/cache/fontconfig/767a8244fc0220cfb567a839d0392e0b-le64.cache-9
74814d820000-74814d825000 r--s 00000000 fc:01 11411064                   /var/cache/fontconfig/c57959a16110560c8d0fcea73374aeeb-le64.cache-9
74814d825000-74814d82e000 r--s 00000000 fc:01 11411775                   /var/cache/fontconfig/bf3b770c553c462765856025a94f1ce6-le64.cache-9
74814d82e000-74814d830000 r--s 00000000 fc:01 11411774                   /var/cache/fontconfig/80358e851108c3c2b55d9b5798e93f85-le64.cache-9
74814d830000-74814d834000 r--s 00000000 fc:01 11411773                   /var/cache/fontconfig/715927c029ee5789f7bcbe92036c8d73-le64.cache-9
74814d834000-74814d838000 r--s 00000000 fc:01 11411772                   /var/cache/fontconfig/e49e89034d371f0f9de17aab02136486-le64.cache-9
74814d838000-74814d83a000 r--s 00000000 fc:01 11411771                   /var/cache/fontconfig/4b14b093aebc79c320de5e86ae1d3314-le64.cache-9
74814d83a000-74814d851000 r--s 00000000 fc:01 11411770                   /var/cache/fontconfig/d52a8644073d54c13679302ca1180695-le64.cache-9
74814d851000-74814d858000 r--s 00000000 fc:01 11411768                   /var/cache/fontconfig/75ad6aa2358a85f0de2c8ee4837e8227-le64.cache-9
74814d858000-74814d865000 r--s 00000000 fc:01 11411767                   /var/cache/fontconfig/d589a48862398ed80a3d6066f4f56f4c-le64.cache-9
74814d865000-74814d869000 r--s 00000000 fc:01 11411766                   /var/cache/fontconfig/246184dc75a16901ca37d96895904249-le64.cache-9
74814d869000-74814d86f000 r--s 00000000 fc:01 11411765                   /var/cache/fontconfig/b25010134a2e462c779c1c1d5ccbff7b-le64.cache-9
74814d86f000-74814d871000 r--s 00000000 fc:01 11411764                   /var/cache/fontconfig/423767150eb258c59035de29db6fca84-le64.cache-9
74814d871000-74814d875000 r--s 00000000 fc:01 11411763                   /var/cache/fontconfig/747030b94f39446b354ceb1e1acd0890-le64.cache-9
74814d875000-74814d878000 r--s 00000000 fc:01 11411762                   /var/cache/fontconfig/7ced87123e2d184881c6610d82463bf1-le64.cache-9
74814d878000-74814d87b000 r--s 00000000 fc:01 11411760                   /var/cache/fontconfig/6386b86020ecc1ef9690bb720a13964f-le64.cache-9
74814d87b000-74814d87d000 r--s 00000000 fc:01 11411759                   /var/cache/fontconfig/099525ddca5eae4f2477b69cf2d7f16d-le64.cache-9
74814d87d000-74814d87f000 r--s 00000000 fc:01 11411758                   /var/cache/fontconfig/61092ac79d9058a69eda095afa0a78f1-le64.cache-9
74814d87f000-74814d892000 r--s 00000000 fc:01 11411753                   /var/cache/fontconfig/198d8fcf01c96d0cf813f74fd759bdb7-le64.cache-9
74814d892000-74814d8a1000 r--s 00000000 fc:01 25114844                   /home/bloch/.cache/fontconfig/6cc790b63b123a6a96ee260fcdad32a9-le64.cache-9
74814d8a1000-74814d8a2000 r--s 00000000 fc:01 11420387                   /var/cache/fontconfig/da43223dd54fb3bb4243ae19d4b583b2-le64.cache-9
74814d8a2000-74814d8a4000 r--s 00000000 fc:01 11411757                   /var/cache/fontconfig/a722efc6911bbe16667b1a77497ffd37-le64.cache-9
74814d8a4000-74814d8a6000 r--s 00000000 fc:01 11411756                   /var/cache/fontconfig/d63fdd8e0f42559533dd777c334fdfcc-le64.cache-9
74814d8a6000-74814d8ae000 r--s 00000000 fc:01 11411755                   /var/cache/fontconfig/089dead882dea3570ffc31a9898cfb69-le64.cache-9
74814d8ae000-74814d8b1000 r--s 00000000 fc:01 11411754                   /var/cache/fontconfig/bfc3d88043f4e56c1d755b876167bb77-le64.cache-9
74814d8b1000-74814d8ca000 r--s 00000000 fc:01 11411752                   /var/cache/fontconfig/da82082e1ef13c4097208324d67c180c-le64.cache-9
74814d8ca000-74814d8db000 r--s 00000000 fc:01 25114839                   /home/bloch/.cache/fontconfig/9b89f8e3dae116d678bbf48e5f21f69b-le64.cache-9
74814d8db000-74814d8dc000 r--s 00000000 fc:01 25114847                   /home/bloch/.cache/fontconfig/3f7329c5293ffd510edef78f73874cfd-le64.cache-9
74814d8dc000-74814d8df000 r--s 00000000 fc:01 11411750                   /var/cache/fontconfig/75114ca45c98e8a441da0ff356701271-le64.cache-9
74814d8df000-74814d8ec000 r--s 00000000 fc:01 11411749                   /var/cache/fontconfig/83bf95040141907cd45bb53cf7c1c148-le64.cache-9
74814d8ec000-74814d8ef000 r--s 00000000 fc:01 11411744                   /var/cache/fontconfig/c67395ae27c12661fddd23da86d5de13-le64.cache-9
74814d8ef000-74814d8f7000 r--s 00000000 fc:01 11411741                   /var/cache/fontconfig/53d14c92082a93e67d5078324eb314ca-le64.cache-9
74814d8f7000-74814d8fb000 r--s 00000000 fc:01 11411740                   /var/cache/fontconfig/6c08beecf0dac481ec92e759e0c2e6d7-le64.cache-9
74814d8fb000-74814d8ff000 r--s 00000000 fc:01 11411739                   /var/cache/fontconfig/4d6aee6d44eccb37054d3216e945f618-le64.cache-9
74814d8ff000-74814d900000 ---p 00000000 00:00 0 
74814d900000-74814da00000 rw-p 00000000 00:00 0 
74814da00000-74814daf8000 r-xp 00000000 fc:01 11796676                   /tmp/sqlite-3.45.1.0-ea943f06-6210-4666-9086-c65803a9ce08-libsqlitejdbc.so
74814daf8000-74814dcf8000 ---p 000f8000 fc:01 11796676                   /tmp/sqlite-3.45.1.0-ea943f06-6210-4666-9086-c65803a9ce08-libsqlitejdbc.so
74814dcf8000-74814dd00000 rw-p 000f8000 fc:01 11796676                   /tmp/sqlite-3.45.1.0-ea943f06-6210-4666-9086-c65803a9ce08-libsqlitejdbc.so
74814dd00000-74814dd01000 r--s 00000000 fc:01 11411769                   /var/cache/fontconfig/8a687c406b77f27d99abfeeba937fcce-le64.cache-9
74814dd01000-74814dd05000 r--s 00000000 fc:01 11411738                   /var/cache/fontconfig/d6c6df98c3df5faf9bd0f8ef4d91efe5-le64.cache-9
74814dd05000-74814dd09000 r--s 00000000 fc:01 11411737                   /var/cache/fontconfig/9fb319ef52839f11ee26ab8b4cffa12b-le64.cache-9
74814dd09000-74814dd1a000 r--s 00000000 fc:01 11411736                   /var/cache/fontconfig/cadc3060d3cbe99d6aa4dd880095be12-le64.cache-9
74814dd1a000-74814dd31000 r--s 00000000 fc:01 11411734                   /var/cache/fontconfig/4ac51e5cfbc76fc3f983e470323a16d3-le64.cache-9
74814dd31000-74814dd34000 r--s 00000000 fc:01 11411733                   /var/cache/fontconfig/c19b55eb3b4c5b40ea175e31682068a5-le64.cache-9
74814dd34000-74814dd38000 r--s 00000000 fc:01 11411731                   /var/cache/fontconfig/3629f2adf904f9a612908891fae71ceb-le64.cache-9
74814dd38000-74814dd3b000 r--s 00000000 fc:01 11411729                   /var/cache/fontconfig/4d61979dbde8c46a84bfdd79a1f6da86-le64.cache-9
74814dd3b000-74814dd3e000 r--s 00000000 fc:01 11411727                   /var/cache/fontconfig/361f143d0cd031e2e4d9179096c8df3c-le64.cache-9
74814dd3e000-74814dd41000 r--s 00000000 fc:01 11411726                   /var/cache/fontconfig/62f91419b9ebdb6975e7e41ab6412357-le64.cache-9
74814dd41000-74814dd45000 r--s 00000000 fc:01 11411725                   /var/cache/fontconfig/de83a0a961185c8bd1f159015d56c039-le64.cache-9
74814dd45000-74814dd48000 r--s 00000000 fc:01 11411722                   /var/cache/fontconfig/a93d7a67130f8d41c5da19d7938c1751-le64.cache-9
74814dd48000-74814dd74000 r--s 00000000 fc:01 11408011                   /var/cache/fontconfig/e13b20fdb08344e0e664864cc2ede53d-le64.cache-9
74814dd74000-74814dd99000 r--s 00000000 fc:01 11408012                   /var/cache/fontconfig/467c019e582ee353435ea5c21d137ef6-le64.cache-9
74814dd99000-74814dd9a000 ---p 00000000 00:00 0 
74814dd9a000-74814de9a000 rw-p 00000000 00:00 0 
74814de9a000-74814de9b000 ---p 00000000 00:00 0 
74814de9b000-74814df9b000 rw-p 00000000 00:00 0 
74814df9b000-74814df9c000 ---p 00000000 00:00 0 
74814df9c000-74814e79c000 rw-p 00000000 00:00 0 
74814e79c000-74814e79d000 ---p 00000000 00:00 0 
74814e79d000-74814ef9d000 rw-p 00000000 00:00 0 
74814ef9d000-74814efa3000 r--p 00000000 fc:01 14433647                   /usr/lib/x86_64-linux-gnu/libmp3lame.so.0.0.0
74814efa3000-74814efd4000 r-xp 00006000 fc:01 14433647                   /usr/lib/x86_64-linux-gnu/libmp3lame.so.0.0.0
74814efd4000-74814efe4000 r--p 00037000 fc:01 14433647                   /usr/lib/x86_64-linux-gnu/libmp3lame.so.0.0.0
74814efe4000-74814efe5000 r--p 00047000 fc:01 14433647                   /usr/lib/x86_64-linux-gnu/libmp3lame.so.0.0.0
74814efe5000-74814efe6000 rw-p 00048000 fc:01 14433647                   /usr/lib/x86_64-linux-gnu/libmp3lame.so.0.0.0
74814efe6000-74814f013000 rw-p 00000000 00:00 0 
74814f013000-74814f018000 r--p 00000000 fc:01 14423131                   /usr/lib/x86_64-linux-gnu/libmpg123.so.0.48.2
74814f018000-74814f053000 r-xp 00005000 fc:01 14423131                   /usr/lib/x86_64-linux-gnu/libmpg123.so.0.48.2
74814f053000-74814f06d000 r--p 00040000 fc:01 14423131                   /usr/lib/x86_64-linux-gnu/libmpg123.so.0.48.2
74814f06d000-74814f06e000 r--p 0005a000 fc:01 14423131                   /usr/lib/x86_64-linux-gnu/libmpg123.so.0.48.2
74814f06e000-74814f06f000 rw-p 0005b000 fc:01 14423131                   /usr/lib/x86_64-linux-gnu/libmpg123.so.0.48.2
74814f06f000-74814f072000 r--p 00000000 fc:01 14433720                   /usr/lib/x86_64-linux-gnu/libopus.so.0.9.0
74814f072000-74814f0bc000 r-xp 00003000 fc:01 14433720                   /usr/lib/x86_64-linux-gnu/libopus.so.0.9.0
74814f0bc000-74814f0cc000 r--p 0004d000 fc:01 14433720                   /usr/lib/x86_64-linux-gnu/libopus.so.0.9.0
74814f0cc000-74814f0cd000 r--p 0005d000 fc:01 14433720                   /usr/lib/x86_64-linux-gnu/libopus.so.0.9.0
74814f0cd000-74814f0ce000 rw-p 0005e000 fc:01 14433720                   /usr/lib/x86_64-linux-gnu/libopus.so.0.9.0
74814f0ce000-74814f0e2000 r--p 00000000 fc:01 14433936                   /usr/lib/x86_64-linux-gnu/libvorbisenc.so.2.0.12
74814f0e2000-74814f0e5000 r-xp 00014000 fc:01 14433936                   /usr/lib/x86_64-linux-gnu/libvorbisenc.so.2.0.12
74814f0e5000-74814f15c000 r--p 00017000 fc:01 14433936                   /usr/lib/x86_64-linux-gnu/libvorbisenc.so.2.0.12
74814f15c000-74814f178000 r--p 0008d000 fc:01 14433936                   /usr/lib/x86_64-linux-gnu/libvorbisenc.so.2.0.12
74814f178000-74814f179000 rw-p 000a9000 fc:01 14433936                   /usr/lib/x86_64-linux-gnu/libvorbisenc.so.2.0.12
74814f179000-74814f181000 r--p 00000000 fc:01 14433100                   /usr/lib/x86_64-linux-gnu/libFLAC.so.12.1.0
74814f181000-74814f1d3000 r-xp 00008000 fc:01 14433100                   /usr/lib/x86_64-linux-gnu/libFLAC.so.12.1.0
74814f1d3000-74814f1db000 r--p 0005a000 fc:01 14433100                   /usr/lib/x86_64-linux-gnu/libFLAC.so.12.1.0
74814f1db000-74814f1dc000 r--p 00062000 fc:01 14433100                   /usr/lib/x86_64-linux-gnu/libFLAC.so.12.1.0
74814f1dc000-74814f1dd000 rw-p 00063000 fc:01 14433100                   /usr/lib/x86_64-linux-gnu/libFLAC.so.12.1.0
74814f1dd000-74814f1e0000 r--p 00000000 fc:01 14418873                   /usr/lib/x86_64-linux-gnu/libapparmor.so.1.17.2
74814f1e0000-74814f1ea000 r-xp 00003000 fc:01 14418873                   /usr/lib/x86_64-linux-gnu/libapparmor.so.1.17.2
74814f1ea000-74814f1f0000 r--p 0000d000 fc:01 14418873                   /usr/lib/x86_64-linux-gnu/libapparmor.so.1.17.2
74814f1f0000-74814f1f1000 r--p 00013000 fc:01 14418873                   /usr/lib/x86_64-linux-gnu/libapparmor.so.1.17.2
74814f1f1000-74814f1f2000 rw-p 00014000 fc:01 14418873                   /usr/lib/x86_64-linux-gnu/libapparmor.so.1.17.2
74814f1f2000-74814f1fa000 r--p 00000000 fc:01 14423139                   /usr/lib/x86_64-linux-gnu/libsndfile.so.1.0.37
74814f1fa000-74814f25b000 r-xp 00008000 fc:01 14423139                   /usr/lib/x86_64-linux-gnu/libsndfile.so.1.0.37
74814f25b000-74814f274000 r--p 00069000 fc:01 14423139                   /usr/lib/x86_64-linux-gnu/libsndfile.so.1.0.37
74814f274000-74814f277000 r--p 00081000 fc:01 14423139                   /usr/lib/x86_64-linux-gnu/libsndfile.so.1.0.37
74814f277000-74814f278000 rw-p 00084000 fc:01 14423139                   /usr/lib/x86_64-linux-gnu/libsndfile.so.1.0.37
74814f278000-74814f27a000 rw-p 00000000 00:00 0 
74814f27a000-74814f28c000 r--p 00000000 fc:01 14423148                   /usr/lib/x86_64-linux-gnu/pulseaudio/libpulsecommon-16.1.so
74814f28c000-74814f2d6000 r-xp 00012000 fc:01 14423148                   /usr/lib/x86_64-linux-gnu/pulseaudio/libpulsecommon-16.1.so
74814f2d6000-74814f2f5000 r--p 0005c000 fc:01 14423148                   /usr/lib/x86_64-linux-gnu/pulseaudio/libpulsecommon-16.1.so
74814f2f5000-74814f2f7000 r--p 0007a000 fc:01 14423148                   /usr/lib/x86_64-linux-gnu/pulseaudio/libpulsecommon-16.1.so
74814f2f7000-74814f2f8000 rw-p 0007c000 fc:01 14423148                   /usr/lib/x86_64-linux-gnu/pulseaudio/libpulsecommon-16.1.so
74814f2f8000-74814f304000 r--p 00000000 fc:01 14423147                   /usr/lib/x86_64-linux-gnu/libpulse.so.0.24.2
74814f304000-74814f335000 r-xp 0000c000 fc:01 14423147                   /usr/lib/x86_64-linux-gnu/libpulse.so.0.24.2
74814f335000-74814f346000 r--p 0003d000 fc:01 14423147                   /usr/lib/x86_64-linux-gnu/libpulse.so.0.24.2
74814f346000-74814f348000 r--p 0004d000 fc:01 14423147                   /usr/lib/x86_64-linux-gnu/libpulse.so.0.24.2
74814f348000-74814f349000 rw-p 0004f000 fc:01 14423147                   /usr/lib/x86_64-linux-gnu/libpulse.so.0.24.2
74814f349000-74814f34a000 r--s 00000000 fc:01 11411761                   /var/cache/fontconfig/e7de81b01590fb7e12b38e274e17d0db-le64.cache-9
74814f34a000-74814f34b000 r--s 00000000 fc:01 11411751                   /var/cache/fontconfig/255c7f79afcc9d7df0b0b4dce75ec8e5-le64.cache-9
74814f34b000-74814f34f000 r--s 00000000 fc:01 11411062                   /var/cache/fontconfig/7ef2298fde41cc6eeb7af42e48b7d293-le64.cache-9
74814f34f000-74814f354000 r--s 00000000 fc:01 11411718                   /var/cache/fontconfig/198dcdad82c1ebc3868edff741eb1653-le64.cache-9
74814f354000-74814f363000 r--s 00000000 fc:01 11408016                   /var/cache/fontconfig/8f02d4cb045bd6ce15663e43f347c9f8-le64.cache-9
74814f363000-74814f366000 r--s 00000000 fc:01 11408015                   /var/cache/fontconfig/16326683038b281783a0ef8c680e3a10-le64.cache-9
74814f366000-74814f400000 r--p 00000000 fc:01 14705629                   /usr/share/locale/fr/LC_MESSAGES/vlc.mo
74814f400000-74814f41e000 r-xp 00000000 fc:01 25239993                   /home/bloch/.cache/JNA/temp/jna13861256148263403769.tmp (deleted)
74814f41e000-74814f61d000 ---p 0001e000 fc:01 25239993                   /home/bloch/.cache/JNA/temp/jna13861256148263403769.tmp (deleted)
74814f61d000-74814f61e000 rw-p 0001d000 fc:01 25239993                   /home/bloch/.cache/JNA/temp/jna13861256148263403769.tmp (deleted)
74814f61e000-74814f61f000 rw-p 00000000 00:00 0 
74814f61f000-74814f624000 r-xp 00000000 fc:01 26232226                   /home/bloch/.openjfx/cache/21+31/amd64/libjavafx_font_freetype.so
74814f624000-74814f625000 r--p 00004000 fc:01 26232226                   /home/bloch/.openjfx/cache/21+31/amd64/libjavafx_font_freetype.so
74814f625000-74814f626000 rw-p 00005000 fc:01 26232226                   /home/bloch/.openjfx/cache/21+31/amd64/libjavafx_font_freetype.so
74814f626000-74814f670000 r--s 00000000 fc:01 15092955                   /usr/lib/x86_64-linux-gnu/vlc/plugins/plugins.dat
74814f670000-74814f6ba000 r--s 00000000 fc:01 15092955                   /usr/lib/x86_64-linux-gnu/vlc/plugins/plugins.dat
74814f6ba000-74814f6bd000 r--p 00000000 fc:01 14423082                   /usr/lib/x86_64-linux-gnu/libidn.so.12.6.5
74814f6bd000-74814f6c2000 r-xp 00003000 fc:01 14423082                   /usr/lib/x86_64-linux-gnu/libidn.so.12.6.5
74814f6c2000-74814f6ec000 r--p 00008000 fc:01 14423082                   /usr/lib/x86_64-linux-gnu/libidn.so.12.6.5
74814f6ec000-74814f6ee000 r--p 00031000 fc:01 14423082                   /usr/lib/x86_64-linux-gnu/libidn.so.12.6.5
74814f6ee000-74814f6ef000 rw-p 00033000 fc:01 14423082                   /usr/lib/x86_64-linux-gnu/libidn.so.12.6.5
74814f6ef000-74814f703000 r--p 00000000 fc:01 14435008                   /usr/lib/x86_64-linux-gnu/libvlccore.so.9.0.1
74814f703000-74814f7bc000 r-xp 00014000 fc:01 14435008                   /usr/lib/x86_64-linux-gnu/libvlccore.so.9.0.1
74814f7bc000-74814f7f7000 r--p 000cd000 fc:01 14435008                   /usr/lib/x86_64-linux-gnu/libvlccore.so.9.0.1
74814f7f7000-74814f7fc000 r--p 00107000 fc:01 14435008                   /usr/lib/x86_64-linux-gnu/libvlccore.so.9.0.1
74814f7fc000-74814f7fd000 rw-p 0010c000 fc:01 14435008                   /usr/lib/x86_64-linux-gnu/libvlccore.so.9.0.1
74814f7fd000-74814f7ff000 rw-p 00000000 00:00 0 
74814f7ff000-74814f800000 ---p 00000000 00:00 0 
74814f800000-748150000000 rw-p 00000000 00:00 0 
748150000000-748150021000 rw-p 00000000 00:00 0 
748150021000-748154000000 ---p 00000000 00:00 0 
748154000000-748154021000 rw-p 00000000 00:00 0 
748154021000-748158000000 ---p 00000000 00:00 0 
748158000000-748158021000 rw-p 00000000 00:00 0 
748158021000-74815c000000 ---p 00000000 00:00 0 
74815c000000-74815c021000 rw-p 00000000 00:00 0 
74815c021000-748160000000 ---p 00000000 00:00 0 
748160000000-748160021000 rw-p 00000000 00:00 0 
748160021000-748164000000 ---p 00000000 00:00 0 
748164000000-7481668e1000 rw-p 00000000 00:00 0 
7481668e1000-748168000000 ---p 00000000 00:00 0 
748168000000-748168021000 rw-p 00000000 00:00 0 
748168021000-74816c000000 ---p 00000000 00:00 0 
74816c000000-74816c021000 rw-p 00000000 00:00 0 
74816c021000-748170000000 ---p 00000000 00:00 0 
748170000000-748170003000 r-xp 00000000 fc:01 26232225                   /home/bloch/.openjfx/cache/21+31/amd64/libjavafx_font.so
748170003000-748170004000 r--p 00002000 fc:01 26232225                   /home/bloch/.openjfx/cache/21+31/amd64/libjavafx_font.so
748170004000-748170005000 rw-p 00003000 fc:01 26232225                   /home/bloch/.openjfx/cache/21+31/amd64/libjavafx_font.so
748170005000-748170013000 r--p 00000000 fc:01 14724642                   /usr/share/locale-langpack/fr/LC_MESSAGES/pulseaudio.mo
748170013000-748170015000 r--p 00000000 fc:01 14433230                   /usr/lib/x86_64-linux-gnu/libasyncns.so.0.3.1
748170015000-748170018000 r-xp 00002000 fc:01 14433230                   /usr/lib/x86_64-linux-gnu/libasyncns.so.0.3.1
748170018000-748170019000 r--p 00005000 fc:01 14433230                   /usr/lib/x86_64-linux-gnu/libasyncns.so.0.3.1
748170019000-74817001a000 r--p 00005000 fc:01 14433230                   /usr/lib/x86_64-linux-gnu/libasyncns.so.0.3.1
74817001a000-74817001b000 rw-p 00006000 fc:01 14433230                   /usr/lib/x86_64-linux-gnu/libasyncns.so.0.3.1
74817001b000-74817001d000 r--p 00000000 fc:01 15092363                   /usr/lib/x86_64-linux-gnu/vlc/libvlc_pulse.so.0.0.0
74817001d000-74817001e000 r-xp 00002000 fc:01 15092363                   /usr/lib/x86_64-linux-gnu/vlc/libvlc_pulse.so.0.0.0
74817001e000-74817001f000 r--p 00003000 fc:01 15092363                   /usr/lib/x86_64-linux-gnu/vlc/libvlc_pulse.so.0.0.0
74817001f000-748170020000 r--p 00003000 fc:01 15092363                   /usr/lib/x86_64-linux-gnu/vlc/libvlc_pulse.so.0.0.0
748170020000-748170021000 rw-p 00004000 fc:01 15092363                   /usr/lib/x86_64-linux-gnu/vlc/libvlc_pulse.so.0.0.0
748170021000-748170023000 r--p 00000000 fc:01 15092502                   /usr/lib/x86_64-linux-gnu/vlc/plugins/audio_output/libpulse_plugin.so
748170023000-748170026000 r-xp 00002000 fc:01 15092502                   /usr/lib/x86_64-linux-gnu/vlc/plugins/audio_output/libpulse_plugin.so
748170026000-748170027000 r--p 00005000 fc:01 15092502                   /usr/lib/x86_64-linux-gnu/vlc/plugins/audio_output/libpulse_plugin.so
748170027000-748170028000 r--p 00006000 fc:01 15092502                   /usr/lib/x86_64-linux-gnu/vlc/plugins/audio_output/libpulse_plugin.so
748170028000-748170029000 rw-p 00007000 fc:01 15092502                   /usr/lib/x86_64-linux-gnu/vlc/plugins/audio_output/libpulse_plugin.so
748170029000-74817002a000 r--p 00000000 fc:01 15092619                   /usr/lib/x86_64-linux-gnu/vlc/plugins/keystore/libmemory_keystore_plugin.so
74817002a000-74817002b000 r-xp 00001000 fc:01 15092619                   /usr/lib/x86_64-linux-gnu/vlc/plugins/keystore/libmemory_keystore_plugin.so
74817002b000-74817002c000 r--p 00002000 fc:01 15092619                   /usr/lib/x86_64-linux-gnu/vlc/plugins/keystore/libmemory_keystore_plugin.so
74817002c000-74817002d000 r--p 00002000 fc:01 15092619                   /usr/lib/x86_64-linux-gnu/vlc/plugins/keystore/libmemory_keystore_plugin.so
74817002d000-74817002e000 rw-p 00003000 fc:01 15092619                   /usr/lib/x86_64-linux-gnu/vlc/plugins/keystore/libmemory_keystore_plugin.so
74817002e000-74817002f000 r--p 00000000 fc:01 15092622                   /usr/lib/x86_64-linux-gnu/vlc/plugins/logger/libconsole_logger_plugin.so
74817002f000-748170030000 r-xp 00001000 fc:01 15092622                   /usr/lib/x86_64-linux-gnu/vlc/plugins/logger/libconsole_logger_plugin.so
748170030000-748170031000 r--p 00002000 fc:01 15092622                   /usr/lib/x86_64-linux-gnu/vlc/plugins/logger/libconsole_logger_plugin.so
748170031000-748170032000 r--p 00002000 fc:01 15092622                   /usr/lib/x86_64-linux-gnu/vlc/plugins/logger/libconsole_logger_plugin.so
748170032000-748170033000 rw-p 00003000 fc:01 15092622                   /usr/lib/x86_64-linux-gnu/vlc/plugins/logger/libconsole_logger_plugin.so
748170033000-74817003b000 r--p 00000000 fc:01 14435010                   /usr/lib/x86_64-linux-gnu/libvlc.so.5.6.1
74817003b000-748170051000 r-xp 00008000 fc:01 14435010                   /usr/lib/x86_64-linux-gnu/libvlc.so.5.6.1
748170051000-748170059000 r--p 0001e000 fc:01 14435010                   /usr/lib/x86_64-linux-gnu/libvlc.so.5.6.1
748170059000-74817005a000 r--p 00025000 fc:01 14435010                   /usr/lib/x86_64-linux-gnu/libvlc.so.5.6.1
74817005a000-74817005b000 rw-p 00026000 fc:01 14435010                   /usr/lib/x86_64-linux-gnu/libvlc.so.5.6.1
74817005b000-74817005f000 ---p 00000000 00:00 0 
74817005f000-74817015b000 rw-p 00000000 00:00 0 
74817015b000-74817015f000 ---p 00000000 00:00 0 
74817015f000-74817017d000 rw-p 00000000 00:00 0 
74817017d000-74817017e000 ---p 00000000 00:00 0 
74817017e000-74817027e000 rw-p 00000000 00:00 0 
74817027e000-74817027f000 ---p 00000000 00:00 0 
74817027f000-74817037f000 rw-p 00000000 00:00 0 
74817037f000-748170380000 ---p 00000000 00:00 0 
748170380000-748170480000 rw-p 00000000 00:00 0 
748170480000-748170481000 ---p 00000000 00:00 0 
748170481000-748170581000 rw-p 00000000 00:00 0 
748170581000-748170582000 ---p 00000000 00:00 0 
748170582000-748170682000 rw-p 00000000 00:00 0 
748170682000-748170686000 ---p 00000000 00:00 0 
748170686000-748170782000 rw-p 00000000 00:00 0 
748170782000-7481707c2000 rw-s 107f4b000 00:11 1064                      anon_inode:i915.gem
7481707c2000-7481707e2000 rw-s 105cfb000 00:11 1064                      anon_inode:i915.gem
7481707e2000-7481707e3000 ---p 00000000 00:00 0 
7481707e3000-748170fe3000 rw-p 00000000 00:00 0 
748170fe3000-748170fe4000 ---p 00000000 00:00 0 
748170fe4000-7481717e4000 rw-p 00000000 00:00 0 
7481717e4000-7481717e5000 ---p 00000000 00:00 0 
7481717e5000-748171fe5000 rw-p 00000000 00:00 0 
748171fe5000-748172126000 rw-s 00000000 fc:01 25040328                   /home/bloch/.cache/mesa_shader_cache/index
748172126000-748172127000 ---p 00000000 00:00 0 
748172127000-748172927000 rw-p 00000000 00:00 0 
748172927000-74817295c000 r--p 00000000 fc:01 14549647                   /usr/share/glib-2.0/schemas/gschemas.compiled
74817295c000-748172960000 ---p 00000000 00:00 0 
748172960000-748172a5c000 rw-p 00000000 00:00 0 
748172a5c000-748172a60000 ---p 00000000 00:00 0 
748172a60000-748172b5c000 rw-p 00000000 00:00 0 
748172b5c000-748172b5e000 r--p 00000000 fc:01 14433716                   /usr/lib/x86_64-linux-gnu/libogg.so.0.8.5
748172b5e000-748172b61000 r-xp 00002000 fc:01 14433716                   /usr/lib/x86_64-linux-gnu/libogg.so.0.8.5
748172b61000-748172b64000 r--p 00005000 fc:01 14433716                   /usr/lib/x86_64-linux-gnu/libogg.so.0.8.5
748172b64000-748172b65000 r--p 00007000 fc:01 14433716                   /usr/lib/x86_64-linux-gnu/libogg.so.0.8.5
748172b65000-748172b66000 rw-p 00008000 fc:01 14433716                   /usr/lib/x86_64-linux-gnu/libogg.so.0.8.5
748172b66000-748172b69000 r--p 00000000 fc:01 14433935                   /usr/lib/x86_64-linux-gnu/libvorbis.so.0.4.9
748172b69000-748172b81000 r-xp 00003000 fc:01 14433935                   /usr/lib/x86_64-linux-gnu/libvorbis.so.0.4.9
748172b81000-748172b92000 r--p 0001b000 fc:01 14433935                   /usr/lib/x86_64-linux-gnu/libvorbis.so.0.4.9
748172b92000-748172b93000 r--p 0002b000 fc:01 14433935                   /usr/lib/x86_64-linux-gnu/libvorbis.so.0.4.9
748172b93000-748172b94000 rw-p 0002c000 fc:01 14433935                   /usr/lib/x86_64-linux-gnu/libvorbis.so.0.4.9
748172b94000-748172b96000 r--p 00000000 fc:01 14433606                   /usr/lib/x86_64-linux-gnu/libltdl.so.7.3.2
748172b96000-748172b9b000 r-xp 00002000 fc:01 14433606                   /usr/lib/x86_64-linux-gnu/libltdl.so.7.3.2
748172b9b000-748172b9d000 r--p 00007000 fc:01 14433606                   /usr/lib/x86_64-linux-gnu/libltdl.so.7.3.2
748172b9d000-748172b9e000 r--p 00008000 fc:01 14433606                   /usr/lib/x86_64-linux-gnu/libltdl.so.7.3.2
748172b9e000-748172b9f000 rw-p 00009000 fc:01 14433606                   /usr/lib/x86_64-linux-gnu/libltdl.so.7.3.2
748172b9f000-748172ba3000 r--p 00000000 fc:01 14433881                   /usr/lib/x86_64-linux-gnu/libtdb.so.1.4.10
748172ba3000-748172bb1000 r-xp 00004000 fc:01 14433881                   /usr/lib/x86_64-linux-gnu/libtdb.so.1.4.10
748172bb1000-748172bb6000 r--p 00012000 fc:01 14433881                   /usr/lib/x86_64-linux-gnu/libtdb.so.1.4.10
748172bb6000-748172bb7000 r--p 00016000 fc:01 14433881                   /usr/lib/x86_64-linux-gnu/libtdb.so.1.4.10
748172bb7000-748172bb8000 rw-p 00017000 fc:01 14433881                   /usr/lib/x86_64-linux-gnu/libtdb.so.1.4.10
748172bb8000-748172bbb000 r--p 00000000 fc:01 14433292                   /usr/lib/x86_64-linux-gnu/libcanberra.so.0.2.5
748172bbb000-748172bc6000 r-xp 00003000 fc:01 14433292                   /usr/lib/x86_64-linux-gnu/libcanberra.so.0.2.5
748172bc6000-748172bc9000 r--p 0000e000 fc:01 14433292                   /usr/lib/x86_64-linux-gnu/libcanberra.so.0.2.5
748172bc9000-748172bca000 r--p 00010000 fc:01 14433292                   /usr/lib/x86_64-linux-gnu/libcanberra.so.0.2.5
748172bca000-748172bcb000 rw-p 00011000 fc:01 14433292                   /usr/lib/x86_64-linux-gnu/libcanberra.so.0.2.5
748172bcb000-748172bcc000 r--s 00000000 fc:01 11411748                   /var/cache/fontconfig/190ffc35f1a3b2dab79b3911db521db5-le64.cache-9
748172bcc000-748172bcd000 r--p 00000000 fc:01 15092623                   /usr/lib/x86_64-linux-gnu/vlc/plugins/logger/libfile_logger_plugin.so
748172bcd000-748172bce000 r-xp 00001000 fc:01 15092623                   /usr/lib/x86_64-linux-gnu/vlc/plugins/logger/libfile_logger_plugin.so
748172bce000-748172bcf000 r--p 00002000 fc:01 15092623                   /usr/lib/x86_64-linux-gnu/vlc/plugins/logger/libfile_logger_plugin.so
748172bcf000-748172bd0000 r--p 00002000 fc:01 15092623                   /usr/lib/x86_64-linux-gnu/vlc/plugins/logger/libfile_logger_plugin.so
748172bd0000-748172bd1000 rw-p 00003000 fc:01 15092623                   /usr/lib/x86_64-linux-gnu/vlc/plugins/logger/libfile_logger_plugin.so
748172bd1000-748172bd9000 r--p 00000000 fc:01 25060621                   /home/bloch/.config/dconf/user
748172bd9000-748172bdd000 r--p 00000000 fc:01 14418586                   /usr/lib/x86_64-linux-gnu/gio/modules/libdconfsettings.so
748172bdd000-748172be4000 r-xp 00004000 fc:01 14418586                   /usr/lib/x86_64-linux-gnu/gio/modules/libdconfsettings.so
748172be4000-748172be6000 r--p 0000b000 fc:01 14418586                   /usr/lib/x86_64-linux-gnu/gio/modules/libdconfsettings.so
748172be6000-748172be7000 r--p 0000d000 fc:01 14418586                   /usr/lib/x86_64-linux-gnu/gio/modules/libdconfsettings.so
748172be7000-748172be8000 rw-p 0000e000 fc:01 14418586                   /usr/lib/x86_64-linux-gnu/gio/modules/libdconfsettings.so
748172be8000-748172be9000 ---p 00000000 00:00 0 
748172be9000-7481733e9000 rw-p 00000000 00:00 0 
7481733e9000-7481733fb000 r--p 00000000 fc:01 14419766                   /usr/lib/x86_64-linux-gnu/gvfs/libgvfscommon.so
7481733fb000-748173417000 r-xp 00012000 fc:01 14419766                   /usr/lib/x86_64-linux-gnu/gvfs/libgvfscommon.so
748173417000-748173423000 r--p 0002e000 fc:01 14419766                   /usr/lib/x86_64-linux-gnu/gvfs/libgvfscommon.so
748173423000-748173429000 r--p 00039000 fc:01 14419766                   /usr/lib/x86_64-linux-gnu/gvfs/libgvfscommon.so
748173429000-74817342a000 rw-p 0003f000 fc:01 14419766                   /usr/lib/x86_64-linux-gnu/gvfs/libgvfscommon.so
74817342a000-748173434000 r--p 00000000 fc:01 14419754                   /usr/lib/x86_64-linux-gnu/gio/modules/libgvfsdbus.so
748173434000-748173452000 r-xp 0000a000 fc:01 14419754                   /usr/lib/x86_64-linux-gnu/gio/modules/libgvfsdbus.so
748173452000-74817345a000 r--p 00028000 fc:01 14419754                   /usr/lib/x86_64-linux-gnu/gio/modules/libgvfsdbus.so
74817345a000-74817345c000 r--p 00030000 fc:01 14419754                   /usr/lib/x86_64-linux-gnu/gio/modules/libgvfsdbus.so
74817345c000-74817345d000 rw-p 00032000 fc:01 14419754                   /usr/lib/x86_64-linux-gnu/gio/modules/libgvfsdbus.so
74817345d000-748173511000 r--p 00000000 fc:01 14818901                   /usr/share/themes/Yaru-blue-dark/gtk-3.0/gtk.gresource
748173511000-748173537000 r--p 00000000 fc:01 14706683                   /usr/share/locale-langpack/fr/LC_MESSAGES/glib20.mo
748173537000-74817356e000 r--p 00000000 fc:01 14706735                   /usr/share/locale-langpack/fr/LC_MESSAGES/gtk30-properties.mo
74817356e000-7481735ae000 r-xp 00000000 fc:01 26232207                   /home/bloch/.openjfx/cache/21+31/amd64/libglassgtk3.so
7481735ae000-7481735af000 ---p 00040000 fc:01 26232207                   /home/bloch/.openjfx/cache/21+31/amd64/libglassgtk3.so
7481735af000-7481735b1000 r--p 00040000 fc:01 26232207                   /home/bloch/.openjfx/cache/21+31/amd64/libglassgtk3.so
7481735b1000-7481735b3000 rw-p 00042000 fc:01 26232207                   /home/bloch/.openjfx/cache/21+31/amd64/libglassgtk3.so
7481735b3000-7481735b7000 r--p 00000000 fc:01 14418468                   /usr/lib/x86_64-linux-gnu/libgpg-error.so.0.34.0
7481735b7000-7481735cd000 r-xp 00004000 fc:01 14418468                   /usr/lib/x86_64-linux-gnu/libgpg-error.so.0.34.0
7481735cd000-7481735d6000 r--p 0001a000 fc:01 14418468                   /usr/lib/x86_64-linux-gnu/libgpg-error.so.0.34.0
7481735d6000-7481735d7000 r--p 00023000 fc:01 14418468                   /usr/lib/x86_64-linux-gnu/libgpg-error.so.0.34.0
7481735d7000-7481735d8000 rw-p 00024000 fc:01 14418468                   /usr/lib/x86_64-linux-gnu/libgpg-error.so.0.34.0
7481735d8000-7481735e7000 r--p 00000000 fc:01 14425912                   /usr/lib/x86_64-linux-gnu/libgcrypt.so.20.4.3
7481735e7000-7481736db000 r-xp 0000f000 fc:01 14425912                   /usr/lib/x86_64-linux-gnu/libgcrypt.so.20.4.3
7481736db000-748173716000 r--p 00103000 fc:01 14425912                   /usr/lib/x86_64-linux-gnu/libgcrypt.so.20.4.3
748173716000-74817371b000 r--p 0013e000 fc:01 14425912                   /usr/lib/x86_64-linux-gnu/libgcrypt.so.20.4.3
74817371b000-74817371f000 rw-p 00143000 fc:01 14425912                   /usr/lib/x86_64-linux-gnu/libgcrypt.so.20.4.3
74817371f000-748173720000 rw-p 00000000 00:00 0 
748173720000-748173736000 r--p 00000000 fc:01 14418543                   /usr/lib/x86_64-linux-gnu/libsystemd.so.0.38.0
748173736000-7481737c5000 r-xp 00016000 fc:01 14418543                   /usr/lib/x86_64-linux-gnu/libsystemd.so.0.38.0
7481737c5000-7481737f3000 r--p 000a5000 fc:01 14418543                   /usr/lib/x86_64-linux-gnu/libsystemd.so.0.38.0
7481737f3000-7481737fe000 r--p 000d2000 fc:01 14418543                   /usr/lib/x86_64-linux-gnu/libsystemd.so.0.38.0
7481737fe000-7481737ff000 rw-p 000dd000 fc:01 14418543                   /usr/lib/x86_64-linux-gnu/libsystemd.so.0.38.0
7481737ff000-748173800000 rw-p 00000000 00:00 0 
748173800000-748173883000 r--p 00000000 fc:01 14421605                   /usr/lib/x86_64-linux-gnu/libgtk-3.so.0.2409.32
748173883000-748173c31000 r-xp 00083000 fc:01 14421605                   /usr/lib/x86_64-linux-gnu/libgtk-3.so.0.2409.32
748173c31000-748173fb6000 r--p 00431000 fc:01 14421605                   /usr/lib/x86_64-linux-gnu/libgtk-3.so.0.2409.32
748173fb6000-748173fc6000 r--p 007b5000 fc:01 14421605                   /usr/lib/x86_64-linux-gnu/libgtk-3.so.0.2409.32
748173fc6000-748173fc8000 rw-p 007c5000 fc:01 14421605                   /usr/lib/x86_64-linux-gnu/libgtk-3.so.0.2409.32
748173fc8000-748173fcd000 rw-p 00000000 00:00 0 
748173fcd000-748173fce000 r--s 00000000 fc:01 11411746                   /var/cache/fontconfig/20f64362fe0e193f346f70b7c4c81449-le64.cache-9
748173fce000-748173fcf000 r--s 00000000 fc:01 11411745                   /var/cache/fontconfig/92dbd7cf907446bab5f4775ae207b5b4-le64.cache-9
748173fcf000-748173fd0000 r--p 00000000 fc:01 15092625                   /usr/lib/x86_64-linux-gnu/vlc/plugins/logger/libsyslog_plugin.so
748173fd0000-748173fd1000 r-xp 00001000 fc:01 15092625                   /usr/lib/x86_64-linux-gnu/vlc/plugins/logger/libsyslog_plugin.so
748173fd1000-748173fd2000 r--p 00002000 fc:01 15092625                   /usr/lib/x86_64-linux-gnu/vlc/plugins/logger/libsyslog_plugin.so
748173fd2000-748173fd3000 r--p 00002000 fc:01 15092625                   /usr/lib/x86_64-linux-gnu/vlc/plugins/logger/libsyslog_plugin.so
748173fd3000-748173fd4000 rw-p 00003000 fc:01 15092625                   /usr/lib/x86_64-linux-gnu/vlc/plugins/logger/libsyslog_plugin.so
748173fd4000-748173fd6000 r--p 00000000 fc:01 14433937                   /usr/lib/x86_64-linux-gnu/libvorbisfile.so.3.3.8
748173fd6000-748173fdb000 r-xp 00002000 fc:01 14433937                   /usr/lib/x86_64-linux-gnu/libvorbisfile.so.3.3.8
748173fdb000-748173fdc000 r--p 00007000 fc:01 14433937                   /usr/lib/x86_64-linux-gnu/libvorbisfile.so.3.3.8
748173fdc000-748173fdd000 r--p 00007000 fc:01 14433937                   /usr/lib/x86_64-linux-gnu/libvorbisfile.so.3.3.8
748173fdd000-748173fde000 rw-p 00008000 fc:01 14433937                   /usr/lib/x86_64-linux-gnu/libvorbisfile.so.3.3.8
748173fde000-748173fe1000 r--p 00000000 fc:01 14433620                   /usr/lib/x86_64-linux-gnu/liblz4.so.1.9.4
748173fe1000-748173ffc000 r-xp 00003000 fc:01 14433620                   /usr/lib/x86_64-linux-gnu/liblz4.so.1.9.4
748173ffc000-748173ffe000 r--p 0001e000 fc:01 14433620                   /usr/lib/x86_64-linux-gnu/liblz4.so.1.9.4
748173ffe000-748173fff000 r--p 00020000 fc:01 14433620                   /usr/lib/x86_64-linux-gnu/liblz4.so.1.9.4
748173fff000-748174000000 rw-p 00021000 fc:01 14433620                   /usr/lib/x86_64-linux-gnu/liblz4.so.1.9.4
748174000000-748174021000 rw-p 00000000 00:00 0 
748174021000-748178000000 ---p 00000000 00:00 0 
748178000000-748178021000 rw-p 00000000 00:00 0 
748178021000-74817c000000 ---p 00000000 00:00 0 
74817c000000-74817c021000 rw-p 00000000 00:00 0 
74817c021000-748180000000 ---p 00000000 00:00 0 
748180000000-748180002000 r--s 00000000 fc:01 11411743                   /var/cache/fontconfig/6e6b34ae150a7ad95e82fb4a522f0bda-le64.cache-9
748180002000-748180004000 r--p 00000000 fc:01 14433291                   /usr/lib/x86_64-linux-gnu/libcanberra-gtk3.so.0.1.9
748180004000-748180006000 r-xp 00002000 fc:01 14433291                   /usr/lib/x86_64-linux-gnu/libcanberra-gtk3.so.0.1.9
748180006000-748180007000 r--p 00004000 fc:01 14433291                   /usr/lib/x86_64-linux-gnu/libcanberra-gtk3.so.0.1.9
748180007000-748180008000 r--p 00004000 fc:01 14433291                   /usr/lib/x86_64-linux-gnu/libcanberra-gtk3.so.0.1.9
748180008000-748180009000 rw-p 00005000 fc:01 14433291                   /usr/lib/x86_64-linux-gnu/libcanberra-gtk3.so.0.1.9
748180009000-74818000b000 r--p 00000000 fc:01 14435375                   /usr/lib/x86_64-linux-gnu/gtk-3.0/modules/libcanberra-gtk3-module.so
74818000b000-74818000e000 r-xp 00002000 fc:01 14435375                   /usr/lib/x86_64-linux-gnu/gtk-3.0/modules/libcanberra-gtk3-module.so
74818000e000-74818000f000 r--p 00005000 fc:01 14435375                   /usr/lib/x86_64-linux-gnu/gtk-3.0/modules/libcanberra-gtk3-module.so
74818000f000-748180010000 r--p 00005000 fc:01 14435375                   /usr/lib/x86_64-linux-gnu/gtk-3.0/modules/libcanberra-gtk3-module.so
748180010000-748180011000 rw-p 00006000 fc:01 14435375                   /usr/lib/x86_64-linux-gnu/gtk-3.0/modules/libcanberra-gtk3-module.so
748180011000-748180013000 r--p 00000000 fc:01 14433143                   /usr/lib/x86_64-linux-gnu/libXtst.so.6.1.0
748180013000-748180016000 r-xp 00002000 fc:01 14433143                   /usr/lib/x86_64-linux-gnu/libXtst.so.6.1.0
748180016000-748180017000 r--p 00005000 fc:01 14433143                   /usr/lib/x86_64-linux-gnu/libXtst.so.6.1.0
748180017000-748180018000 r--p 00005000 fc:01 14433143                   /usr/lib/x86_64-linux-gnu/libXtst.so.6.1.0
748180018000-748180019000 rw-p 00006000 fc:01 14433143                   /usr/lib/x86_64-linux-gnu/libXtst.so.6.1.0
748180019000-74818001c000 r--p 00000000 fc:01 14419067                   /usr/lib/x86_64-linux-gnu/libcap.so.2.66
74818001c000-748180022000 r-xp 00003000 fc:01 14419067                   /usr/lib/x86_64-linux-gnu/libcap.so.2.66
748180022000-748180024000 r--p 00009000 fc:01 14419067                   /usr/lib/x86_64-linux-gnu/libcap.so.2.66
748180024000-748180025000 r--p 0000b000 fc:01 14419067                   /usr/lib/x86_64-linux-gnu/libcap.so.2.66
748180025000-748180026000 rw-p 0000c000 fc:01 14419067                   /usr/lib/x86_64-linux-gnu/libcap.so.2.66
748180026000-748180027000 r--p 00000000 fc:01 14433273                   /usr/lib/x86_64-linux-gnu/libbrotlicommon.so.1.1.0
748180027000-748180028000 r-xp 00001000 fc:01 14433273                   /usr/lib/x86_64-linux-gnu/libbrotlicommon.so.1.1.0
748180028000-748180047000 r--p 00002000 fc:01 14433273                   /usr/lib/x86_64-linux-gnu/libbrotlicommon.so.1.1.0
748180047000-748180048000 r--p 00021000 fc:01 14433273                   /usr/lib/x86_64-linux-gnu/libbrotlicommon.so.1.1.0
748180048000-748180049000 rw-p 00022000 fc:01 14433273                   /usr/lib/x86_64-linux-gnu/libbrotlicommon.so.1.1.0
748180049000-74818004a000 r--p 00000000 fc:01 14433274                   /usr/lib/x86_64-linux-gnu/libbrotlidec.so.1.1.0
74818004a000-748180052000 r-xp 00001000 fc:01 14433274                   /usr/lib/x86_64-linux-gnu/libbrotlidec.so.1.1.0
748180052000-748180055000 r--p 00009000 fc:01 14433274                   /usr/lib/x86_64-linux-gnu/libbrotlidec.so.1.1.0
748180055000-748180056000 r--p 0000b000 fc:01 14433274                   /usr/lib/x86_64-linux-gnu/libbrotlidec.so.1.1.0
748180056000-748180057000 rw-p 0000c000 fc:01 14433274                   /usr/lib/x86_64-linux-gnu/libbrotlidec.so.1.1.0
748180057000-748180059000 r--p 00000000 fc:01 14433279                   /usr/lib/x86_64-linux-gnu/libbz2.so.1.0.4
748180059000-748180067000 r-xp 00002000 fc:01 14433279                   /usr/lib/x86_64-linux-gnu/libbz2.so.1.0.4
748180067000-748180069000 r--p 00010000 fc:01 14433279                   /usr/lib/x86_64-linux-gnu/libbz2.so.1.0.4
748180069000-74818006a000 r--p 00011000 fc:01 14433279                   /usr/lib/x86_64-linux-gnu/libbz2.so.1.0.4
74818006a000-74818006b000 rw-p 00012000 fc:01 14433279                   /usr/lib/x86_64-linux-gnu/libbz2.so.1.0.4
74818006b000-748180072000 r--p 00000000 fc:01 14424111                   /usr/lib/x86_64-linux-gnu/libblkid.so.1.1.0
748180072000-748180096000 r-xp 00007000 fc:01 14424111                   /usr/lib/x86_64-linux-gnu/libblkid.so.1.1.0
748180096000-74818009f000 r--p 0002b000 fc:01 14424111                   /usr/lib/x86_64-linux-gnu/libblkid.so.1.1.0
74818009f000-7481800a5000 r--p 00033000 fc:01 14424111                   /usr/lib/x86_64-linux-gnu/libblkid.so.1.1.0
7481800a5000-7481800a6000 rw-p 00039000 fc:01 14424111                   /usr/lib/x86_64-linux-gnu/libblkid.so.1.1.0
7481800a6000-7481800b2000 r--p 00000000 fc:01 14433327                   /usr/lib/x86_64-linux-gnu/libdbus-1.so.3.32.4
7481800b2000-7481800e2000 r-xp 0000c000 fc:01 14433327                   /usr/lib/x86_64-linux-gnu/libdbus-1.so.3.32.4
7481800e2000-7481800f3000 r--p 0003c000 fc:01 14433327                   /usr/lib/x86_64-linux-gnu/libdbus-1.so.3.32.4
7481800f3000-7481800f4000 r--p 0004c000 fc:01 14433327                   /usr/lib/x86_64-linux-gnu/libdbus-1.so.3.32.4
7481800f4000-7481800f5000 rw-p 0004d000 fc:01 14433327                   /usr/lib/x86_64-linux-gnu/libdbus-1.so.3.32.4
7481800f5000-748180105000 r--p 00000000 fc:01 14433237                   /usr/lib/x86_64-linux-gnu/libatspi.so.0.0.1
748180105000-74818011e000 r-xp 00010000 fc:01 14433237                   /usr/lib/x86_64-linux-gnu/libatspi.so.0.0.1
74818011e000-74818012b000 r--p 00029000 fc:01 14433237                   /usr/lib/x86_64-linux-gnu/libatspi.so.0.0.1
74818012b000-74818012e000 r--p 00036000 fc:01 14433237                   /usr/lib/x86_64-linux-gnu/libatspi.so.0.0.1
74818012e000-74818012f000 rw-p 00039000 fc:01 14433237                   /usr/lib/x86_64-linux-gnu/libatspi.so.0.0.1
74818012f000-748180133000 r--p 00000000 fc:01 14433583                   /usr/lib/x86_64-linux-gnu/libjpeg.so.8.2.2
748180133000-748180180000 r-xp 00004000 fc:01 14433583                   /usr/lib/x86_64-linux-gnu/libjpeg.so.8.2.2
748180180000-7481801b0000 r--p 00051000 fc:01 14433583                   /usr/lib/x86_64-linux-gnu/libjpeg.so.8.2.2
7481801b0000-7481801b1000 r--p 00081000 fc:01 14433583                   /usr/lib/x86_64-linux-gnu/libjpeg.so.8.2.2
7481801b1000-7481801b2000 rw-p 00082000 fc:01 14433583                   /usr/lib/x86_64-linux-gnu/libjpeg.so.8.2.2
7481801b2000-7481801bc000 r--p 00000000 fc:01 14433757                   /usr/lib/x86_64-linux-gnu/libpixman-1.so.0.42.2
7481801bc000-748180249000 r-xp 0000a000 fc:01 14433757                   /usr/lib/x86_64-linux-gnu/libpixman-1.so.0.42.2
748180249000-748180258000 r--p 00097000 fc:01 14433757                   /usr/lib/x86_64-linux-gnu/libpixman-1.so.0.42.2
748180258000-748180260000 r--p 000a5000 fc:01 14433757                   /usr/lib/x86_64-linux-gnu/libpixman-1.so.0.42.2
748180260000-748180261000 rw-p 000ad000 fc:01 14433757                   /usr/lib/x86_64-linux-gnu/libpixman-1.so.0.42.2
748180261000-748180266000 r--p 00000000 fc:01 14433984                   /usr/lib/x86_64-linux-gnu/libxcb-render.so.0.0.0
748180266000-74818026b000 r-xp 00005000 fc:01 14433984                   /usr/lib/x86_64-linux-gnu/libxcb-render.so.0.0.0
74818026b000-74818026e000 r--p 0000a000 fc:01 14433984                   /usr/lib/x86_64-linux-gnu/libxcb-render.so.0.0.0
74818026e000-74818026f000 r--p 0000c000 fc:01 14433984                   /usr/lib/x86_64-linux-gnu/libxcb-render.so.0.0.0
74818026f000-748180270000 rw-p 0000d000 fc:01 14433984                   /usr/lib/x86_64-linux-gnu/libxcb-render.so.0.0.0
748180270000-748180275000 r--p 00000000 fc:01 14418584                   /usr/lib/x86_64-linux-gnu/libpng16.so.16.43.0
748180275000-74818029d000 r-xp 00005000 fc:01 14418584                   /usr/lib/x86_64-linux-gnu/libpng16.so.16.43.0
74818029d000-7481802a6000 r--p 0002d000 fc:01 14418584                   /usr/lib/x86_64-linux-gnu/libpng16.so.16.43.0
7481802a6000-7481802a7000 r--p 00035000 fc:01 14418584                   /usr/lib/x86_64-linux-gnu/libpng16.so.16.43.0
7481802a7000-7481802a8000 rw-p 00036000 fc:01 14418584                   /usr/lib/x86_64-linux-gnu/libpng16.so.16.43.0
7481802a8000-7481802ab000 r--p 00000000 fc:01 14425131                   /usr/lib/x86_64-linux-gnu/libgraphite2.so.3.2.1
7481802ab000-7481802c8000 r-xp 00003000 fc:01 14425131                   /usr/lib/x86_64-linux-gnu/libgraphite2.so.3.2.1
7481802c8000-7481802cb000 r--p 00020000 fc:01 14425131                   /usr/lib/x86_64-linux-gnu/libgraphite2.so.3.2.1
7481802cb000-7481802cd000 r--p 00022000 fc:01 14425131                   /usr/lib/x86_64-linux-gnu/libgraphite2.so.3.2.1
7481802cd000-7481802ce000 rw-p 00024000 fc:01 14425131                   /usr/lib/x86_64-linux-gnu/libgraphite2.so.3.2.1
7481802ce000-7481802db000 r--p 00000000 fc:01 14435602                   /usr/lib/x86_64-linux-gnu/libfreetype.so.6.20.1
7481802db000-74818036c000 r-xp 0000d000 fc:01 14435602                   /usr/lib/x86_64-linux-gnu/libfreetype.so.6.20.1
74818036c000-748180392000 r--p 0009e000 fc:01 14435602                   /usr/lib/x86_64-linux-gnu/libfreetype.so.6.20.1
748180392000-748180399000 r--p 000c4000 fc:01 14435602                   /usr/lib/x86_64-linux-gnu/libfreetype.so.6.20.1
748180399000-74818039a000 rw-p 000cb000 fc:01 14435602                   /usr/lib/x86_64-linux-gnu/libfreetype.so.6.20.1
74818039a000-7481803a0000 r--p 00000000 fc:01 14419463                   /usr/lib/x86_64-linux-gnu/libselinux.so.1
7481803a0000-7481803bd000 r-xp 00006000 fc:01 14419463                   /usr/lib/x86_64-linux-gnu/libselinux.so.1
7481803bd000-7481803c3000 r--p 00023000 fc:01 14419463                   /usr/lib/x86_64-linux-gnu/libselinux.so.1
7481803c3000-7481803c4000 r--p 00029000 fc:01 14419463                   /usr/lib/x86_64-linux-gnu/libselinux.so.1
7481803c4000-7481803c5000 rw-p 0002a000 fc:01 14419463                   /usr/lib/x86_64-linux-gnu/libselinux.so.1
7481803c5000-7481803c7000 rw-p 00000000 00:00 0 
7481803c7000-748180427000 r--p 00000000 fc:01 14433381                   /usr/lib/x86_64-linux-gnu/libepoxy.so.0.0.0
748180427000-74818048d000 r-xp 00060000 fc:01 14433381                   /usr/lib/x86_64-linux-gnu/libepoxy.so.0.0.0
74818048d000-7481804db000 r--p 000c6000 fc:01 14433381                   /usr/lib/x86_64-linux-gnu/libepoxy.so.0.0.0
7481804db000-7481804e3000 r--p 00113000 fc:01 14433381                   /usr/lib/x86_64-linux-gnu/libepoxy.so.0.0.0
7481804e3000-7481804ea000 rw-p 0011b000 fc:01 14433381                   /usr/lib/x86_64-linux-gnu/libepoxy.so.0.0.0
7481804ea000-7481804fe000 r--p 00000000 fc:01 14433286                   /usr/lib/x86_64-linux-gnu/libcairo.so.2.11800.0
7481804fe000-7481805ef000 r-xp 00014000 fc:01 14433286                   /usr/lib/x86_64-linux-gnu/libcairo.so.2.11800.0
7481805ef000-748180627000 r--p 00105000 fc:01 14433286                   /usr/lib/x86_64-linux-gnu/libcairo.so.2.11800.0
748180627000-74818062b000 r--p 0013d000 fc:01 14433286                   /usr/lib/x86_64-linux-gnu/libcairo.so.2.11800.0
74818062b000-74818062d000 rw-p 00141000 fc:01 14433286                   /usr/lib/x86_64-linux-gnu/libcairo.so.2.11800.0
74818062d000-74818062e000 rw-p 00000000 00:00 0 
74818062e000-748180667000 r--p 00000000 fc:01 14426590                   /usr/lib/x86_64-linux-gnu/libgio-2.0.so.0.8000.0
748180667000-74818077e000 r-xp 00039000 fc:01 14426590                   /usr/lib/x86_64-linux-gnu/libgio-2.0.so.0.8000.0
74818077e000-7481807f3000 r--p 00150000 fc:01 14426590                   /usr/lib/x86_64-linux-gnu/libgio-2.0.so.0.8000.0
7481807f3000-7481807fb000 r--p 001c4000 fc:01 14426590                   /usr/lib/x86_64-linux-gnu/libgio-2.0.so.0.8000.0
7481807fb000-7481807fc000 rw-p 001cc000 fc:01 14426590                   /usr/lib/x86_64-linux-gnu/libgio-2.0.so.0.8000.0
7481807fc000-7481807fe000 rw-p 00000000 00:00 0 
7481807fe000-7481807ff000 ---p 00000000 00:00 0 
7481807ff000-748180fff000 rw-p 00000000 00:00 0 
748180fff000-748181000000 ---p 00000000 00:00 0 
748181000000-748181800000 rw-p 00000000 00:00 0 
748181800000-748181801000 r--p 00000000 fc:01 14433549                   /usr/lib/x86_64-linux-gnu/libicudata.so.74.2
748181801000-748181802000 r-xp 00001000 fc:01 14433549                   /usr/lib/x86_64-linux-gnu/libicudata.so.74.2
748181802000-74818355e000 r--p 00002000 fc:01 14433549                   /usr/lib/x86_64-linux-gnu/libicudata.so.74.2
74818355e000-74818355f000 r--p 01d5d000 fc:01 14433549                   /usr/lib/x86_64-linux-gnu/libicudata.so.74.2
74818355f000-748183560000 rw-p 01d5e000 fc:01 14433549                   /usr/lib/x86_64-linux-gnu/libicudata.so.74.2
748183560000-748183561000 r--s 00000000 fc:01 11411742                   /var/cache/fontconfig/3334a778d104e76d188e9df399bc24d2-le64.cache-9
748183561000-748183562000 r--p 00000000 fc:01 15092624                   /usr/lib/x86_64-linux-gnu/vlc/plugins/logger/libsd_journal_plugin.so
748183562000-748183563000 r-xp 00001000 fc:01 15092624                   /usr/lib/x86_64-linux-gnu/vlc/plugins/logger/libsd_journal_plugin.so
748183563000-748183564000 r--p 00002000 fc:01 15092624                   /usr/lib/x86_64-linux-gnu/vlc/plugins/logger/libsd_journal_plugin.so
748183564000-748183565000 r--p 00002000 fc:01 15092624                   /usr/lib/x86_64-linux-gnu/vlc/plugins/logger/libsd_journal_plugin.so
748183565000-748183566000 rw-p 00003000 fc:01 15092624                   /usr/lib/x86_64-linux-gnu/vlc/plugins/logger/libsd_journal_plugin.so
748183566000-748183568000 r--p 00000000 fc:01 14419399                   /usr/lib/x86_64-linux-gnu/libpcre2-8.so.0.11.2
748183568000-7481835d6000 r-xp 00002000 fc:01 14419399                   /usr/lib/x86_64-linux-gnu/libpcre2-8.so.0.11.2
7481835d6000-7481835fe000 r--p 00070000 fc:01 14419399                   /usr/lib/x86_64-linux-gnu/libpcre2-8.so.0.11.2
7481835fe000-7481835ff000 r--p 00097000 fc:01 14419399                   /usr/lib/x86_64-linux-gnu/libpcre2-8.so.0.11.2
7481835ff000-748183600000 rw-p 00098000 fc:01 14419399                   /usr/lib/x86_64-linux-gnu/libpcre2-8.so.0.11.2
748183600000-74818b808000 r-xp 00000000 fc:01 14419721                   /usr/lib/x86_64-linux-gnu/libLLVM.so.20.1
74818b808000-74818b809000 ---p 08208000 fc:01 14419721                   /usr/lib/x86_64-linux-gnu/libLLVM.so.20.1
74818b809000-74818be9e000 r--p 08208000 fc:01 14419721                   /usr/lib/x86_64-linux-gnu/libLLVM.so.20.1
74818be9e000-74818bee6000 rw-p 0889d000 fc:01 14419721                   /usr/lib/x86_64-linux-gnu/libLLVM.so.20.1
74818bee6000-74818bf8e000 rw-p 00000000 00:00 0 
74818bf8e000-74818bf8f000 r--p 00000000 fc:01 14449447                   /usr/lib/x86_64-linux-gnu/libpthread.so.0
74818bf8f000-74818bf90000 r-xp 00001000 fc:01 14449447                   /usr/lib/x86_64-linux-gnu/libpthread.so.0
74818bf90000-74818bf91000 r--p 00002000 fc:01 14449447                   /usr/lib/x86_64-linux-gnu/libpthread.so.0
74818bf91000-74818bf92000 r--p 00002000 fc:01 14449447                   /usr/lib/x86_64-linux-gnu/libpthread.so.0
74818bf92000-74818bf93000 rw-p 00003000 fc:01 14449447                   /usr/lib/x86_64-linux-gnu/libpthread.so.0
74818bf93000-74818bf95000 r--p 00000000 fc:01 14433325                   /usr/lib/x86_64-linux-gnu/libdatrie.so.1.4.0
74818bf95000-74818bf99000 r-xp 00002000 fc:01 14433325                   /usr/lib/x86_64-linux-gnu/libdatrie.so.1.4.0
74818bf99000-74818bf9a000 r--p 00006000 fc:01 14433325                   /usr/lib/x86_64-linux-gnu/libdatrie.so.1.4.0
74818bf9a000-74818bf9b000 r--p 00006000 fc:01 14433325                   /usr/lib/x86_64-linux-gnu/libdatrie.so.1.4.0
74818bf9b000-74818bf9c000 rw-p 00007000 fc:01 14433325                   /usr/lib/x86_64-linux-gnu/libdatrie.so.1.4.0
74818bf9c000-74818bf9e000 r--p 00000000 fc:01 14433140                   /usr/lib/x86_64-linux-gnu/libXrender.so.1.3.0
74818bf9e000-74818bfa5000 r-xp 00002000 fc:01 14433140                   /usr/lib/x86_64-linux-gnu/libXrender.so.1.3.0
74818bfa5000-74818bfa6000 r--p 00009000 fc:01 14433140                   /usr/lib/x86_64-linux-gnu/libXrender.so.1.3.0
74818bfa6000-74818bfa7000 r--p 00009000 fc:01 14433140                   /usr/lib/x86_64-linux-gnu/libXrender.so.1.3.0
74818bfa7000-74818bfa8000 rw-p 0000a000 fc:01 14433140                   /usr/lib/x86_64-linux-gnu/libXrender.so.1.3.0
74818bfa8000-74818bfaa000 r--p 00000000 fc:01 14433885                   /usr/lib/x86_64-linux-gnu/libthai.so.0.3.1
74818bfaa000-74818bfae000 r-xp 00002000 fc:01 14433885                   /usr/lib/x86_64-linux-gnu/libthai.so.0.3.1
74818bfae000-74818bfb1000 r--p 00006000 fc:01 14433885                   /usr/lib/x86_64-linux-gnu/libthai.so.0.3.1
74818bfb1000-74818bfb2000 r--p 00008000 fc:01 14433885                   /usr/lib/x86_64-linux-gnu/libthai.so.0.3.1
74818bfb2000-74818bfb3000 rw-p 00009000 fc:01 14433885                   /usr/lib/x86_64-linux-gnu/libthai.so.0.3.1
74818bfb3000-74818bfbc000 r--p 00000000 fc:01 14419299                   /usr/lib/x86_64-linux-gnu/libmount.so.1.1.0
74818bfbc000-74818bff0000 r-xp 00009000 fc:01 14419299                   /usr/lib/x86_64-linux-gnu/libmount.so.1.1.0
74818bff0000-74818bffd000 r--p 0003d000 fc:01 14419299                   /usr/lib/x86_64-linux-gnu/libmount.so.1.1.0
74818bffd000-74818bfff000 r--p 00049000 fc:01 14419299                   /usr/lib/x86_64-linux-gnu/libmount.so.1.1.0
74818bfff000-74818c000000 rw-p 0004b000 fc:01 14419299                   /usr/lib/x86_64-linux-gnu/libmount.so.1.1.0
74818c000000-74818c021000 rw-p 00000000 00:00 0 
74818c021000-748190000000 ---p 00000000 00:00 0 
748190000000-748191320000 rw-p 00000000 00:00 0 
748191320000-748194000000 ---p 00000000 00:00 0 
748194000000-748194fc2000 rw-p 00000000 00:00 0 
748194fc2000-748198000000 ---p 00000000 00:00 0 
748198000000-74819951a000 rw-p 00000000 00:00 0 
74819951a000-74819c000000 ---p 00000000 00:00 0 
74819c000000-74819c845000 rw-p 00000000 00:00 0 
74819c845000-7481a0000000 ---p 00000000 00:00 0 
7481a0000000-7481a0021000 rw-p 00000000 00:00 0 
7481a0021000-7481a4000000 ---p 00000000 00:00 0 
7481a4000000-7481a4021000 rw-p 00000000 00:00 0 
7481a4021000-7481a8000000 ---p 00000000 00:00 0 
7481a8000000-7481a98fa000 rw-p 00000000 00:00 0 
7481a98fa000-7481ac000000 ---p 00000000 00:00 0 
7481ac000000-7481ac021000 rw-p 00000000 00:00 0 
7481ac021000-7481b0000000 ---p 00000000 00:00 0 
7481b0000000-7481b0021000 rw-p 00000000 00:00 0 
7481b0021000-7481b4000000 ---p 00000000 00:00 0 
7481b4000000-7481b4021000 rw-p 00000000 00:00 0 
7481b4021000-7481b8000000 ---p 00000000 00:00 0 
7481b8000000-7481b8021000 rw-p 00000000 00:00 0 
7481b8021000-7481bc000000 ---p 00000000 00:00 0 
7481bc000000-7481bc021000 rw-p 00000000 00:00 0 
7481bc021000-7481c0000000 ---p 00000000 00:00 0 
7481c0000000-7481c0001000 r--s 00000000 fc:01 11411735                   /var/cache/fontconfig/875e664e2852a379cc88176b1b54567f-le64.cache-9
7481c0001000-7481c0002000 r--s 00000000 fc:01 11411732                   /var/cache/fontconfig/c277e94e32b20404286a1ddafa5a80f0-le64.cache-9
7481c0002000-7481c0003000 r--p 00000000 fc:01 14435947                   /usr/lib/x86_64-linux-gnu/libgthread-2.0.so.0.8000.0
7481c0003000-7481c0004000 r-xp 00001000 fc:01 14435947                   /usr/lib/x86_64-linux-gnu/libgthread-2.0.so.0.8000.0
7481c0004000-7481c0005000 r--p 00002000 fc:01 14435947                   /usr/lib/x86_64-linux-gnu/libgthread-2.0.so.0.8000.0
7481c0005000-7481c0006000 r--p 00002000 fc:01 14435947                   /usr/lib/x86_64-linux-gnu/libgthread-2.0.so.0.8000.0
7481c0006000-7481c0007000 rw-p 00003000 fc:01 14435947                   /usr/lib/x86_64-linux-gnu/libgthread-2.0.so.0.8000.0
7481c0007000-7481c0008000 r--p 00000000 fc:01 14433135                   /usr/lib/x86_64-linux-gnu/libXinerama.so.1.0.0
7481c0008000-7481c0009000 r-xp 00001000 fc:01 14433135                   /usr/lib/x86_64-linux-gnu/libXinerama.so.1.0.0
7481c0009000-7481c000a000 r--p 00002000 fc:01 14433135                   /usr/lib/x86_64-linux-gnu/libXinerama.so.1.0.0
7481c000a000-7481c000b000 r--p 00002000 fc:01 14433135                   /usr/lib/x86_64-linux-gnu/libXinerama.so.1.0.0
7481c000b000-7481c000c000 rw-p 00003000 fc:01 14433135                   /usr/lib/x86_64-linux-gnu/libXinerama.so.1.0.0
7481c000c000-7481c000e000 r--p 00000000 fc:01 14433139                   /usr/lib/x86_64-linux-gnu/libXrandr.so.2.2.0
7481c000e000-7481c0015000 r-xp 00002000 fc:01 14433139                   /usr/lib/x86_64-linux-gnu/libXrandr.so.2.2.0
7481c0015000-7481c0017000 r--p 00009000 fc:01 14433139                   /usr/lib/x86_64-linux-gnu/libXrandr.so.2.2.0
7481c0017000-7481c0018000 r--p 0000a000 fc:01 14433139                   /usr/lib/x86_64-linux-gnu/libXrandr.so.2.2.0
7481c0018000-7481c0019000 rw-p 0000b000 fc:01 14433139                   /usr/lib/x86_64-linux-gnu/libXrandr.so.2.2.0
7481c0019000-7481c001a000 r--p 00000000 fc:01 14433126                   /usr/lib/x86_64-linux-gnu/libXcomposite.so.1.0.0
7481c001a000-7481c001b000 r-xp 00001000 fc:01 14433126                   /usr/lib/x86_64-linux-gnu/libXcomposite.so.1.0.0
7481c001b000-7481c001c000 r--p 00002000 fc:01 14433126                   /usr/lib/x86_64-linux-gnu/libXcomposite.so.1.0.0
7481c001c000-7481c001d000 r--p 00002000 fc:01 14433126                   /usr/lib/x86_64-linux-gnu/libXcomposite.so.1.0.0
7481c001d000-7481c001e000 rw-p 00003000 fc:01 14433126                   /usr/lib/x86_64-linux-gnu/libXcomposite.so.1.0.0
7481c001e000-7481c0020000 r--p 00000000 fc:01 14433127                   /usr/lib/x86_64-linux-gnu/libXcursor.so.1.0.2
7481c0020000-7481c0026000 r-xp 00002000 fc:01 14433127                   /usr/lib/x86_64-linux-gnu/libXcursor.so.1.0.2
7481c0026000-7481c0028000 r--p 00008000 fc:01 14433127                   /usr/lib/x86_64-linux-gnu/libXcursor.so.1.0.2
7481c0028000-7481c0029000 r--p 00009000 fc:01 14433127                   /usr/lib/x86_64-linux-gnu/libXcursor.so.1.0.2
7481c0029000-7481c002a000 rw-p 0000a000 fc:01 14433127                   /usr/lib/x86_64-linux-gnu/libXcursor.so.1.0.2
7481c002a000-7481c002f000 r--p 00000000 fc:01 14433996                   /usr/lib/x86_64-linux-gnu/libxkbcommon.so.0.0.0
7481c002f000-7481c004f000 r-xp 00005000 fc:01 14433996                   /usr/lib/x86_64-linux-gnu/libxkbcommon.so.0.0.0
7481c004f000-7481c0070000 r--p 00025000 fc:01 14433996                   /usr/lib/x86_64-linux-gnu/libxkbcommon.so.0.0.0
7481c0070000-7481c0072000 r--p 00045000 fc:01 14433996                   /usr/lib/x86_64-linux-gnu/libxkbcommon.so.0.0.0
7481c0072000-7481c0073000 rw-p 00047000 fc:01 14433996                   /usr/lib/x86_64-linux-gnu/libxkbcommon.so.0.0.0
7481c0073000-7481c007f000 r--p 00000000 fc:01 14433233                   /usr/lib/x86_64-linux-gnu/libatk-bridge-2.0.so.0.0.0
7481c007f000-7481c0099000 r-xp 0000c000 fc:01 14433233                   /usr/lib/x86_64-linux-gnu/libatk-bridge-2.0.so.0.0.0
7481c0099000-7481c00ac000 r--p 00026000 fc:01 14433233                   /usr/lib/x86_64-linux-gnu/libatk-bridge-2.0.so.0.0.0
7481c00ac000-7481c00ad000 r--p 00039000 fc:01 14433233                   /usr/lib/x86_64-linux-gnu/libatk-bridge-2.0.so.0.0.0
7481c00ad000-7481c00af000 rw-p 0003a000 fc:01 14433233                   /usr/lib/x86_64-linux-gnu/libatk-bridge-2.0.so.0.0.0
7481c00af000-7481c00ba000 r--p 00000000 fc:01 14433531                   /usr/lib/x86_64-linux-gnu/libharfbuzz.so.0.60830.0
7481c00ba000-7481c0188000 r-xp 0000b000 fc:01 14433531                   /usr/lib/x86_64-linux-gnu/libharfbuzz.so.0.60830.0
7481c0188000-7481c01ba000 r--p 000d9000 fc:01 14433531                   /usr/lib/x86_64-linux-gnu/libharfbuzz.so.0.60830.0
7481c01ba000-7481c01bb000 r--p 0010b000 fc:01 14433531                   /usr/lib/x86_64-linux-gnu/libharfbuzz.so.0.60830.0
7481c01bb000-7481c01bc000 rw-p 0010c000 fc:01 14433531                   /usr/lib/x86_64-linux-gnu/libharfbuzz.so.0.60830.0
7481c01bc000-7481c01da000 r--p 00000000 fc:01 14426594                   /usr/lib/x86_64-linux-gnu/libglib-2.0.so.0.8000.0
7481c01da000-7481c027a000 r-xp 0001e000 fc:01 14426594                   /usr/lib/x86_64-linux-gnu/libglib-2.0.so.0.8000.0
7481c027a000-7481c0302000 r--p 000be000 fc:01 14426594                   /usr/lib/x86_64-linux-gnu/libglib-2.0.so.0.8000.0
7481c0302000-7481c0303000 r--p 00146000 fc:01 14426594                   /usr/lib/x86_64-linux-gnu/libglib-2.0.so.0.8000.0
7481c0303000-7481c0304000 rw-p 00147000 fc:01 14426594                   /usr/lib/x86_64-linux-gnu/libglib-2.0.so.0.8000.0
7481c0304000-7481c0305000 rw-p 00000000 00:00 0 
7481c0305000-7481c032f000 r--p 00000000 fc:01 14421603                   /usr/lib/x86_64-linux-gnu/libgdk-3.so.0.2409.32
7481c032f000-7481c03b3000 r-xp 0002a000 fc:01 14421603                   /usr/lib/x86_64-linux-gnu/libgdk-3.so.0.2409.32
7481c03b3000-7481c03f5000 r--p 000ae000 fc:01 14421603                   /usr/lib/x86_64-linux-gnu/libgdk-3.so.0.2409.32
7481c03f5000-7481c03fe000 r--p 000ef000 fc:01 14421603                   /usr/lib/x86_64-linux-gnu/libgdk-3.so.0.2409.32
7481c03fe000-7481c0400000 rw-p 000f8000 fc:01 14421603                   /usr/lib/x86_64-linux-gnu/libgdk-3.so.0.2409.32
7481c0400000-7481c04cf000 r--p 00000000 fc:01 14420494                   /usr/lib/x86_64-linux-gnu/libgallium-25.2.8-0ubuntu0.24.04.2.so
7481c04cf000-7481c1ce2000 r-xp 000cf000 fc:01 14420494                   /usr/lib/x86_64-linux-gnu/libgallium-25.2.8-0ubuntu0.24.04.2.so
7481c1ce2000-7481c2c21000 r--p 018e2000 fc:01 14420494                   /usr/lib/x86_64-linux-gnu/libgallium-25.2.8-0ubuntu0.24.04.2.so
7481c2c21000-7481c2d47000 r--p 02821000 fc:01 14420494                   /usr/lib/x86_64-linux-gnu/libgallium-25.2.8-0ubuntu0.24.04.2.so
7481c2d47000-7481c2d69000 rw-p 02947000 fc:01 14420494                   /usr/lib/x86_64-linux-gnu/libgallium-25.2.8-0ubuntu0.24.04.2.so
7481c2d69000-7481c2f33000 rw-p 00000000 00:00 0 
7481c2f33000-7481c2f34000 r--p 00000000 fc:01 14433128                   /usr/lib/x86_64-linux-gnu/libXdamage.so.1.1.0
7481c2f34000-7481c2f35000 r-xp 00001000 fc:01 14433128                   /usr/lib/x86_64-linux-gnu/libXdamage.so.1.1.0
7481c2f35000-7481c2f36000 r--p 00002000 fc:01 14433128                   /usr/lib/x86_64-linux-gnu/libXdamage.so.1.1.0
7481c2f36000-7481c2f37000 r--p 00002000 fc:01 14433128                   /usr/lib/x86_64-linux-gnu/libXdamage.so.1.1.0
7481c2f37000-7481c2f38000 rw-p 00003000 fc:01 14433128                   /usr/lib/x86_64-linux-gnu/libXdamage.so.1.1.0
7481c2f38000-7481c2f39000 r--p 00000000 fc:01 14433950                   /usr/lib/x86_64-linux-gnu/libwayland-egl.so.1.22.0
7481c2f39000-7481c2f3a000 r-xp 00001000 fc:01 14433950                   /usr/lib/x86_64-linux-gnu/libwayland-egl.so.1.22.0
7481c2f3a000-7481c2f3b000 r--p 00002000 fc:01 14433950                   /usr/lib/x86_64-linux-gnu/libwayland-egl.so.1.22.0
7481c2f3b000-7481c2f3c000 r--p 00002000 fc:01 14433950                   /usr/lib/x86_64-linux-gnu/libwayland-egl.so.1.22.0
7481c2f3c000-7481c2f3d000 rw-p 00003000 fc:01 14433950                   /usr/lib/x86_64-linux-gnu/libwayland-egl.so.1.22.0
7481c2f3d000-7481c2f3f000 r--p 00000000 fc:01 14433949                   /usr/lib/x86_64-linux-gnu/libwayland-cursor.so.0.22.0
7481c2f3f000-7481c2f41000 r-xp 00002000 fc:01 14433949                   /usr/lib/x86_64-linux-gnu/libwayland-cursor.so.0.22.0
7481c2f41000-7481c2f42000 r--p 00004000 fc:01 14433949                   /usr/lib/x86_64-linux-gnu/libwayland-cursor.so.0.22.0
7481c2f42000-7481c2f43000 r--p 00004000 fc:01 14433949                   /usr/lib/x86_64-linux-gnu/libwayland-cursor.so.0.22.0
7481c2f43000-7481c2f47000 rw-p 00005000 fc:01 14433949                   /usr/lib/x86_64-linux-gnu/libwayland-cursor.so.0.22.0
7481c2f47000-7481c2f4c000 r--p 00000000 fc:01 14433948                   /usr/lib/x86_64-linux-gnu/libwayland-client.so.0.22.0
7481c2f4c000-7481c2f52000 r-xp 00005000 fc:01 14433948                   /usr/lib/x86_64-linux-gnu/libwayland-client.so.0.22.0
7481c2f52000-7481c2f54000 r--p 0000b000 fc:01 14433948                   /usr/lib/x86_64-linux-gnu/libwayland-client.so.0.22.0
7481c2f54000-7481c2f56000 r--p 0000d000 fc:01 14433948                   /usr/lib/x86_64-linux-gnu/libwayland-client.so.0.22.0
7481c2f56000-7481c2f57000 rw-p 0000f000 fc:01 14433948                   /usr/lib/x86_64-linux-gnu/libwayland-client.so.0.22.0
7481c2f57000-7481c2f62000 r--p 00000000 fc:01 14433232                   /usr/lib/x86_64-linux-gnu/libatk-1.0.so.0.25209.1
7481c2f62000-7481c2f72000 r-xp 0000b000 fc:01 14433232                   /usr/lib/x86_64-linux-gnu/libatk-1.0.so.0.25209.1
7481c2f72000-7481c2f7d000 r--p 0001b000 fc:01 14433232                   /usr/lib/x86_64-linux-gnu/libatk-1.0.so.0.25209.1
7481c2f7d000-7481c2f80000 r--p 00026000 fc:01 14433232                   /usr/lib/x86_64-linux-gnu/libatk-1.0.so.0.25209.1
7481c2f80000-7481c2f81000 rw-p 00029000 fc:01 14433232                   /usr/lib/x86_64-linux-gnu/libatk-1.0.so.0.25209.1
7481c2f81000-7481c2f89000 r--p 00000000 fc:01 14424057                   /usr/lib/x86_64-linux-gnu/libgdk_pixbuf-2.0.so.0.4200.10
7481c2f89000-7481c2fa4000 r-xp 00008000 fc:01 14424057                   /usr/lib/x86_64-linux-gnu/libgdk_pixbuf-2.0.so.0.4200.10
7481c2fa4000-7481c2fad000 r--p 00023000 fc:01 14424057                   /usr/lib/x86_64-linux-gnu/libgdk_pixbuf-2.0.so.0.4200.10
7481c2fad000-7481c2fae000 r--p 0002c000 fc:01 14424057                   /usr/lib/x86_64-linux-gnu/libgdk_pixbuf-2.0.so.0.4200.10
7481c2fae000-7481c2faf000 rw-p 0002d000 fc:01 14424057                   /usr/lib/x86_64-linux-gnu/libgdk_pixbuf-2.0.so.0.4200.10
7481c2faf000-7481c2fb7000 r--p 00000000 fc:01 14433406                   /usr/lib/x86_64-linux-gnu/libfontconfig.so.1.12.1
7481c2fb7000-7481c2fe6000 r-xp 00008000 fc:01 14433406                   /usr/lib/x86_64-linux-gnu/libfontconfig.so.1.12.1
7481c2fe6000-7481c2ffd000 r--p 00037000 fc:01 14433406                   /usr/lib/x86_64-linux-gnu/libfontconfig.so.1.12.1
7481c2ffd000-7481c2fff000 r--p 0004d000 fc:01 14433406                   /usr/lib/x86_64-linux-gnu/libfontconfig.so.1.12.1
7481c2fff000-7481c3000000 rw-p 0004f000 fc:01 14433406                   /usr/lib/x86_64-linux-gnu/libfontconfig.so.1.12.1
7481c3000000-7481c3400000 rw-p 00000000 00:00 0 
7481c3400000-7481c3b80000 rw-p 00000000 00:00 0 
7481c3b80000-7481c3c00000 rw-p 00000000 00:00 0 
7481c3c00000-7481c3d80000 rw-p 00000000 00:00 0 
7481c3d80000-7481c3e00000 rw-p 00000000 00:00 0 
7481c3e00000-7481c4000000 rw-p 00000000 00:00 0 
7481c4000000-7481c41c0000 rw-p 00000000 00:00 0 
7481c41c0000-7481c4200000 rw-p 00000000 00:00 0 
7481c4200000-7481c4500000 rw-p 00000000 00:00 0 
7481c4500000-7481c4590000 rw-p 00000000 00:00 0 
7481c4590000-7481c4600000 ---p 00000000 00:00 0 
7481c4600000-7481c4940000 rw-p 00000000 00:00 0 
7481c4940000-7481c7000000 ---p 00000000 00:00 0 
7481c7000000-7481c7c9c000 rw-p 00001000 fc:01 15864276                   /usr/lib/jvm/java-21-openjdk-amd64/lib/server/classes.jsa
7481c7c9c000-7481c8000000 ---p 00000000 00:00 0 
7481c8000000-7481c8040000 rw-p 00000000 00:00 0 
7481c8040000-7481c8080000 rw-p 00000000 00:00 0 
7481c8080000-7481c8100000 rw-p 00000000 00:00 0 
7481c8100000-7481c81c0000 rw-p 00000000 00:00 0 
7481c81c0000-7481c81f0000 rw-p 00000000 00:00 0 
7481c81f0000-7481c8200000 ---p 00000000 00:00 0 
7481c8200000-7481c8450000 rw-p 00000000 00:00 0 
7481c8450000-748208000000 ---p 00000000 00:00 0 
748208000000-748208021000 rw-p 00000000 00:00 0 
748208021000-74820c000000 ---p 00000000 00:00 0 
74820c000000-74820c021000 rw-p 00000000 00:00 0 
74820c021000-748210000000 ---p 00000000 00:00 0 
748210000000-748210021000 rw-p 00000000 00:00 0 
748210021000-748214000000 ---p 00000000 00:00 0 
748214000000-748214003000 r--s 00000000 fc:01 25040067                   /home/bloch/.cache/fontconfig/66a0a54b130b3a3875a1e08e58f77dd2-le64.cache-9
748214003000-748214006000 r--p 00000000 fc:01 14433134                   /usr/lib/x86_64-linux-gnu/libXi.so.6.1.0
748214006000-748214012000 r-xp 00003000 fc:01 14433134                   /usr/lib/x86_64-linux-gnu/libXi.so.6.1.0
748214012000-748214014000 r--p 0000f000 fc:01 14433134                   /usr/lib/x86_64-linux-gnu/libXi.so.6.1.0
748214014000-748214015000 r--p 00011000 fc:01 14433134                   /usr/lib/x86_64-linux-gnu/libXi.so.6.1.0
748214015000-748214016000 rw-p 00012000 fc:01 14433134                   /usr/lib/x86_64-linux-gnu/libXi.so.6.1.0
748214016000-74821401a000 r--p 00000000 fc:01 14433284                   /usr/lib/x86_64-linux-gnu/libcairo-gobject.so.2.11800.0
74821401a000-74821401c000 r-xp 00004000 fc:01 14433284                   /usr/lib/x86_64-linux-gnu/libcairo-gobject.so.2.11800.0
74821401c000-74821401f000 r--p 00006000 fc:01 14433284                   /usr/lib/x86_64-linux-gnu/libcairo-gobject.so.2.11800.0
74821401f000-748214021000 r--p 00008000 fc:01 14433284                   /usr/lib/x86_64-linux-gnu/libcairo-gobject.so.2.11800.0
748214021000-748214022000 rw-p 0000a000 fc:01 14433284                   /usr/lib/x86_64-linux-gnu/libcairo-gobject.so.2.11800.0
748214022000-748214035000 r--p 00000000 fc:01 14433734                   /usr/lib/x86_64-linux-gnu/libpango-1.0.so.0.5200.1
748214035000-74821406e000 r-xp 00013000 fc:01 14433734                   /usr/lib/x86_64-linux-gnu/libpango-1.0.so.0.5200.1
74821406e000-748214088000 r--p 0004c000 fc:01 14433734                   /usr/lib/x86_64-linux-gnu/libpango-1.0.so.0.5200.1
748214088000-74821408c000 r--p 00065000 fc:01 14433734                   /usr/lib/x86_64-linux-gnu/libpango-1.0.so.0.5200.1
74821408c000-74821408d000 rw-p 00069000 fc:01 14433734                   /usr/lib/x86_64-linux-gnu/libpango-1.0.so.0.5200.1
74821408d000-7482140ad000 rw-s 1054d7000 00:11 1064                      anon_inode:i915.gem
7482140ad000-7482140ae000 r--s 00000000 fc:01 11411730                   /var/cache/fontconfig/4cb9baa50231927582528d85cee63f48-le64.cache-9
7482140ae000-7482140b0000 r--p 00000000 fc:01 14433422                   /usr/lib/x86_64-linux-gnu/libfribidi.so.0.4.0
7482140b0000-7482140b4000 r-xp 00002000 fc:01 14433422                   /usr/lib/x86_64-linux-gnu/libfribidi.so.0.4.0
7482140b4000-7482140ca000 r--p 00006000 fc:01 14433422                   /usr/lib/x86_64-linux-gnu/libfribidi.so.0.4.0
7482140ca000-7482140cb000 r--p 0001c000 fc:01 14433422                   /usr/lib/x86_64-linux-gnu/libfribidi.so.0.4.0
7482140cb000-7482140cc000 rw-p 0001d000 fc:01 14433422                   /usr/lib/x86_64-linux-gnu/libfribidi.so.0.4.0
7482140cc000-7482140d4000 r--p 00000000 fc:01 14433736                   /usr/lib/x86_64-linux-gnu/libpangoft2-1.0.so.0.5200.1
7482140d4000-7482140e1000 r-xp 00008000 fc:01 14433736                   /usr/lib/x86_64-linux-gnu/libpangoft2-1.0.so.0.5200.1
7482140e1000-7482140e5000 r--p 00015000 fc:01 14433736                   /usr/lib/x86_64-linux-gnu/libpangoft2-1.0.so.0.5200.1
7482140e5000-7482140e6000 r--p 00019000 fc:01 14433736                   /usr/lib/x86_64-linux-gnu/libpangoft2-1.0.so.0.5200.1
7482140e6000-7482140e7000 rw-p 0001a000 fc:01 14433736                   /usr/lib/x86_64-linux-gnu/libpangoft2-1.0.so.0.5200.1
7482140e7000-7482140ec000 r--p 00000000 fc:01 14433735                   /usr/lib/x86_64-linux-gnu/libpangocairo-1.0.so.0.5200.1
7482140ec000-7482140f4000 r-xp 00005000 fc:01 14433735                   /usr/lib/x86_64-linux-gnu/libpangocairo-1.0.so.0.5200.1
7482140f4000-7482140f6000 r--p 0000d000 fc:01 14433735                   /usr/lib/x86_64-linux-gnu/libpangocairo-1.0.so.0.5200.1
7482140f6000-7482140f7000 r--p 0000f000 fc:01 14433735                   /usr/lib/x86_64-linux-gnu/libpangocairo-1.0.so.0.5200.1
7482140f7000-7482140f8000 rw-p 00010000 fc:01 14433735                   /usr/lib/x86_64-linux-gnu/libpangocairo-1.0.so.0.5200.1
7482140f8000-748214107000 r--p 00000000 fc:01 14435946                   /usr/lib/x86_64-linux-gnu/libgobject-2.0.so.0.8000.0
748214107000-74821413e000 r-xp 0000f000 fc:01 14435946                   /usr/lib/x86_64-linux-gnu/libgobject-2.0.so.0.8000.0
74821413e000-748214157000 r--p 00046000 fc:01 14435946                   /usr/lib/x86_64-linux-gnu/libgobject-2.0.so.0.8000.0
748214157000-74821415a000 r--p 0005e000 fc:01 14435946                   /usr/lib/x86_64-linux-gnu/libgobject-2.0.so.0.8000.0
74821415a000-74821415b000 rw-p 00061000 fc:01 14435946                   /usr/lib/x86_64-linux-gnu/libgobject-2.0.so.0.8000.0
74821415b000-74821415c000 r--s 00000000 fc:01 11411728                   /var/cache/fontconfig/443576e274091c064a264b43ae01d703-le64.cache-9
74821415c000-748214178000 r--p 00000000 fc:01 14706736                   /usr/share/locale-langpack/fr/LC_MESSAGES/gtk30.mo
748214178000-748214198000 rw-s 1022fe000 00:11 1064                      anon_inode:i915.gem
7482141a8000-7482141b8000 rw-s 10224e000 00:11 1064                      anon_inode:i915.gem
7482141b8000-7482141d8000 rw-s 105b9b000 00:11 1064                      anon_inode:i915.gem
7482141d8000-748214258000 rw-s 104149000 00:11 1064                      anon_inode:i915.gem
748214258000-748214259000 ---p 00000000 00:00 0 
748214259000-748214a59000 rw-p 00000000 00:00 0 
748214a59000-748214a5a000 ---p 00000000 00:00 0 
748214a5a000-74821525a000 rw-p 00000000 00:00 0 
74821525a000-74821539b000 rw-s 00000000 fc:01 25040328                   /home/bloch/.cache/mesa_shader_cache/index
74821539b000-7482153db000 rw-s 105beb000 00:11 1064                      anon_inode:i915.gem
7482153db000-7482155db000 rw-s 1087e1000 00:11 1064                      anon_inode:i915.gem
7482155db000-748215600000 r--p 00000000 fc:01 14724098                   /usr/share/locale-langpack/fr/LC_MESSAGES/libc.mo
748215600000-748215668000 r--p 00000000 fc:01 14433554                   /usr/lib/x86_64-linux-gnu/libicuuc.so.74.2
748215668000-74821576d000 r-xp 00068000 fc:01 14433554                   /usr/lib/x86_64-linux-gnu/libicuuc.so.74.2
74821576d000-7482157f7000 r--p 0016d000 fc:01 14433554                   /usr/lib/x86_64-linux-gnu/libicuuc.so.74.2
7482157f7000-74821580a000 r--p 001f7000 fc:01 14433554                   /usr/lib/x86_64-linux-gnu/libicuuc.so.74.2
74821580a000-74821580b000 rw-p 0020a000 fc:01 14433554                   /usr/lib/x86_64-linux-gnu/libicuuc.so.74.2
74821580b000-74821580d000 rw-p 00000000 00:00 0 
74821580d000-74821580e000 r--s 00000000 fc:01 11411724                   /var/cache/fontconfig/437bab76334ce2bef022d942ecdc4db4-le64.cache-9
74821580e000-748215810000 r--p 00000000 fc:01 14433131                   /usr/lib/x86_64-linux-gnu/libXfixes.so.3.1.0
748215810000-748215813000 r-xp 00002000 fc:01 14433131                   /usr/lib/x86_64-linux-gnu/libXfixes.so.3.1.0
748215813000-748215814000 r--p 00005000 fc:01 14433131                   /usr/lib/x86_64-linux-gnu/libXfixes.so.3.1.0
748215814000-748215815000 r--p 00005000 fc:01 14433131                   /usr/lib/x86_64-linux-gnu/libXfixes.so.3.1.0
748215815000-748215816000 rw-p 00006000 fc:01 14433131                   /usr/lib/x86_64-linux-gnu/libXfixes.so.3.1.0
748215816000-748215818000 r--p 00000000 fc:01 14433241                   /usr/lib/x86_64-linux-gnu/libgmodule-2.0.so.0.8000.0
748215818000-74821581a000 r-xp 00002000 fc:01 14433241                   /usr/lib/x86_64-linux-gnu/libgmodule-2.0.so.0.8000.0
74821581a000-74821581b000 r--p 00004000 fc:01 14433241                   /usr/lib/x86_64-linux-gnu/libgmodule-2.0.so.0.8000.0
74821581b000-74821581c000 r--p 00004000 fc:01 14433241                   /usr/lib/x86_64-linux-gnu/libgmodule-2.0.so.0.8000.0
74821581c000-74821581d000 rw-p 00005000 fc:01 14433241                   /usr/lib/x86_64-linux-gnu/libgmodule-2.0.so.0.8000.0
74821581d000-74821581e000 r--p 00000000 fc:01 14449270                   /usr/lib/x86_64-linux-gnu/libdl.so.2
74821581e000-74821581f000 r-xp 00001000 fc:01 14449270                   /usr/lib/x86_64-linux-gnu/libdl.so.2
74821581f000-748215820000 r--p 00002000 fc:01 14449270                   /usr/lib/x86_64-linux-gnu/libdl.so.2
748215820000-748215821000 r--p 00002000 fc:01 14449270                   /usr/lib/x86_64-linux-gnu/libdl.so.2
748215821000-748215822000 rw-p 00003000 fc:01 14449270                   /usr/lib/x86_64-linux-gnu/libdl.so.2
748215822000-748215825000 r--p 00000000 fc:01 14420731                   /usr/lib/x86_64-linux-gnu/liblzma.so.5.4.5
748215825000-748215847000 r-xp 00003000 fc:01 14420731                   /usr/lib/x86_64-linux-gnu/liblzma.so.5.4.5
748215847000-748215852000 r--p 00025000 fc:01 14420731                   /usr/lib/x86_64-linux-gnu/liblzma.so.5.4.5
748215852000-748215853000 r--p 00030000 fc:01 14420731                   /usr/lib/x86_64-linux-gnu/liblzma.so.5.4.5
748215853000-748215854000 rw-p 00031000 fc:01 14420731                   /usr/lib/x86_64-linux-gnu/liblzma.so.5.4.5
748215854000-748215862000 r--p 00000000 fc:01 14431891                   /usr/lib/x86_64-linux-gnu/libtinfo.so.6.4
748215862000-748215875000 r-xp 0000e000 fc:01 14431891                   /usr/lib/x86_64-linux-gnu/libtinfo.so.6.4
748215875000-748215883000 r--p 00021000 fc:01 14431891                   /usr/lib/x86_64-linux-gnu/libtinfo.so.6.4
748215883000-748215887000 r--p 0002e000 fc:01 14431891                   /usr/lib/x86_64-linux-gnu/libtinfo.so.6.4
748215887000-748215888000 rw-p 00032000 fc:01 14431891                   /usr/lib/x86_64-linux-gnu/libtinfo.so.6.4
748215888000-74821588a000 r--p 00000000 fc:01 14431508                   /usr/lib/x86_64-linux-gnu/libpciaccess.so.0.11.1
74821588a000-74821588f000 r-xp 00002000 fc:01 14431508                   /usr/lib/x86_64-linux-gnu/libpciaccess.so.0.11.1
74821588f000-748215891000 r--p 00007000 fc:01 14431508                   /usr/lib/x86_64-linux-gnu/libpciaccess.so.0.11.1
748215891000-748215892000 r--p 00008000 fc:01 14431508                   /usr/lib/x86_64-linux-gnu/libpciaccess.so.0.11.1
748215892000-748215893000 rw-p 00009000 fc:01 14431508                   /usr/lib/x86_64-linux-gnu/libpciaccess.so.0.11.1
748215893000-7482158c2000 r--p 00000000 fc:01 14418792                   /usr/lib/x86_64-linux-gnu/libxml2.so.2.9.14
7482158c2000-748215a28000 r-xp 0002f000 fc:01 14418792                   /usr/lib/x86_64-linux-gnu/libxml2.so.2.9.14
748215a28000-748215a6a000 r--p 00195000 fc:01 14418792                   /usr/lib/x86_64-linux-gnu/libxml2.so.2.9.14
748215a6a000-748215a73000 r--p 001d6000 fc:01 14418792                   /usr/lib/x86_64-linux-gnu/libxml2.so.2.9.14
748215a73000-748215a74000 rw-p 001df000 fc:01 14418792                   /usr/lib/x86_64-linux-gnu/libxml2.so.2.9.14
748215a74000-748215a75000 rw-p 00000000 00:00 0 
748215a75000-748215a7d000 r--p 00000000 fc:01 14433371                   /usr/lib/x86_64-linux-gnu/libedit.so.2.0.72
748215a7d000-748215a9c000 r-xp 00008000 fc:01 14433371                   /usr/lib/x86_64-linux-gnu/libedit.so.2.0.72
748215a9c000-748215aa8000 r--p 00027000 fc:01 14433371                   /usr/lib/x86_64-linux-gnu/libedit.so.2.0.72
748215aa8000-748215aaa000 r--p 00033000 fc:01 14433371                   /usr/lib/x86_64-linux-gnu/libedit.so.2.0.72
748215aaa000-748215aab000 rw-p 00035000 fc:01 14433371                   /usr/lib/x86_64-linux-gnu/libedit.so.2.0.72
748215aab000-748215aaf000 rw-p 00000000 00:00 0 
748215aaf000-748215ab1000 r--p 00000000 fc:01 14433400                   /usr/lib/x86_64-linux-gnu/libffi.so.8.1.4
748215ab1000-748215ab8000 r-xp 00002000 fc:01 14433400                   /usr/lib/x86_64-linux-gnu/libffi.so.8.1.4
748215ab8000-748215ab9000 r--p 00009000 fc:01 14433400                   /usr/lib/x86_64-linux-gnu/libffi.so.8.1.4
748215ab9000-748215aba000 r--p 0000a000 fc:01 14433400                   /usr/lib/x86_64-linux-gnu/libffi.so.8.1.4
748215aba000-748215abb000 rw-p 0000b000 fc:01 14433400                   /usr/lib/x86_64-linux-gnu/libffi.so.8.1.4
748215abb000-748215abe000 r--p 00000000 fc:01 14419383                   /usr/lib/x86_64-linux-gnu/libdrm_intel.so.1.125.0
748215abe000-748215ad4000 r-xp 00003000 fc:01 14419383                   /usr/lib/x86_64-linux-gnu/libdrm_intel.so.1.125.0
748215ad4000-748215add000 r--p 00019000 fc:01 14419383                   /usr/lib/x86_64-linux-gnu/libdrm_intel.so.1.125.0
748215add000-748215ade000 r--p 00021000 fc:01 14419383                   /usr/lib/x86_64-linux-gnu/libdrm_intel.so.1.125.0
748215ade000-748215adf000 rw-p 00022000 fc:01 14419383                   /usr/lib/x86_64-linux-gnu/libdrm_intel.so.1.125.0
748215adf000-748215ae2000 r--p 00000000 fc:01 14431515                   /usr/lib/x86_64-linux-gnu/libelf-0.190.so
748215ae2000-748215af8000 r-xp 00003000 fc:01 14431515                   /usr/lib/x86_64-linux-gnu/libelf-0.190.so
748215af8000-748215afc000 r--p 00019000 fc:01 14431515                   /usr/lib/x86_64-linux-gnu/libelf-0.190.so
748215afc000-748215afd000 r--p 0001c000 fc:01 14431515                   /usr/lib/x86_64-linux-gnu/libelf-0.190.so
748215afd000-748215afe000 rw-p 0001d000 fc:01 14431515                   /usr/lib/x86_64-linux-gnu/libelf-0.190.so
748215afe000-748215b01000 r--p 00000000 fc:01 14419368                   /usr/lib/x86_64-linux-gnu/libdrm_amdgpu.so.1.125.0
748215b01000-748215b07000 r-xp 00003000 fc:01 14419368                   /usr/lib/x86_64-linux-gnu/libdrm_amdgpu.so.1.125.0
748215b07000-748215b09000 r--p 00009000 fc:01 14419368                   /usr/lib/x86_64-linux-gnu/libdrm_amdgpu.so.1.125.0
748215b09000-748215b0a000 r--p 0000a000 fc:01 14419368                   /usr/lib/x86_64-linux-gnu/libdrm_amdgpu.so.1.125.0
748215b0a000-748215b0b000 rw-p 0000b000 fc:01 14419368                   /usr/lib/x86_64-linux-gnu/libdrm_amdgpu.so.1.125.0
748215b0b000-748215b0e000 r--p 00000000 fc:01 14433988                   /usr/lib/x86_64-linux-gnu/libxcb-sync.so.1.0.0
748215b0e000-748215b11000 r-xp 00003000 fc:01 14433988                   /usr/lib/x86_64-linux-gnu/libxcb-sync.so.1.0.0
748215b11000-748215b12000 r--p 00006000 fc:01 14433988                   /usr/lib/x86_64-linux-gnu/libxcb-sync.so.1.0.0
748215b12000-748215b13000 r--p 00007000 fc:01 14433988                   /usr/lib/x86_64-linux-gnu/libxcb-sync.so.1.0.0
748215b13000-748215b14000 rw-p 00008000 fc:01 14433988                   /usr/lib/x86_64-linux-gnu/libxcb-sync.so.1.0.0
748215b14000-748215b1b000 r--p 00000000 fc:01 14433982                   /usr/lib/x86_64-linux-gnu/libxcb-randr.so.0.1.0
748215b1b000-748215b20000 r-xp 00007000 fc:01 14433982                   /usr/lib/x86_64-linux-gnu/libxcb-randr.so.0.1.0
748215b20000-748215b23000 r--p 0000c000 fc:01 14433982                   /usr/lib/x86_64-linux-gnu/libxcb-randr.so.0.1.0
748215b23000-748215b24000 r--p 0000f000 fc:01 14433982                   /usr/lib/x86_64-linux-gnu/libxcb-randr.so.0.1.0
748215b24000-748215b25000 rw-p 00010000 fc:01 14433982                   /usr/lib/x86_64-linux-gnu/libxcb-randr.so.0.1.0
748215b25000-748215b29000 r--p 00000000 fc:01 14434012                   /usr/lib/x86_64-linux-gnu/libzstd.so.1.5.5
748215b29000-748215bd0000 r-xp 00004000 fc:01 14434012                   /usr/lib/x86_64-linux-gnu/libzstd.so.1.5.5
748215bd0000-748215bdd000 r--p 000ab000 fc:01 14434012                   /usr/lib/x86_64-linux-gnu/libzstd.so.1.5.5
748215bdd000-748215bde000 r--p 000b7000 fc:01 14434012                   /usr/lib/x86_64-linux-gnu/libzstd.so.1.5.5
748215bde000-748215bdf000 rw-p 000b8000 fc:01 14434012                   /usr/lib/x86_64-linux-gnu/libzstd.so.1.5.5
748215bdf000-748215be3000 r--p 00000000 fc:01 14425962                   /usr/lib/x86_64-linux-gnu/libexpat.so.1.9.1
748215be3000-748215c00000 r-xp 00004000 fc:01 14425962                   /usr/lib/x86_64-linux-gnu/libexpat.so.1.9.1
748215c00000-748215c08000 r--p 00021000 fc:01 14425962                   /usr/lib/x86_64-linux-gnu/libexpat.so.1.9.1
748215c08000-748215c0a000 r--p 00028000 fc:01 14425962                   /usr/lib/x86_64-linux-gnu/libexpat.so.1.9.1
748215c0a000-748215c0b000 rw-p 0002a000 fc:01 14425962                   /usr/lib/x86_64-linux-gnu/libexpat.so.1.9.1
748215c0b000-748215c4c000 r--p 00000000 fc:01 14433110                   /usr/lib/x86_64-linux-gnu/libGLdispatch.so.0.0.0
748215c4c000-748215c8b000 r-xp 00041000 fc:01 14433110                   /usr/lib/x86_64-linux-gnu/libGLdispatch.so.0.0.0
748215c8b000-748215c9e000 r--p 00080000 fc:01 14433110                   /usr/lib/x86_64-linux-gnu/libGLdispatch.so.0.0.0
748215c9e000-748215cba000 r--p 00093000 fc:01 14433110                   /usr/lib/x86_64-linux-gnu/libGLdispatch.so.0.0.0
748215cba000-748215cbb000 rw-p 000af000 fc:01 14433110                   /usr/lib/x86_64-linux-gnu/libGLdispatch.so.0.0.0
748215cbb000-748215cc3000 rw-p 00000000 00:00 0 
748215cc3000-748215cdc000 r--p 00000000 fc:01 14433122                   /usr/lib/x86_64-linux-gnu/libX11.so.6.4.0
748215cdc000-748215d6c000 r-xp 00019000 fc:01 14433122                   /usr/lib/x86_64-linux-gnu/libX11.so.6.4.0
748215d6c000-748215dfb000 r--p 000a9000 fc:01 14433122                   /usr/lib/x86_64-linux-gnu/libX11.so.6.4.0
748215dfb000-748215dfc000 r--p 00138000 fc:01 14433122                   /usr/lib/x86_64-linux-gnu/libX11.so.6.4.0
748215dfc000-748215e00000 rw-p 00139000 fc:01 14433122                   /usr/lib/x86_64-linux-gnu/libX11.so.6.4.0
748215e00000-748215e04000 ---p 00000000 00:00 0 
748215e04000-748215f00000 rw-p 00000000 00:00 0 
748215f00000-748215f04000 ---p 00000000 00:00 0 
748215f04000-748216000000 rw-p 00000000 00:00 0 
748216000000-748218021000 rw-p 00000000 00:00 0 
748218021000-74821c000000 ---p 00000000 00:00 0 
74821c000000-74821c021000 rw-p 00000000 00:00 0 
74821c021000-748220000000 ---p 00000000 00:00 0 
748220000000-748220021000 rw-p 00000000 00:00 0 
748220021000-748224000000 ---p 00000000 00:00 0 
748224000000-748224001000 r--s 00000000 fc:01 11411723                   /var/cache/fontconfig/199c1c7bd88380a6edcc43c7631ccded-le64.cache-9
748224001000-748224002000 r--s 00000000 fc:01 11408014                   /var/cache/fontconfig/e0aa53bcfa504e64f87823c16bc01eb6-le64.cache-9
748224002000-748224003000 r-xp 00000000 fc:01 11796672                   /tmp/0TPiLG (deleted)
748224003000-748224004000 rw-p 00000000 00:00 0 
748224004000-748224006000 r--p 00000000 fc:01 14433832                   /usr/lib/x86_64-linux-gnu/libsensors.so.5.0.0
748224006000-74822400d000 r-xp 00002000 fc:01 14433832                   /usr/lib/x86_64-linux-gnu/libsensors.so.5.0.0
74822400d000-748224011000 r--p 00009000 fc:01 14433832                   /usr/lib/x86_64-linux-gnu/libsensors.so.5.0.0
748224011000-748224012000 r--p 0000d000 fc:01 14433832                   /usr/lib/x86_64-linux-gnu/libsensors.so.5.0.0
748224012000-748224013000 rw-p 0000e000 fc:01 14433832                   /usr/lib/x86_64-linux-gnu/libsensors.so.5.0.0
748224013000-74822401e000 r--p 00000000 fc:01 14433977                   /usr/lib/x86_64-linux-gnu/libxcb-glx.so.0.0.0
74822401e000-748224027000 r-xp 0000b000 fc:01 14433977                   /usr/lib/x86_64-linux-gnu/libxcb-glx.so.0.0.0
748224027000-74822402c000 r--p 00014000 fc:01 14433977                   /usr/lib/x86_64-linux-gnu/libxcb-glx.so.0.0.0
74822402c000-74822402e000 r--p 00019000 fc:01 14433977                   /usr/lib/x86_64-linux-gnu/libxcb-glx.so.0.0.0
74822402e000-74822402f000 rw-p 0001b000 fc:01 14433977                   /usr/lib/x86_64-linux-gnu/libxcb-glx.so.0.0.0
74822402f000-748224033000 ---p 00000000 00:00 0 
748224033000-74822412f000 rw-p 00000000 00:00 0 
74822412f000-748224133000 ---p 00000000 00:00 0 
748224133000-74822422f000 rw-p 00000000 00:00 0 
74822422f000-748224233000 ---p 00000000 00:00 0 
748224233000-74822432f000 rw-p 00000000 00:00 0 
74822432f000-748224334000 r--p 00000000 fc:01 15864252                   /usr/lib/jvm/java-21-openjdk-amd64/lib/libjsvml.so
748224334000-748224375000 r-xp 00005000 fc:01 15864252                   /usr/lib/jvm/java-21-openjdk-amd64/lib/libjsvml.so
748224375000-7482243fe000 r--p 00046000 fc:01 15864252                   /usr/lib/jvm/java-21-openjdk-amd64/lib/libjsvml.so
7482243fe000-7482243ff000 r--p 000ce000 fc:01 15864252                   /usr/lib/jvm/java-21-openjdk-amd64/lib/libjsvml.so
7482243ff000-748224400000 rw-p 000cf000 fc:01 15864252                   /usr/lib/jvm/java-21-openjdk-amd64/lib/libjsvml.so
748224400000-748224404000 ---p 00000000 00:00 0 
748224404000-748224500000 rw-p 00000000 00:00 0 
748224500000-748224504000 ---p 00000000 00:00 0 
748224504000-748224600000 rw-p 00000000 00:00 0 
748224600000-748224b66000 r--p 00000000 fc:01 14422733                   /usr/lib/locale/locale-archive
748224b66000-748224b69000 rw-p 00000000 00:00 0 
748224b69000-748224b6a000 r--p 00000000 fc:01 14434004                   /usr/lib/x86_64-linux-gnu/libxshmfence.so.1.0.0
748224b6a000-748224b6b000 r-xp 00001000 fc:01 14434004                   /usr/lib/x86_64-linux-gnu/libxshmfence.so.1.0.0
748224b6b000-748224b6c000 r--p 00002000 fc:01 14434004                   /usr/lib/x86_64-linux-gnu/libxshmfence.so.1.0.0
748224b6c000-748224b6d000 r--p 00002000 fc:01 14434004                   /usr/lib/x86_64-linux-gnu/libxshmfence.so.1.0.0
748224b6d000-748224b6e000 rw-p 00003000 fc:01 14434004                   /usr/lib/x86_64-linux-gnu/libxshmfence.so.1.0.0
748224b6e000-748224b71000 r--p 00000000 fc:01 14433990                   /usr/lib/x86_64-linux-gnu/libxcb-xfixes.so.0.0.0
748224b71000-748224b74000 r-xp 00003000 fc:01 14433990                   /usr/lib/x86_64-linux-gnu/libxcb-xfixes.so.0.0.0
748224b74000-748224b76000 r--p 00006000 fc:01 14433990                   /usr/lib/x86_64-linux-gnu/libxcb-xfixes.so.0.0.0
748224b76000-748224b77000 r--p 00007000 fc:01 14433990                   /usr/lib/x86_64-linux-gnu/libxcb-xfixes.so.0.0.0
748224b77000-748224b78000 rw-p 00008000 fc:01 14433990                   /usr/lib/x86_64-linux-gnu/libxcb-xfixes.so.0.0.0
748224b78000-748224b79000 r--p 00000000 fc:01 14433981                   /usr/lib/x86_64-linux-gnu/libxcb-present.so.0.0.0
748224b79000-748224b7a000 r-xp 00001000 fc:01 14433981                   /usr/lib/x86_64-linux-gnu/libxcb-present.so.0.0.0
748224b7a000-748224b7b000 r--p 00002000 fc:01 14433981                   /usr/lib/x86_64-linux-gnu/libxcb-present.so.0.0.0
748224b7b000-748224b7c000 r--p 00002000 fc:01 14433981                   /usr/lib/x86_64-linux-gnu/libxcb-present.so.0.0.0
748224b7c000-748224b7d000 rw-p 00003000 fc:01 14433981                   /usr/lib/x86_64-linux-gnu/libxcb-present.so.0.0.0
748224b7d000-748224b82000 r--p 00000000 fc:01 14418436                   /usr/lib/x86_64-linux-gnu/libdrm.so.2.125.0
748224b82000-748224b8e000 r-xp 00005000 fc:01 14418436                   /usr/lib/x86_64-linux-gnu/libdrm.so.2.125.0
748224b8e000-748224b92000 r--p 00011000 fc:01 14418436                   /usr/lib/x86_64-linux-gnu/libdrm.so.2.125.0
748224b92000-748224b93000 r--p 00015000 fc:01 14418436                   /usr/lib/x86_64-linux-gnu/libdrm.so.2.125.0
748224b93000-748224b94000 rw-p 00016000 fc:01 14418436                   /usr/lib/x86_64-linux-gnu/libdrm.so.2.125.0
748224b94000-748224b9f000 r--p 00000000 fc:01 14420477                   /usr/lib/x86_64-linux-gnu/libGLX_mesa.so.0.0.0
748224b9f000-748224bcc000 r-xp 0000b000 fc:01 14420477                   /usr/lib/x86_64-linux-gnu/libGLX_mesa.so.0.0.0
748224bcc000-748224bdb000 r--p 00038000 fc:01 14420477                   /usr/lib/x86_64-linux-gnu/libGLX_mesa.so.0.0.0
748224bdb000-748224bde000 r--p 00047000 fc:01 14420477                   /usr/lib/x86_64-linux-gnu/libGLX_mesa.so.0.0.0
748224bde000-748224bdf000 rw-p 0004a000 fc:01 14420477                   /usr/lib/x86_64-linux-gnu/libGLX_mesa.so.0.0.0
748224bdf000-748224ce0000 rw-p 00000000 00:00 0 
748224ce0000-748224e38000 ---p 00000000 00:00 0 
748224e38000-748224e68000 rw-p 00000000 00:00 0 
748224e68000-748224f98000 ---p 00000000 00:00 0 
748224f98000-748224fa8000 rw-p 00000000 00:00 0 
748224fa8000-7482287e0000 ---p 00000000 00:00 0 
7482287e0000-748228800000 rw-p 00000000 00:00 0 
748228800000-748229680000 rwxp 00000000 00:00 0 
748229680000-74822fd37000 ---p 00000000 00:00 0 
74822fd37000-74822ffa7000 rwxp 00000000 00:00 0 
74822ffa7000-7482302c9000 ---p 00000000 00:00 0 
7482302c9000-7482306e9000 rwxp 00000000 00:00 0 
7482306e9000-748237800000 ---p 00000000 00:00 0 
748237800000-74823fe51000 r--s 00000000 fc:01 15864273                   /usr/lib/jvm/java-21-openjdk-amd64/lib/modules
74823fe51000-74823fe52000 rw-p 00000000 00:00 0 
74823fe52000-74823fe54000 r--p 00000000 fc:01 14433976                   /usr/lib/x86_64-linux-gnu/libxcb-dri3.so.0.1.0
74823fe54000-74823fe56000 r-xp 00002000 fc:01 14433976                   /usr/lib/x86_64-linux-gnu/libxcb-dri3.so.0.1.0
74823fe56000-74823fe57000 r--p 00004000 fc:01 14433976                   /usr/lib/x86_64-linux-gnu/libxcb-dri3.so.0.1.0
74823fe57000-74823fe58000 r--p 00004000 fc:01 14433976                   /usr/lib/x86_64-linux-gnu/libxcb-dri3.so.0.1.0
74823fe58000-74823fe59000 rw-p 00005000 fc:01 14433976                   /usr/lib/x86_64-linux-gnu/libxcb-dri3.so.0.1.0
74823fe59000-74823fe5a000 r--p 00000000 fc:01 14433987                   /usr/lib/x86_64-linux-gnu/libxcb-shm.so.0.0.0
74823fe5a000-74823fe5b000 r-xp 00001000 fc:01 14433987                   /usr/lib/x86_64-linux-gnu/libxcb-shm.so.0.0.0
74823fe5b000-74823fe5c000 r--p 00002000 fc:01 14433987                   /usr/lib/x86_64-linux-gnu/libxcb-shm.so.0.0.0
74823fe5c000-74823fe5d000 r--p 00002000 fc:01 14433987                   /usr/lib/x86_64-linux-gnu/libxcb-shm.so.0.0.0
74823fe5d000-74823fe5e000 rw-p 00003000 fc:01 14433987                   /usr/lib/x86_64-linux-gnu/libxcb-shm.so.0.0.0
74823fe5e000-74823fe5f000 r--p 00000000 fc:01 14433121                   /usr/lib/x86_64-linux-gnu/libX11-xcb.so.1.0.0
74823fe5f000-74823fe60000 r-xp 00001000 fc:01 14433121                   /usr/lib/x86_64-linux-gnu/libX11-xcb.so.1.0.0
74823fe60000-74823fe61000 r--p 00002000 fc:01 14433121                   /usr/lib/x86_64-linux-gnu/libX11-xcb.so.1.0.0
74823fe61000-74823fe62000 r--p 00002000 fc:01 14433121                   /usr/lib/x86_64-linux-gnu/libX11-xcb.so.1.0.0
74823fe62000-74823fe63000 rw-p 00003000 fc:01 14433121                   /usr/lib/x86_64-linux-gnu/libX11-xcb.so.1.0.0
74823fe63000-74823fe65000 r--p 00000000 fc:01 14431497                   /usr/lib/x86_64-linux-gnu/libmd.so.0.1.0
74823fe65000-74823fe6e000 r-xp 00002000 fc:01 14431497                   /usr/lib/x86_64-linux-gnu/libmd.so.0.1.0
74823fe6e000-74823fe70000 r--p 0000b000 fc:01 14431497                   /usr/lib/x86_64-linux-gnu/libmd.so.0.1.0
74823fe70000-74823fe71000 r--p 0000c000 fc:01 14431497                   /usr/lib/x86_64-linux-gnu/libmd.so.0.1.0
74823fe71000-74823fe72000 rw-p 0000d000 fc:01 14431497                   /usr/lib/x86_64-linux-gnu/libmd.so.0.1.0
74823fe72000-74823fe76000 r--p 00000000 fc:01 14431884                   /usr/lib/x86_64-linux-gnu/libbsd.so.0.12.1
74823fe76000-74823fe82000 r-xp 00004000 fc:01 14431884                   /usr/lib/x86_64-linux-gnu/libbsd.so.0.12.1
74823fe82000-74823fe85000 r--p 00010000 fc:01 14431884                   /usr/lib/x86_64-linux-gnu/libbsd.so.0.12.1
74823fe85000-74823fe86000 r--p 00012000 fc:01 14431884                   /usr/lib/x86_64-linux-gnu/libbsd.so.0.12.1
74823fe86000-74823fe87000 rw-p 00013000 fc:01 14431884                   /usr/lib/x86_64-linux-gnu/libbsd.so.0.12.1
74823fe87000-74823fe88000 rw-p 00000000 00:00 0 
74823fe88000-74823fe8a000 r--p 00000000 fc:01 14433129                   /usr/lib/x86_64-linux-gnu/libXdmcp.so.6.0.0
74823fe8a000-74823fe8c000 r-xp 00002000 fc:01 14433129                   /usr/lib/x86_64-linux-gnu/libXdmcp.so.6.0.0
74823fe8c000-74823fe8e000 r--p 00004000 fc:01 14433129                   /usr/lib/x86_64-linux-gnu/libXdmcp.so.6.0.0
74823fe8e000-74823fe8f000 r--p 00005000 fc:01 14433129                   /usr/lib/x86_64-linux-gnu/libXdmcp.so.6.0.0
74823fe8f000-74823fe90000 rw-p 00006000 fc:01 14433129                   /usr/lib/x86_64-linux-gnu/libXdmcp.so.6.0.0
74823fe90000-74823fe93000 r--p 00000000 fc:01 14433108                   /usr/lib/x86_64-linux-gnu/libGLX.so.0.0.0
74823fe93000-74823feae000 r-xp 00003000 fc:01 14433108                   /usr/lib/x86_64-linux-gnu/libGLX.so.0.0.0
74823feae000-74823feb1000 r--p 0001e000 fc:01 14433108                   /usr/lib/x86_64-linux-gnu/libGLX.so.0.0.0
74823feb1000-74823feb2000 r--p 00020000 fc:01 14433108                   /usr/lib/x86_64-linux-gnu/libGLX.so.0.0.0
74823feb2000-74823feb3000 rw-p 00021000 fc:01 14433108                   /usr/lib/x86_64-linux-gnu/libGLX.so.0.0.0
74823feb3000-74823fec3000 rw-p 00000000 00:00 0 
74823fec3000-74823fec7000 r--p 00000000 fc:01 14433130                   /usr/lib/x86_64-linux-gnu/libXext.so.6.4.0
74823fec7000-74823fed2000 r-xp 00004000 fc:01 14433130                   /usr/lib/x86_64-linux-gnu/libXext.so.6.4.0
74823fed2000-74823fed5000 r--p 0000f000 fc:01 14433130                   /usr/lib/x86_64-linux-gnu/libXext.so.6.4.0
74823fed5000-74823fed6000 r--p 00011000 fc:01 14433130                   /usr/lib/x86_64-linux-gnu/libXext.so.6.4.0
74823fed6000-74823fed7000 rw-p 00012000 fc:01 14433130                   /usr/lib/x86_64-linux-gnu/libXext.so.6.4.0
74823fed7000-74823fee2000 r--p 00000000 fc:01 14433993                   /usr/lib/x86_64-linux-gnu/libxcb.so.1.1.0
74823fee2000-74823fef5000 r-xp 0000b000 fc:01 14433993                   /usr/lib/x86_64-linux-gnu/libxcb.so.1.1.0
74823fef5000-74823fefe000 r--p 0001e000 fc:01 14433993                   /usr/lib/x86_64-linux-gnu/libxcb.so.1.1.0
74823fefe000-74823feff000 r--p 00026000 fc:01 14433993                   /usr/lib/x86_64-linux-gnu/libxcb.so.1.1.0
74823feff000-74823ff00000 rw-p 00027000 fc:01 14433993                   /usr/lib/x86_64-linux-gnu/libxcb.so.1.1.0
74823ff00000-74823ff04000 ---p 00000000 00:00 0 
74823ff04000-748240000000 rw-p 00000000 00:00 0 
748240000000-7482407f2000 rw-p 00000000 00:00 0 
7482407f2000-748244000000 ---p 00000000 00:00 0 
748244000000-748244001000 r-xp 00000000 fc:01 11796672                   /tmp/0TPiLG (deleted)
748244001000-748244002000 rw-p 00000000 00:00 0 
748244002000-748244003000 r--p 00000000 00:00 0 
748244003000-748244046000 r--p 00000000 fc:01 14433101                   /usr/lib/x86_64-linux-gnu/libGL.so.1.7.0
748244046000-748244066000 r-xp 00043000 fc:01 14433101                   /usr/lib/x86_64-linux-gnu/libGL.so.1.7.0
748244066000-74824407a000 r--p 00063000 fc:01 14433101                   /usr/lib/x86_64-linux-gnu/libGL.so.1.7.0
74824407a000-748244088000 r--p 00077000 fc:01 14433101                   /usr/lib/x86_64-linux-gnu/libGL.so.1.7.0
748244088000-748244089000 rw-p 00085000 fc:01 14433101                   /usr/lib/x86_64-linux-gnu/libGL.so.1.7.0
748244089000-74824408a000 rw-p 00000000 00:00 0 
74824408a000-74824408e000 ---p 00000000 00:00 0 
74824408e000-74824418a000 rw-p 00000000 00:00 0 
74824418a000-74824418e000 ---p 00000000 00:00 0 
74824418e000-74824428a000 rw-p 00000000 00:00 0 
74824428a000-74824428e000 ---p 00000000 00:00 0 
74824428e000-74824438a000 rw-p 00000000 00:00 0 
74824438a000-74824438e000 ---p 00000000 00:00 0 
74824438e000-74824448a000 rw-p 00000000 00:00 0 
74824448a000-74824448b000 ---p 00000000 00:00 0 
74824448b000-74824458b000 rw-p 00000000 00:00 0 
74824458b000-74824458c000 ---p 00000000 00:00 0 
74824458c000-74824468c000 rw-p 00000000 00:00 0 
74824468c000-74824470d000 rw-p 00000000 00:00 0 
74824470d000-74824470e000 ---p 00000000 00:00 0 
74824470e000-74824480e000 rw-p 00000000 00:00 0 
74824480e000-74824480f000 ---p 00000000 00:00 0 
74824480f000-74824490f000 rw-p 00000000 00:00 0 
74824490f000-748245117000 rw-p 00000000 00:00 0 
748245117000-748245118000 ---p 00000000 00:00 0 
748245118000-748245218000 rw-p 00000000 00:00 0 
748245218000-748245219000 ---p 00000000 00:00 0 
748245219000-748245319000 rw-p 00000000 00:00 0 
748245319000-74824531a000 ---p 00000000 00:00 0 
74824531a000-74824541a000 rw-p 00000000 00:00 0 
74824541a000-74824543a000 rw-p 00000000 00:00 0 
74824543a000-748245465000 ---p 00000000 00:00 0 
748245465000-74824546b000 rw-p 00000000 00:00 0 
74824546b000-748245491000 ---p 00000000 00:00 0 
748245491000-748245493000 rw-p 00000000 00:00 0 
748245493000-748245b9a000 ---p 00000000 00:00 0 
748245b9a000-748245bbe000 rw-p 00000000 00:00 0 
748245bbe000-748245be9000 ---p 00000000 00:00 0 
748245be9000-748245bef000 rw-p 00000000 00:00 0 
748245bef000-748245c15000 ---p 00000000 00:00 0 
748245c15000-748245c17000 rw-p 00000000 00:00 0 
748245c17000-74824631e000 ---p 00000000 00:00 0 
74824631e000-748246b33000 rw-p 00000000 00:00 0 
748246b33000-748246c15000 ---p 00000000 00:00 0 
748246c15000-748246c32000 rw-p 00000000 00:00 0 
748246c32000-748246d00000 ---p 00000000 00:00 0 
748246d00000-748246d04000 ---p 00000000 00:00 0 
748246d04000-748246e00000 rw-p 00000000 00:00 0 
748246e00000-748246e9d000 r--p 00000000 fc:01 14423795                   /usr/lib/x86_64-linux-gnu/libstdc++.so.6.0.33
748246e9d000-748246fe5000 r-xp 0009d000 fc:01 14423795                   /usr/lib/x86_64-linux-gnu/libstdc++.so.6.0.33
748246fe5000-74824706c000 r--p 001e5000 fc:01 14423795                   /usr/lib/x86_64-linux-gnu/libstdc++.so.6.0.33
74824706c000-748247077000 r--p 0026b000 fc:01 14423795                   /usr/lib/x86_64-linux-gnu/libstdc++.so.6.0.33
748247077000-74824707a000 rw-p 00276000 fc:01 14423795                   /usr/lib/x86_64-linux-gnu/libstdc++.so.6.0.33
74824707a000-74824707e000 rw-p 00000000 00:00 0 
74824707e000-74824707f000 rw-s 00000000 00:01 15406                      /memfd:xshmfence (deleted)
74824707f000-748247080000 rw-s 10461e000 00:11 1064                      anon_inode:i915.gem
748247080000-748247081000 r--p 00000000 fc:01 14433124                   /usr/lib/x86_64-linux-gnu/libXau.so.6.0.0
748247081000-748247083000 r-xp 00001000 fc:01 14433124                   /usr/lib/x86_64-linux-gnu/libXau.so.6.0.0
748247083000-748247084000 r--p 00003000 fc:01 14433124                   /usr/lib/x86_64-linux-gnu/libXau.so.6.0.0
748247084000-748247085000 r--p 00003000 fc:01 14433124                   /usr/lib/x86_64-linux-gnu/libXau.so.6.0.0
748247085000-748247086000 rw-p 00004000 fc:01 14433124                   /usr/lib/x86_64-linux-gnu/libXau.so.6.0.0
748247086000-748247087000 r--s 00000000 00:52 266                        /run/user/1001/dconf/user
748247087000-748247088000 r--p 00000000 fc:01 14705533                   /usr/share/locale-langpack/fr/LC_MESSAGES/at-spi2-core.mo
748247088000-748247089000 r-xp 00000000 fc:01 26232206                   /home/bloch/.openjfx/cache/21+31/amd64/libglass.so
748247089000-74824708a000 ---p 00001000 fc:01 26232206                   /home/bloch/.openjfx/cache/21+31/amd64/libglass.so
74824708a000-74824708b000 r--p 00001000 fc:01 26232206                   /home/bloch/.openjfx/cache/21+31/amd64/libglass.so
74824708b000-74824708c000 rw-p 00002000 fc:01 26232206                   /home/bloch/.openjfx/cache/21+31/amd64/libglass.so
74824708c000-74824709c000 rw-s 1025a2000 00:11 1064                      anon_inode:i915.gem
74824709c000-7482470a3000 r--s 00000000 fc:01 14449092                   /usr/lib/x86_64-linux-gnu/gconv/gconv-modules.cache
7482470a3000-7482470af000 r-xp 00000000 fc:01 26232205                   /home/bloch/.openjfx/cache/21+31/amd64/libprism_es2.so
7482470af000-7482470b0000 r--p 0000b000 fc:01 26232205                   /home/bloch/.openjfx/cache/21+31/amd64/libprism_es2.so
7482470b0000-7482470b1000 rw-p 0000c000 fc:01 26232205                   /home/bloch/.openjfx/cache/21+31/amd64/libprism_es2.so
7482470b1000-7482470b3000 r--p 00000000 fc:01 15864271                   /usr/lib/jvm/java-21-openjdk-amd64/lib/libzip.so
7482470b3000-7482470b8000 r-xp 00002000 fc:01 15864271                   /usr/lib/jvm/java-21-openjdk-amd64/lib/libzip.so
7482470b8000-7482470ba000 r--p 00007000 fc:01 15864271                   /usr/lib/jvm/java-21-openjdk-amd64/lib/libzip.so
7482470ba000-7482470bb000 r--p 00008000 fc:01 15864271                   /usr/lib/jvm/java-21-openjdk-amd64/lib/libzip.so
7482470bb000-7482470bc000 rw-p 00009000 fc:01 15864271                   /usr/lib/jvm/java-21-openjdk-amd64/lib/libzip.so
7482470bc000-748247117000 rw-p 00000000 00:00 0 
748247117000-748247127000 r--p 00000000 fc:01 14449273                   /usr/lib/x86_64-linux-gnu/libm.so.6
748247127000-7482471a6000 r-xp 00010000 fc:01 14449273                   /usr/lib/x86_64-linux-gnu/libm.so.6
7482471a6000-7482471fe000 r--p 0008f000 fc:01 14449273                   /usr/lib/x86_64-linux-gnu/libm.so.6
7482471fe000-7482471ff000 r--p 000e7000 fc:01 14449273                   /usr/lib/x86_64-linux-gnu/libm.so.6
7482471ff000-748247200000 rw-p 000e8000 fc:01 14449273                   /usr/lib/x86_64-linux-gnu/libm.so.6
748247200000-7482474a2000 r--p 00000000 fc:01 15864279                   /usr/lib/jvm/java-21-openjdk-amd64/lib/server/libjvm.so
7482474a2000-748248319000 r-xp 002a2000 fc:01 15864279                   /usr/lib/jvm/java-21-openjdk-amd64/lib/server/libjvm.so
748248319000-7482485f4000 r--p 01119000 fc:01 15864279                   /usr/lib/jvm/java-21-openjdk-amd64/lib/server/libjvm.so
7482485f4000-7482486c8000 r--p 013f3000 fc:01 15864279                   /usr/lib/jvm/java-21-openjdk-amd64/lib/server/libjvm.so
7482486c8000-7482486f8000 rw-p 014c7000 fc:01 15864279                   /usr/lib/jvm/java-21-openjdk-amd64/lib/server/libjvm.so
7482486f8000-74824875e000 rw-p 00000000 00:00 0 
74824875e000-748248761000 r--p 00000000 fc:01 15864261                   /usr/lib/jvm/java-21-openjdk-amd64/lib/libnet.so
748248761000-748248769000 r-xp 00003000 fc:01 15864261                   /usr/lib/jvm/java-21-openjdk-amd64/lib/libnet.so
748248769000-74824876b000 r--p 0000b000 fc:01 15864261                   /usr/lib/jvm/java-21-openjdk-amd64/lib/libnet.so
74824876b000-74824876c000 r--p 0000c000 fc:01 15864261                   /usr/lib/jvm/java-21-openjdk-amd64/lib/libnet.so
74824876c000-74824876d000 rw-p 0000d000 fc:01 15864261                   /usr/lib/jvm/java-21-openjdk-amd64/lib/libnet.so
74824876d000-748248774000 r--p 00000000 fc:01 15864262                   /usr/lib/jvm/java-21-openjdk-amd64/lib/libnio.so
748248774000-74824877d000 r-xp 00007000 fc:01 15864262                   /usr/lib/jvm/java-21-openjdk-amd64/lib/libnio.so
74824877d000-748248781000 r--p 00010000 fc:01 15864262                   /usr/lib/jvm/java-21-openjdk-amd64/lib/libnio.so
748248781000-748248782000 r--p 00014000 fc:01 15864262                   /usr/lib/jvm/java-21-openjdk-amd64/lib/libnio.so
748248782000-748248783000 rw-p 00015000 fc:01 15864262                   /usr/lib/jvm/java-21-openjdk-amd64/lib/libnio.so
748248783000-748248800000 rw-p 00000000 00:00 0 
748248800000-748248828000 r--p 00000000 fc:01 14449209                   /usr/lib/x86_64-linux-gnu/libc.so.6
748248828000-7482489b0000 r-xp 00028000 fc:01 14449209                   /usr/lib/x86_64-linux-gnu/libc.so.6
7482489b0000-7482489ff000 r--p 001b0000 fc:01 14449209                   /usr/lib/x86_64-linux-gnu/libc.so.6
7482489ff000-748248a03000 r--p 001fe000 fc:01 14449209                   /usr/lib/x86_64-linux-gnu/libc.so.6
748248a03000-748248a05000 rw-p 00202000 fc:01 14449209                   /usr/lib/x86_64-linux-gnu/libc.so.6
748248a05000-748248a12000 rw-p 00000000 00:00 0 
748248a12000-748248a13000 rw-s 10461d000 00:11 1064                      anon_inode:i915.gem
748248a13000-748248a59000 rw-p 00000000 00:00 0 
748248a59000-748248a60000 ---p 00000000 00:00 0 
748248a60000-748248a6d000 r--p 00000000 fc:01 15864244                   /usr/lib/jvm/java-21-openjdk-amd64/lib/libjava.so
748248a6d000-748248a7c000 r-xp 0000d000 fc:01 15864244                   /usr/lib/jvm/java-21-openjdk-amd64/lib/libjava.so
748248a7c000-748248a81000 r--p 0001c000 fc:01 15864244                   /usr/lib/jvm/java-21-openjdk-amd64/lib/libjava.so
748248a81000-748248a82000 r--p 00021000 fc:01 15864244                   /usr/lib/jvm/java-21-openjdk-amd64/lib/libjava.so
748248a82000-748248a83000 rw-p 00022000 fc:01 15864244                   /usr/lib/jvm/java-21-openjdk-amd64/lib/libjava.so
748248a83000-748248a84000 rw-p 00000000 00:00 0 
748248a84000-748248a88000 r--p 00000000 fc:01 14426751                   /usr/lib/x86_64-linux-gnu/libgcc_s.so.1
748248a88000-748248aac000 r-xp 00004000 fc:01 14426751                   /usr/lib/x86_64-linux-gnu/libgcc_s.so.1
748248aac000-748248ab0000 r--p 00028000 fc:01 14426751                   /usr/lib/x86_64-linux-gnu/libgcc_s.so.1
748248ab0000-748248ab1000 r--p 0002b000 fc:01 14426751                   /usr/lib/x86_64-linux-gnu/libgcc_s.so.1
748248ab1000-748248ab2000 rw-p 0002c000 fc:01 14426751                   /usr/lib/x86_64-linux-gnu/libgcc_s.so.1
748248ab2000-748248ab4000 rw-p 00000000 00:00 0 
748248ab4000-748248ab6000 r--p 00000000 fc:01 15864249                   /usr/lib/jvm/java-21-openjdk-amd64/lib/libjli.so
748248ab6000-748248ac0000 r-xp 00002000 fc:01 15864249                   /usr/lib/jvm/java-21-openjdk-amd64/lib/libjli.so
748248ac0000-748248ac3000 r--p 0000c000 fc:01 15864249                   /usr/lib/jvm/java-21-openjdk-amd64/lib/libjli.so
748248ac3000-748248ac4000 r--p 0000f000 fc:01 15864249                   /usr/lib/jvm/java-21-openjdk-amd64/lib/libjli.so
748248ac4000-748248ac5000 rw-p 00010000 fc:01 15864249                   /usr/lib/jvm/java-21-openjdk-amd64/lib/libjli.so
748248ac5000-748248ac7000 r--p 00000000 fc:01 14434011                   /usr/lib/x86_64-linux-gnu/libz.so.1.3
748248ac7000-748248ad9000 r-xp 00002000 fc:01 14434011                   /usr/lib/x86_64-linux-gnu/libz.so.1.3
748248ad9000-748248adf000 r--p 00014000 fc:01 14434011                   /usr/lib/x86_64-linux-gnu/libz.so.1.3
748248adf000-748248ae0000 r--p 0001a000 fc:01 14434011                   /usr/lib/x86_64-linux-gnu/libz.so.1.3
748248ae0000-748248ae1000 rw-p 0001b000 fc:01 14434011                   /usr/lib/x86_64-linux-gnu/libz.so.1.3
748248ae1000-748248ae2000 rw-s 10090e000 00:11 1064                      anon_inode:i915.gem
748248ae2000-748248ae3000 rw-s 103349000 00:11 1064                      anon_inode:i915.gem
748248ae3000-748248ae4000 rw-s 1008ef000 00:11 1064                      anon_inode:i915.gem
748248ae4000-748248ae5000 r--p 00000000 fc:01 14433148                   /usr/lib/x86_64-linux-gnu/libXxf86vm.so.1.0.0
748248ae5000-748248ae8000 r-xp 00001000 fc:01 14433148                   /usr/lib/x86_64-linux-gnu/libXxf86vm.so.1.0.0
748248ae8000-748248ae9000 r--p 00004000 fc:01 14433148                   /usr/lib/x86_64-linux-gnu/libXxf86vm.so.1.0.0
748248ae9000-748248aea000 r--p 00004000 fc:01 14433148                   /usr/lib/x86_64-linux-gnu/libXxf86vm.so.1.0.0
748248aea000-748248aeb000 rw-p 00005000 fc:01 14433148                   /usr/lib/x86_64-linux-gnu/libXxf86vm.so.1.0.0
748248aeb000-748248af3000 rw-s 00000000 fc:01 11796670                   /tmp/hsperfdata_bloch/16816
748248af3000-748248af4000 ---p 00000000 00:00 0 
748248af4000-748248af5000 r--p 00000000 00:00 0 
748248af5000-748248af6000 ---p 00000000 00:00 0 
748248af6000-748248af8000 r--p 00000000 fc:01 15864248                   /usr/lib/jvm/java-21-openjdk-amd64/lib/libjimage.so
748248af8000-748248afb000 r-xp 00002000 fc:01 15864248                   /usr/lib/jvm/java-21-openjdk-amd64/lib/libjimage.so
748248afb000-748248afc000 r--p 00005000 fc:01 15864248                   /usr/lib/jvm/java-21-openjdk-amd64/lib/libjimage.so
748248afc000-748248afd000 r--p 00006000 fc:01 15864248                   /usr/lib/jvm/java-21-openjdk-amd64/lib/libjimage.so
748248afd000-748248afe000 rw-p 00007000 fc:01 15864248                   /usr/lib/jvm/java-21-openjdk-amd64/lib/libjimage.so
748248afe000-748248b00000 rw-p 00000000 00:00 0 
748248b00000-748248b04000 r--p 00000000 00:00 0                          [vvar]
748248b04000-748248b06000 r--p 00000000 00:00 0                          [vvar_vclock]
748248b06000-748248b08000 r-xp 00000000 00:00 0                          [vdso]
748248b08000-748248b09000 r--p 00000000 fc:01 14449192                   /usr/lib/x86_64-linux-gnu/ld-linux-x86-64.so.2
748248b09000-748248b34000 r-xp 00001000 fc:01 14449192                   /usr/lib/x86_64-linux-gnu/ld-linux-x86-64.so.2
748248b34000-748248b3e000 r--p 0002c000 fc:01 14449192                   /usr/lib/x86_64-linux-gnu/ld-linux-x86-64.so.2
748248b3e000-748248b40000 r--p 00036000 fc:01 14449192                   /usr/lib/x86_64-linux-gnu/ld-linux-x86-64.so.2
748248b40000-748248b42000 rw-p 00038000 fc:01 14449192                   /usr/lib/x86_64-linux-gnu/ld-linux-x86-64.so.2
7ffd999ef000-7ffd99a11000 rw-p 00000000 00:00 0                          [stack]
ffffffffff600000-ffffffffff601000 --xp 00000000 00:00 0                  [vsyscall]
Total number of mappings: 1376

JVMTI agents: none


VM Arguments:
jvm_args: -Djdk.gtk.version=3 --add-modules=javafx.controls,javafx.fxml,javafx.media --module-path=/home/bloch/.gradle/caches/modules-2/files-2.1/org.openjfx/javafx-fxml/21/b750203c47c36fec228b9573782f960464d01ca8/javafx-fxml-21-linux.jar:/home/bloch/.gradle/caches/modules-2/files-2.1/org.openjfx/javafx-controls/21/db6e8350bc0dbf96d19adb38e93d6126b4e2f052/javafx-controls-21-linux.jar:/home/bloch/.gradle/caches/modules-2/files-2.1/org.openjfx/javafx-media/21/315b8fbe3a887e0a615320c123a7d39995557d0a/javafx-media-21-linux.jar:/home/bloch/.gradle/caches/modules-2/files-2.1/org.openjfx/javafx-graphics/21/a734e04a70edc6b76f3628e88ca097513560ab17/javafx-graphics-21-linux.jar:/home/bloch/.gradle/caches/modules-2/files-2.1/org.openjfx/javafx-base/21/c1ad0fb1259de26d47a7184ebf40bc6bb88e753f/javafx-base-21-linux.jar --add-modules=javafx.controls,javafx.fxml,javafx.media -Dfile.encoding=UTF-8 -Duser.country=FR -Duser.language=fr -Duser.variant 
java_command: com.luciferc137.cmp.MainApp
java_class_path (initial): /home/bloch/Documents/P/cmp/build/classes/java/main:/home/bloch/Documents/P/cmp/build/resources/main:/home/bloch/.gradle/caches/modules-2/files-2.1/org.xerial/sqlite-jdbc/3.45.1.0/7cd66c2793e4d9511f6da8fc6c621575171c2da1/sqlite-jdbc-3.45.1.0.jar:/home/bloch/.gradle/caches/modules-2/files-2.1/org.jetbrains/annotations/24.0.1/13c5c75c4206580aa4d683bffee658caae6c9f43/annotations-24.0.1.jar:/home/bloch/.gradle/caches/modules-2/files-2.1/com.google.code.gson/gson/2.10.1/b3add478d4382b78ea20b1671390a858002feb6c/gson-2.10.1.jar:/home/bloch/.gradle/caches/modules-2/files-2.1/uk.co.caprica/vlcj/4.8.2/985a60dfc18fcbac09266a3956cc61f80062e6a3/vlcj-4.8.2.jar:/home/bloch/.gradle/caches/modules-2/files-2.1/com.googlecode.soundlibs/mp3spi/1.9.5.4/3bdf9ffd65c157daec8735e127c3705513bd384d/mp3spi-1.9.5.4.jar:/home/bloch/.gradle/caches/modules-2/files-2.1/com.googlecode.soundlibs/jlayer/1.0.1.4/b8df07ad72b482f7d6e6dee7fed669385e8dd92f/jlayer-1.0.1.4.jar:/home/bloch/.gradle/caches/modules-2/files-2.1/com.googlecode.soundlibs/tritonus-share/0.3.7.4/bdddc55194f9cf7b970dd5f3affcbacb88342b0b/tritonus-share-0.3.7.4.jar:/home/bloch/.gradle/caches/modules-2/files-2.1/net.jthink/jaudiotagger/3.0.1/ca3075f6bd92da24daf853651adc8852ecccb999/jaudiotagger-3.0.1.jar:/home/bloch/.gradle/caches/modules-2/files-2.1/org.slf4j/slf4j-simple/2.0.9/6367825de95d8885aae056afa793f25a76a84b7d/slf4j-simple-2.0.9.jar:/home/bloch/.gradle/caches/modules-2/files-2.1/com.github.kwhat/jnativehook/2.2.2/183dd1fb8927b008761802bb402629d5749b15d0/jnativehook-2.2.2.jar:/home/bloch/.gradle/caches/modules-2/files-2.1/org.slf4j/slf4j-api/2.0.9/7cf2726fdcfbc8610f9a71fb3ed639871f315340/slf4j-api-2.0.9.jar:/home/bloch/.gradle/caches/modules-2/files-2.1/uk.co.caprica/vlcj-natives/4.8.1/93be7a26a6f56467163e7be9813f004c68137b13/vlcj-natives-4.8.1.jar:/home/bloch/.gradle/caches/modules-2/files-2.1/junit/junit/3.8.2/7e4cde26b53a9a0e3fe5b00d1dbbc7cc1d46060/junit-3.8.2.jar:/home/bloch/.gradle/caches/modules-2/files-2.1/net.java.dev.jna/jna-platform-jpms/5.12.1/dd5c97cb2b74e2f85b708745a8c6127317b023f1/jna-platform-jpms-5.12.1.jar:/home/bloch/.gradle/caches/modules-2/files-2.1/net.java.dev.jna/jna-jpms/5.12.1/3e4c58e97eb819867d9b8d7a3a6005b9cd9987f7/jna-jpms-5.12.1.jar
Launcher Type: SUN_STANDARD

[Global flags]
     intx CICompilerCount                          = 4                                         {product} {ergonomic}
     uint ConcGCThreads                            = 2                                         {product} {ergonomic}
     uint G1ConcRefinementThreads                  = 8                                         {product} {ergonomic}
   size_t G1HeapRegionSize                         = 2097152                                   {product} {ergonomic}
    uintx GCDrainStackTargetSize                   = 64                                        {product} {ergonomic}
   size_t InitialHeapSize                          = 253755392                                 {product} {ergonomic}
   size_t MarkStackSize                            = 4194304                                   {product} {ergonomic}
   size_t MaxHeapSize                              = 4034920448                                {product} {ergonomic}
   size_t MaxNewSize                               = 2420113408                                {product} {ergonomic}
   size_t MinHeapDeltaBytes                        = 2097152                                   {product} {ergonomic}
   size_t MinHeapSize                              = 8388608                                   {product} {ergonomic}
    uintx NonNMethodCodeHeapSize                   = 5839372                                {pd product} {ergonomic}
    uintx NonProfiledCodeHeapSize                  = 122909434                              {pd product} {ergonomic}
    uintx ProfiledCodeHeapSize                     = 122909434                              {pd product} {ergonomic}
    uintx ReservedCodeCacheSize                    = 251658240                              {pd product} {ergonomic}
     bool SegmentedCodeCache                       = true                                      {product} {ergonomic}
   size_t SoftMaxHeapSize                          = 4034920448                             {manageable} {ergonomic}
     bool UseCompressedOops                        = true                           {product lp64_product} {ergonomic}
     bool UseG1GC                                  = true                                      {product} {ergonomic}

Logging:
Log output configuration:
 #0: stdout all=warning uptime,level,tags foldmultilines=false
 #1: stderr all=off uptime,level,tags foldmultilines=false

Release file:
IMPLEMENTOR="Ubuntu"
JAVA_RUNTIME_VERSION="21.0.11+10-1-24.04.2-Ubuntu"
JAVA_VERSION="21.0.11"
JAVA_VERSION_DATE="2026-04-21"
LIBC="gnu"
MODULES="java.base java.compiler java.datatransfer java.xml java.prefs java.desktop java.instrument java.logging java.management java.security.sasl java.naming java.rmi java.management.rmi java.net.http java.scripting java.security.jgss java.transaction.xa java.sql java.sql.rowset java.xml.crypto java.se java.smartcardio jdk.accessibility jdk.internal.jvmstat jdk.attach jdk.charsets jdk.internal.opt jdk.zipfs jdk.compiler jdk.crypto.ec jdk.crypto.cryptoki jdk.dynalink jdk.internal.ed jdk.editpad jdk.hotspot.agent jdk.httpserver jdk.incubator.vector jdk.internal.le jdk.internal.vm.ci jdk.internal.vm.compiler jdk.internal.vm.compiler.management jdk.jartool jdk.javadoc jdk.jcmd jdk.management jdk.management.agent jdk.jconsole jdk.jdeps jdk.jdwp.agent jdk.jdi jdk.jfr jdk.jlink jdk.jpackage jdk.jshell jdk.jsobject jdk.jstatd jdk.localedata jdk.management.jfr jdk.naming.dns jdk.naming.rmi jdk.net jdk.nio.mapmode jdk.random jdk.sctp jdk.security.auth jdk.security.jgss jdk.unsupported jdk.unsupported.desktop jdk.xml.dom"
OS_ARCH="x86_64"
OS_NAME="Linux"
SOURCE=""

Environment Variables:
PATH=/home/bloch/.local/bin:/usr/local/sbin:/usr/local/bin:/usr/sbin:/usr/bin:/sbin:/bin:/usr/games:/usr/local/games:/snap/bin:/snap/bin
USERNAME=bloch
SHELL=/bin/bash
DISPLAY=:0
WAYLAND_DISPLAY=wayland-0
LANG=fr_FR.UTF-8

Active Locale:
LC_ALL=fr_FR.UTF-8
LC_COLLATE=fr_FR.UTF-8
LC_CTYPE=fr_FR.UTF-8
LC_MESSAGES=fr_FR.UTF-8
LC_MONETARY=fr_FR.UTF-8
LC_NUMERIC=fr_FR.UTF-8
LC_TIME=fr_FR.UTF-8

Signal Handlers:
   SIGSEGV: crash_handler in libjvm.so, mask=11100100010111111101111111111110, flags=SA_RESTART|SA_SIGINFO, unblocked
    SIGBUS: crash_handler in libjvm.so, mask=11100100010111111101111111111110, flags=SA_RESTART|SA_SIGINFO, unblocked
    SIGFPE: crash_handler in libjvm.so, mask=11100100010111111101111111111110, flags=SA_RESTART|SA_SIGINFO, unblocked
   SIGPIPE: SIG_IGN, mask=00000000000010000000000000000000, flags=SA_RESTART, blocked
  *** Handler was modified!
  *** Expected: javaSignalHandler in libjvm.so, mask=11100100110111111111111111111110, flags=SA_RESTART|SA_SIGINFO
   SIGXFSZ: javaSignalHandler in libjvm.so, mask=11100100010111111101111111111110, flags=SA_RESTART|SA_SIGINFO, blocked
    SIGILL: crash_handler in libjvm.so, mask=11100100010111111101111111111110, flags=SA_RESTART|SA_SIGINFO, unblocked
   SIGUSR2: SR_handler in libjvm.so, mask=00000000000000000000000000000000, flags=SA_RESTART|SA_SIGINFO, blocked
    SIGHUP: UserHandler in libjvm.so, mask=11100100010111111101111111111110, flags=SA_RESTART|SA_SIGINFO, blocked
    SIGINT: UserHandler in libjvm.so, mask=11100100010111111101111111111110, flags=SA_RESTART|SA_SIGINFO, blocked
   SIGTERM: UserHandler in libjvm.so, mask=11100100010111111101111111111110, flags=SA_RESTART|SA_SIGINFO, blocked
   SIGQUIT: UserHandler in libjvm.so, mask=11100100010111111101111111111110, flags=SA_RESTART|SA_SIGINFO, blocked
   SIGTRAP: crash_handler in libjvm.so, mask=11100100010111111101111111111110, flags=SA_RESTART|SA_SIGINFO, unblocked


Periodic native trim disabled

---------------  S Y S T E M  ---------------

OS:
DISTRIB_ID=Ubuntu
DISTRIB_RELEASE=24.04
DISTRIB_CODENAME=noble
DISTRIB_DESCRIPTION="Ubuntu 24.04.4 LTS"
uname: Linux 7.0.0-28-generic #28~24.04.1-Ubuntu SMP PREEMPT_DYNAMIC Wed Jul  1 15:50:57 UTC 2 x86_64
OS uptime: 0 days 3:01 hours
libc: glibc 2.39 NPTL 2.39 
rlimit (soft/hard): STACK 8192k/infinity , CORE 0k/infinity , NPROC 54184/54184 , NOFILE 1048576/1048576 , AS infinity/infinity , CPU infinity/infinity , DATA infinity/infinity , FSIZE infinity/infinity , MEMLOCK 1969516k/1969516k
load average: 1,01 0,38 0,58

/proc/meminfo:
MemTotal:       15756152 kB
MemFree:         2480028 kB
MemAvailable:    7200784 kB
Buffers:          323948 kB
Cached:          5228212 kB
SwapCached:            0 kB
Active:         10038524 kB
Inactive:        1704728 kB
Active(anon):    6960012 kB
Inactive(anon):        0 kB
Active(file):    3078512 kB
Inactive(file):  1704728 kB
Unevictable:      699308 kB
Mlocked:              48 kB
SwapTotal:      16777212 kB
SwapFree:       16777212 kB
Zswap:                 0 kB
Zswapped:              0 kB
Dirty:            101184 kB
Writeback:             0 kB
AnonPages:       6890708 kB
Mapped:          2072528 kB
Shmem:            768880 kB
KReclaimable:     280340 kB
Slab:             542264 kB
SReclaimable:     280340 kB
SUnreclaim:       261924 kB
KernelStack:       23024 kB
PageTables:        68740 kB
SecPageTables:      6248 kB
NFS_Unstable:          0 kB
Bounce:                0 kB
WritebackTmp:          0 kB
CommitLimit:    24655288 kB
Committed_AS:   15661324 kB
VmallocTotal:   34359738367 kB
VmallocUsed:       82392 kB
VmallocChunk:          0 kB
Percpu:             9248 kB
HardwareCorrupted:     0 kB
AnonHugePages:         0 kB
ShmemHugePages:   661504 kB
ShmemPmdMapped:        0 kB
FileHugePages:     16384 kB
FilePmdMapped:         0 kB
CmaTotal:              0 kB
CmaFree:          947160 kB
Unaccepted:            0 kB
Balloon:               0 kB
HugePages_Total:       0
HugePages_Free:        0
HugePages_Rsvd:        0
HugePages_Surp:        0
Hugepagesize:       2048 kB
Hugetlb:               0 kB
DirectMap4k:      253708 kB
DirectMap2M:     4368384 kB
DirectMap1G:    12582912 kB

/sys/kernel/mm/transparent_hugepage/enabled: always [madvise] never
/sys/kernel/mm/transparent_hugepage/hpage_pmd_size: 2097152
/sys/kernel/mm/transparent_hugepage/defrag (defrag/compaction efforts parameter): always defer defer+madvise [madvise] never

Process Memory:
Virtual Size: 9793896K (peak: 9796860K)
Resident Set Size: 407396K (peak: 407396K) (anon: 294444K, file: 112944K, shmem: 8K)
Swapped out: 0K
C-Heap outstanding allocations: 110977K, retained: 49750K
glibc malloc tunables: (default)

/proc/sys/kernel/threads-max (system-wide limit on the number of threads): 108368
/proc/sys/vm/max_map_count (maximum number of memory map areas a process may have): 1048576
/proc/sys/vm/swappiness (control to define how aggressively the kernel swaps out anonymous memory): 60
/proc/sys/kernel/pid_max (system-wide limit on number of process identifiers): 4194304

container information not found.
Steal ticks since vm start: 0
Steal ticks percentage since vm start:  0,000

CPU: total 8 (initial active 8) (4 cores per cpu, 2 threads per core) family 6 model 140 stepping 1 microcode 0xbe, cx8, cmov, fxsr, ht, mmx, 3dnowpref, sse, sse2, sse3, ssse3, sse4.1, sse4.2, popcnt, lzcnt, tsc, tscinvbit, avx, avx2, aes, erms, clmul, bmi1, bmi2, adx, avx512f, avx512dq, avx512cd, avx512bw, avx512vl, sha, fma, vzeroupper, avx512_vpopcntdq, avx512_vpclmulqdq, avx512_vaes, avx512_vnni, clflush, clflushopt, clwb, avx512_vbmi2, avx512_vbmi, rdtscp, rdpid, fsrm, gfni, avx512_bitalg, f16c, pku, ospke, cet_ibt, cet_ss, avx512_ifma
CPU Model and flags from /proc/cpuinfo:
model name	: 11th Gen Intel(R) Core(TM) i5-1135G7 @ 2.40GHz
flags		: fpu vme de pse tsc msr pae mce cx8 apic sep mtrr pge mca cmov pat pse36 clflush dts acpi mmx fxsr sse sse2 ss ht tm pbe syscall nx pdpe1gb rdtscp lm constant_tsc art arch_perfmon pebs bts rep_good nopl xtopology nonstop_tsc cpuid aperfmperf tsc_known_freq pni pclmulqdq dtes64 monitor ds_cpl vmx est tm2 ssse3 sdbg fma cx16 xtpr pdcm pcid sse4_1 sse4_2 x2apic movbe popcnt tsc_deadline_timer aes xsave avx f16c rdrand lahf_lm abm 3dnowprefetch cpuid_fault epb cat_l2 cdp_l2 ssbd ibrs ibpb stibp ibrs_enhanced tpr_shadow flexpriority ept vpid ept_ad fsgsbase tsc_adjust bmi1 avx2 smep bmi2 erms invpcid rdt_a avx512f avx512dq rdseed adx smap avx512ifma clflushopt clwb intel_pt avx512cd sha_ni avx512bw avx512vl xsaveopt xsavec xgetbv1 xsaves split_lock_detect user_shstk dtherm ida arat pln pts hwp hwp_notify hwp_act_window hwp_epp hwp_pkg_req vnmi avx512vbmi umip pku ospke avx512_vbmi2 gfni vaes vpclmulqdq avx512_vnni avx512_bitalg avx512_vpopcntdq rdpid movdiri movdir64b fsrm avx512_vp2intersect md_clear ibt flush_l1d arch_capabilities

Online cpus: 0-7
Offline cpus: 
BIOS frequency limitation: <Not Available>
Frequency switch latency (ns): 0
Available cpu frequencies: <Not Available>
Current governor: powersave
Core performance/turbo boost: <Not Available>

Memory: 4k page, physical 15756152k(7200784k free), swap 16777212k(16777212k free)
Page Sizes: 4k

vm_info: OpenJDK 64-Bit Server VM (21.0.11+10-1-24.04.2-Ubuntu) for linux-amd64 JRE (21.0.11+10-1-24.04.2-Ubuntu), built on 2026-04-26T09:33:23Z by "buildd" with gcc 13.3.0

END.
